age,gender,country,daily_usage_hours,primary_platform,num_platforms_used,purpose,avg_session_minutes,night_usage,mental_health_score,addiction_level,screen_time_before_sleep
25,Female,Brazil,2.721397890798817,YouTube,3,Entertainment,17.687304141551575,1,6.4988364516679225,Medium,57.51120051556222
22,Male,Canada,4.2590082666922005,YouTube,2,Socializing,30.053853265657622,1,4.85213970455221,Medium,30.380069387372643
15,Male,India,1.597300043987102,Instagram,1,Content Creation,14.29510860121143,0,8.513620001001662,Low,43.96864155047918
14,Male,Australia,2.9142413624437307,TikTok,5,Socializing,25.444925048677348,0,7.512457446159894,Medium,47.78331253193055
21,Female,India,2.898775532589185,TikTok,5,News,14.967762135412148,0,9.209528619270538,Medium,59.54350506916749
17,Other,Brazil,0.5,TikTok,1,Education,13.794752641058746,1,10.0,Low,31.969658189400715
18,Male,Germany,3.681725104940763,TikTok,5,Entertainment,12.614597281853474,1,6.533130275411825,Medium,58.43169066221705
18,Female,Germany,2.264034845102826,TikTok,3,Entertainment,14.95872243184516,0,9.34634992770852,Low,56.83631799464022
24,Male,Canada,1.5565008677124403,Instagram,4,Education,16.86692682801089,1,8.74782498722963,Low,45.46537518281865
16,Male,Germany,3.8644258770713975,Snapchat,4,Education,32.61807716543542,1,6.885766643025288,Medium,27.355677928723253
14,Male,India,0.8268874611867378,Instagram,1,Socializing,34.71677770515322,1,8.09325868595749,Low,43.56768904657983
25,Male,India,0.5600756277463192,Instagram,3,Socializing,38.430795990319005,0,9.912354580363514,Low,62.70545868688964
19,Other,USA,3.52281792078149,Instagram,5,Socializing,18.071023103343865,1,6.01549599958296,Medium,84.00916771051594
24,Male,India,3.5740366110795145,YouTube,5,Entertainment,44.41908715975456,1,8.082525226117115,Medium,56.79112798182516
24,Female,USA,2.9978087149648465,YouTube,3,Socializing,30.72730294143736,1,8.782479132302894,Medium,52.220543999055806
13,Female,India,3.3746348563834063,TikTok,5,Entertainment,14.137821468261338,0,8.22334991501716,Medium,14.531710677043908
19,Female,USA,3.2023251700687427,Instagram,4,Entertainment,30.65572476912093,1,7.62802311805896,Medium,75.35443708711844
26,Male,India,2.3357630614090548,TikTok,1,Education,25.01444960168082,0,7.496678338307912,Low,60.05077363807808
23,Male,India,3.5859342012775373,YouTube,2,News,20.643145464521645,0,7.402759605990972,Medium,42.88864382029653
24,Female,India,4.031347572408708,Twitter,3,Content Creation,5.128622092454339,0,6.132287702762845,Medium,18.4741534447622
16,Female,USA,4.667240302975038,Instagram,1,Entertainment,33.22461266727095,0,4.941278970177572,Medium,40.8064126293424
22,Female,India,3.893331422643903,Instagram,4,Entertainment,21.944491605202145,0,7.295003289200058,Medium,44.64332488821146
21,Male,Germany,5.831253999233012,TikTok,3,Entertainment,33.177273261317936,1,4.994357064141,High,49.88055779977316
15,Male,Australia,1.7903236254914754,Instagram,3,Socializing,15.446809814290685,0,8.141242165914038,Low,40.67408747422509
20,Male,Canada,1.7775321224086675,Twitter,1,Entertainment,21.481578497076608,0,8.001334779584246,Low,32.30777735849958
27,Male,USA,4.695603878692644,Twitter,2,Entertainment,33.99641995660641,1,6.744639373957163,Medium,22.27603164110085
24,Female,India,3.5100572851468885,YouTube,5,Entertainment,7.391551538469926,0,7.839521539052685,Medium,60.2442873307013
25,Male,Brazil,3.5183773753617444,Instagram,4,Education,25.26361119780388,1,4.686050070777035,Medium,58.01268181727407
27,Other,India,1.4954475984464797,Instagram,4,Socializing,23.925246532999616,0,9.874828394854918,Low,44.19503526182523
27,Male,USA,4.832161357312844,YouTube,4,Socializing,29.34806571311385,0,5.946726960096922,Medium,58.63044954735341
21,Female,Canada,4.145435809178627,TikTok,2,Socializing,5.0,0,7.495198236099211,Medium,76.78439402200902
13,Male,Germany,2.520030042716157,Instagram,3,Education,28.66706683500509,1,7.23616003328372,Medium,60.50430624383012
14,Female,Germany,4.33584080117898,Instagram,5,Socializing,20.13286301923776,0,7.073360416210088,Medium,34.10658143463488
15,Female,Germany,1.4909395939875605,Twitter,1,Socializing,22.79784475952928,1,8.208909019353085,Low,44.23239026739856
19,Male,India,1.783676169840735,Twitter,2,Entertainment,23.25021590945897,1,8.412708229811965,Low,29.038131606167145
15,Male,India,5.691541708868,YouTube,4,Socializing,16.56086795435724,0,5.729223394576724,High,23.96921366471633
26,Male,USA,0.5,Instagram,3,Entertainment,12.371790528663498,0,7.350204000658032,Low,60.90330279660603
16,Female,India,3.87454734031064,YouTube,5,Education,36.40739113826816,0,7.996420636698021,Medium,17.28207720124935
16,Female,India,6.752785454617492,TikTok,3,Education,24.799310806362477,1,4.123302669557953,High,47.58803612480969
13,Female,Germany,6.49536172116322,Instagram,5,Entertainment,42.99641918934951,1,4.674458635913566,High,69.51517681859512
21,Female,Germany,2.5614406320811565,Instagram,4,News,19.548367995003893,1,7.883701232347941,Medium,37.936892341056456
18,Female,USA,4.6979644458650505,YouTube,3,Entertainment,11.194803109416174,1,5.53160524643534,Medium,66.87102898144136
21,Female,Canada,4.83082479905517,Instagram,4,Content Creation,13.98103724684966,0,5.597863134901292,Medium,48.44708156996636
17,Male,Canada,4.349993921900184,TikTok,4,Entertainment,15.60490536873331,1,6.673086252379904,Medium,18.054191343528203
23,Male,USA,3.0175206904616694,YouTube,5,Entertainment,31.19688138957525,1,7.011563073060118,Medium,19.44588493268118
21,Male,USA,0.5,Instagram,3,Entertainment,24.81042375951641,0,8.206924343798422,Low,68.70050577978523
25,Male,Germany,2.590573958801046,Twitter,2,Education,18.086928279932863,1,8.673890301773824,Medium,40.79550337496321
20,Male,Germany,2.5106622571977537,Instagram,2,News,21.308620081272284,0,7.298544592102369,Medium,26.080633632336568
21,Female,USA,1.965553184362478,TikTok,5,Entertainment,7.636839691303436,0,9.40509242942774,Low,37.49350379625108
26,Male,India,3.7529021973920287,YouTube,2,Socializing,21.21422148569805,0,7.06691821109276,Medium,66.6256154412962
20,Male,Canada,5.163110385783039,TikTok,5,Entertainment,12.28497742068387,1,4.292812516832229,High,44.041873202944494
25,Female,USA,0.5,YouTube,1,Content Creation,31.39891177921036,0,9.915258632047731,Low,54.57418264715728
25,Male,Germany,2.3471235359175204,Instagram,4,Socializing,23.28444627565884,1,8.062002099822559,Low,21.30143326752643
15,Female,UK,3.796218804535724,YouTube,1,Socializing,35.40009772906469,0,4.868055243128033,Medium,56.823777804318496
19,Female,Germany,4.374417520378684,TikTok,5,News,25.45916032915973,0,5.798366471706705,Medium,52.86775320740863
21,Female,Germany,5.513322703071198,Snapchat,3,Entertainment,21.829422553294496,0,4.920586415587289,High,66.63874794559976
17,Female,India,6.168550586410848,Snapchat,2,Education,32.05531302727991,1,4.900450738021677,High,42.97481986697948
22,Male,Germany,3.181460814155197,Instagram,4,Entertainment,21.332385270230304,0,5.714162588087781,Medium,78.14173240784865
15,Male,Canada,4.610508758329702,TikTok,4,Socializing,44.57906695419261,1,5.492082558252919,Medium,0.0
24,Male,Brazil,3.951912913364312,YouTube,4,Entertainment,22.895222414642124,1,6.088880685077722,Medium,54.75387042800923
17,Female,USA,6.132446449178834,Instagram,5,Entertainment,28.390854278558027,1,6.199755602805793,High,21.544354730041977
27,Male,USA,3.6886202199646654,YouTube,2,Entertainment,6.311083289697521,1,8.97318692595005,Medium,81.0413361387636
15,Female,USA,4.422715969853515,TikTok,3,Education,34.746703893404884,0,5.467128801685157,Medium,70.73253607508187
14,Male,UK,6.204423179847775,YouTube,4,Entertainment,12.69737975835316,1,6.749405071971385,High,39.44918025865192
19,Female,India,4.221700449472031,YouTube,5,Entertainment,18.603073531909057,0,7.336599785142593,Medium,36.49729224030589
14,Male,USA,0.8031013958714448,Instagram,4,Entertainment,18.941085332593897,0,8.388956652918456,Low,60.576023291293936
27,Female,Canada,4.813656078822212,Instagram,5,Entertainment,33.135600684647905,1,5.943053958165868,Medium,45.43290371713869
19,Female,India,3.90569234733551,YouTube,1,Education,17.707217363899673,1,7.554164441986809,Medium,40.36106291855904
19,Male,India,5.199873460119727,Snapchat,4,Socializing,27.58843396576863,0,4.453843078973662,High,64.17929139883148
25,Male,Brazil,3.508610954872017,YouTube,5,Education,14.161705797697032,1,7.226991883239305,Medium,34.6821498941925
18,Female,Brazil,2.1572124722266857,Snapchat,4,Socializing,23.788702822389023,1,8.938978625929654,Low,34.81328924244673
13,Male,India,0.5,Instagram,4,Education,25.995885818674317,1,9.740040793823628,Low,47.20425141659104
13,Male,USA,4.5056870179624,Snapchat,2,Education,31.93732535314203,0,7.760245014345799,Medium,19.991820584730775
26,Male,UK,3.044349596239807,TikTok,2,Entertainment,24.843915882390704,0,8.436634373179487,Medium,51.18190091630511
20,Female,UK,2.070096750026233,Instagram,1,News,12.642312632144188,1,6.791896688759561,Low,39.08895379547762
25,Female,Brazil,0.5,YouTube,2,Education,17.930480218413418,1,9.75177062160976,Low,46.73288701663851
21,Male,USA,2.19879782033015,TikTok,1,Socializing,14.66706003483156,0,9.271027002644011,Low,45.42587033692386
17,Male,Brazil,4.51698440122348,Instagram,1,Content Creation,36.25899936446705,1,6.663659176437533,Medium,59.32594332023869
27,Female,India,5.533275019058051,TikTok,3,Entertainment,18.43393556680933,1,5.622485050475679,High,39.81021230438945
15,Female,Brazil,3.17048710187211,YouTube,4,Entertainment,15.310267579834424,1,5.682280509369886,Medium,17.20004070539806
19,Female,UK,3.2636343246135837,Twitter,1,Socializing,11.655109535538063,0,5.468693729812311,Medium,71.64293484340249
17,Male,Australia,6.152606253720705,TikTok,3,Entertainment,33.32231601107281,1,4.890029496322309,High,32.428622013079014
22,Male,India,3.6607893925626303,Instagram,1,Socializing,14.495836253804796,0,5.595567202330964,Medium,38.41130822090248
16,Female,Germany,3.456417016104252,Twitter,1,Education,27.9569998044128,0,7.198983572311177,Medium,37.10469484559842
13,Female,UK,5.014962892593648,TikTok,3,News,9.53201204990972,1,4.528562465784008,High,28.829360772728677
23,Male,India,3.810221138389992,TikTok,5,Education,20.847355553589345,1,6.617230584414526,Medium,7.114407272846876
23,Male,India,3.810290979712824,Instagram,3,News,45.82789091549845,1,8.02112901128626,Medium,43.53746613941561
23,Female,Germany,4.724965070893092,Snapchat,5,Socializing,19.727545464952303,1,6.809418523513922,Medium,50.00673621413508
21,Male,USA,5.433788386582735,Snapchat,5,Entertainment,44.66278331245129,0,6.519339305715837,High,55.16548512785299
19,Female,Australia,5.999535898461287,Twitter,3,Content Creation,11.46414622330682,0,3.906000749662645,High,30.776908599252916
16,Male,USA,3.272959952541753,YouTube,2,Entertainment,36.47400894461389,1,7.226764704057305,Medium,50.38934760726495
16,Female,India,4.372926693648899,Twitter,4,Entertainment,22.98207809081028,1,6.9877069325644845,Medium,27.64891254105075
23,Male,USA,3.775320227050849,TikTok,5,Entertainment,35.86017380914025,1,7.312336520080032,Medium,24.415650992562384
18,Female,Canada,1.7790883036158938,Instagram,2,Entertainment,16.169189536942422,1,9.46733284807821,Low,50.43097674760149
13,Male,Germany,4.739785900606147,Snapchat,1,Entertainment,29.295176309139567,0,5.783873210820721,Medium,46.590847926072456
13,Male,India,4.414651727020857,YouTube,5,Education,24.6161363142262,0,3.674890151054569,Medium,77.66742879396904
16,Female,UK,3.1850621310074945,YouTube,3,News,36.63702091218981,0,6.781475917757378,Medium,42.69593276405387
25,Male,USA,1.1206879224956747,YouTube,1,Entertainment,34.78127827585874,0,8.980607940894643,Low,27.20770546016669
13,Female,India,6.157368355362138,Twitter,5,News,23.03267846768501,0,5.320749400106996,High,34.51582132390144
23,Male,USA,5.169374479129557,Instagram,5,Entertainment,22.833061303432174,0,6.051430636817032,High,35.79636599777765
15,Male,Germany,3.112766347859928,TikTok,4,Education,30.7233307889462,1,7.611670642091939,Medium,63.48034033314303
27,Male,India,1.612826021056578,YouTube,5,Socializing,20.804096262024128,1,8.889701415101854,Low,51.58462910214159
21,Male,Canada,4.878460546081097,YouTube,2,Education,26.83875608653876,1,4.085545619254198,Medium,36.2693556389908
19,Female,Brazil,4.092179389886844,TikTok,5,Entertainment,19.17311044946541,1,7.041976448402856,Medium,14.634632313558225
21,Female,USA,2.111782711690239,YouTube,2,Entertainment,21.62581321194604,1,8.490596022130257,Low,72.61118821151737
17,Male,India,2.4546697625752287,TikTok,1,Education,29.07818032584697,0,7.282077553789964,Low,19.19298491496487
15,Male,India,5.877842284665485,YouTube,2,Entertainment,28.090086526355037,1,4.96721471527977,High,44.2800573407716
17,Female,Canada,4.494768170410554,YouTube,5,Entertainment,24.35015314267911,1,6.720947457674985,Medium,24.480589487504737
23,Male,India,3.693408774795293,TikTok,3,Entertainment,26.530722297033847,1,8.14856004143313,Medium,37.606220861876025
22,Male,India,3.542838808300738,TikTok,2,Socializing,22.1852177443983,1,5.895693896065501,Medium,13.631042393202923
26,Female,India,3.738293709209745,Instagram,5,Entertainment,30.501656905721926,0,8.267140263433461,Medium,45.79038454755066
27,Female,Germany,3.2425665385455384,Instagram,5,Socializing,20.75170823670113,1,7.3615929763092,Medium,50.50781261958893
21,Female,Germany,3.561611891776697,TikTok,2,Entertainment,22.576740221335324,1,8.479238963888927,Medium,6.355107725354955
24,Female,UK,0.5,Snapchat,3,Education,23.87040880916737,0,10.0,Low,35.423559208361674
14,Female,India,0.5,Instagram,1,Entertainment,28.483153744676123,1,9.19304724000547,Low,55.14248797835151
16,Female,Canada,2.2746035165412906,Instagram,3,Education,25.637509449812583,0,7.206882374811094,Low,80.27298259718236
26,Female,India,2.4076283653582164,Twitter,5,Entertainment,34.9495689809518,0,10.0,Low,49.38709191221928
18,Female,USA,6.073486625938237,YouTube,4,Education,26.5247365397588,0,5.048947779050164,High,27.949558830831343
13,Male,Canada,4.81343677309652,TikTok,5,Education,36.382404285923926,1,6.7315423271709625,Medium,24.988900028628684
14,Female,India,2.943277484714377,Twitter,3,Socializing,26.50739262383981,1,9.002386751182607,Medium,12.540634211809667
24,Male,USA,4.222246645044945,YouTube,4,Socializing,27.872608610325283,1,5.982181081790139,Medium,45.11554701456822
16,Male,UK,2.7300648140278403,YouTube,2,Socializing,33.53527493822511,1,6.230345134507926,Medium,72.36593209163532
13,Male,India,3.3486151062608136,TikTok,1,Education,22.40945815291789,1,8.376027516801646,Medium,23.50406288420597
26,Male,Canada,1.854869691145514,TikTok,4,Education,26.706186260701084,0,8.946146800827107,Low,41.48779042767964
18,Female,India,2.2123040307915263,TikTok,2,Entertainment,30.740096267664686,1,9.703015683790028,Low,46.28682735190456
24,Female,Australia,5.890762727840321,Twitter,4,Entertainment,21.591095343661596,0,3.188339171707526,High,87.06134065497156
14,Male,India,2.1307698761575287,Twitter,4,Entertainment,36.04910731753266,1,7.384433021606982,Low,29.449937596166272
15,Female,India,4.841885015817408,YouTube,3,Entertainment,29.42300495769906,1,6.104676575031721,Medium,23.985881300944133
20,Female,Germany,6.059529158289839,Instagram,4,Socializing,12.230623797463506,0,6.398467564464148,High,75.93128122507241
19,Male,India,2.5690105219373045,YouTube,5,Entertainment,23.38694781410448,0,8.13722195086858,Medium,52.10706859839867
15,Female,India,4.836393370320025,Snapchat,3,Entertainment,25.065807575132517,0,5.898326033150584,Medium,23.950963114000498
18,Female,Brazil,4.611329348279783,TikTok,2,Entertainment,29.398052593178413,1,5.340096051848656,Medium,56.00060743485308
22,Male,Canada,3.1072660423519225,TikTok,5,Entertainment,22.518051264039062,0,9.040613571019826,Medium,49.0772950387343
17,Female,India,3.1146982201868982,TikTok,1,Education,20.993518304972245,1,7.670870182895796,Medium,29.83962131355573
19,Female,India,1.32715973960739,TikTok,5,Entertainment,28.476709186584685,0,9.628496763951356,Low,29.3281506803298
18,Female,India,5.450512182693664,Instagram,5,Entertainment,16.71089401079392,0,4.883513023047252,High,16.794532455522212
20,Male,UK,5.575721452049798,TikTok,3,Education,9.517087325400182,1,5.433828539417932,High,27.531643510888333
27,Male,India,1.845910391118312,YouTube,3,Content Creation,25.0778298412854,1,9.442835101881824,Low,20.245316904382623
19,Other,USA,4.26414664540247,YouTube,2,Socializing,29.35450359416699,0,5.9141561408584815,Medium,46.81521141546376
20,Female,Brazil,3.8353138349247367,YouTube,4,Entertainment,47.44955758306437,0,8.674914254831265,Medium,27.031374184297583
26,Female,Canada,2.778566689135729,TikTok,1,Education,35.65743806780085,0,6.889450151063479,Medium,22.047033486058154
21,Female,UK,0.5,Snapchat,5,Entertainment,8.793666514092763,0,9.079511572178385,Low,23.931331344381125
18,Male,India,3.959224564714408,YouTube,2,Education,42.929376714085805,0,6.240487677316813,Medium,34.82683357386185
26,Female,UK,2.778042620530789,YouTube,5,Education,18.038927208171923,1,8.370706165845574,Medium,30.29910161355364
15,Female,Canada,1.6594363241845462,Instagram,2,Socializing,23.06903271180067,0,7.932747928058136,Low,31.585909343228604
18,Male,Germany,3.741200266816587,TikTok,4,Education,25.84513075834217,1,7.335840590130549,Medium,7.623642780572041
15,Other,India,4.060435985637431,Instagram,1,Education,24.966650724941573,0,5.338150184941208,Medium,27.3782809294618
21,Female,UK,0.7032608415457986,YouTube,1,Education,19.19991798971712,1,7.857762130623528,Low,50.000976142996414
23,Female,India,6.790596001619077,YouTube,5,Socializing,17.323108979257498,0,4.7433634062361,High,38.20940246269247
23,Female,Canada,1.3368389868138593,Instagram,1,Entertainment,32.275734718753945,0,8.78591713499434,Low,67.33876407071115
20,Female,Germany,3.8336500952835904,YouTube,1,Socializing,34.06837443526514,1,5.678525624712363,Medium,51.903074689529504
27,Female,Germany,4.99570820223909,Instagram,3,Socializing,19.30278293711165,1,5.770624245605596,Medium,32.042501667295376
14,Male,Canada,3.3992500614674124,TikTok,1,Entertainment,28.231920550726034,0,6.363915904302349,Medium,26.689880614464272
26,Female,India,4.067168851700012,Instagram,4,Education,26.86289052155861,1,5.952662486697114,Medium,59.53054507842344
26,Male,Australia,2.476148115412677,Instagram,2,Entertainment,24.323546101219527,1,6.718188881748891,Low,22.06270394866149
14,Female,USA,2.66370672061714,YouTube,2,Education,20.986741128798023,0,8.593030738459527,Medium,10.448744890651188
18,Female,India,4.935409405194067,TikTok,4,Socializing,25.491820201909547,1,6.236556477293338,Medium,81.48571876704342
18,Female,USA,3.5879403520242263,YouTube,3,Entertainment,8.388363561115135,1,6.396294551715168,Medium,50.62182639388743
13,Female,India,4.127171302238326,YouTube,4,Education,21.92032277397784,1,7.03077147562784,Medium,22.9612240071243
19,Male,India,4.187584889749999,YouTube,3,Entertainment,41.411310064040194,1,6.031065659380682,Medium,82.52315620338027
18,Other,India,2.3097099785319037,TikTok,5,Entertainment,23.07233805624008,1,6.296994443057876,Low,50.51986797148166
15,Male,Germany,5.220051143982483,Instagram,2,Socializing,7.459304307677545,1,6.233218987644797,High,11.264675297033456
15,Male,USA,2.332436537840026,YouTube,1,Content Creation,24.62266584118222,0,9.268776446023905,Low,47.19642510345778
21,Male,Germany,0.5,TikTok,5,Entertainment,37.75774311525767,0,9.884438152871985,Low,43.31250254973187
27,Male,India,3.645267491493738,TikTok,2,Entertainment,11.016353790526017,1,6.825877609507453,Medium,47.45457183784794
18,Female,Brazil,4.05643373063928,YouTube,3,Education,30.595915344456017,0,7.3593936987731965,Medium,12.146543144079724
23,Female,Germany,5.21498063737276,Instagram,3,Entertainment,11.282924041142016,1,5.75169130082732,High,34.87123156627656
20,Female,USA,2.121773684727565,Twitter,2,Education,38.61076458971504,1,5.840982481412631,Low,1.3163194010015502
22,Male,Germany,2.52466332974894,TikTok,5,Entertainment,8.030232937965607,1,8.907568310734389,Medium,44.66564824561491
22,Female,Canada,2.648258988799889,Instagram,5,Entertainment,42.8175882717943,0,7.635257515950342,Medium,26.96701116424984
14,Female,USA,1.9387799202552076,YouTube,2,News,26.043329889399157,1,7.6398328683419905,Low,36.52039556153492
22,Female,Canada,3.027263032690396,Instagram,2,Entertainment,35.80206781139085,1,7.095795558166188,Medium,12.329080667336822
25,Male,India,2.9757351068225937,TikTok,2,Entertainment,27.034298425627547,0,6.760644375605243,Medium,24.955349392723672
20,Female,India,5.5494264518195,Instagram,4,Entertainment,25.40027894719114,1,5.343448880158754,High,52.4882738796169
19,Male,Brazil,4.93963487071628,Instagram,1,Socializing,11.925581810323134,1,5.540781242716051,Medium,44.058663079266026
21,Male,India,3.474320984748351,YouTube,5,Education,21.76642855371694,1,7.791228862890669,Medium,62.92605744956825
16,Female,UK,2.451194528926924,YouTube,4,News,37.38115432272532,0,8.925201719417132,Low,37.57861680517853
18,Female,India,0.7132450346187111,Instagram,5,Entertainment,28.241775551102176,0,9.783905661783873,Low,40.18979192538991
22,Female,Brazil,3.942374769224153,YouTube,3,Entertainment,22.319047735813776,0,7.263218452424054,Medium,21.259139185287545
19,Female,India,5.344143034352133,TikTok,5,Socializing,22.27723918506965,1,5.916452151054688,High,45.46672211998074
26,Female,USA,1.8517450517968688,Instagram,1,Education,20.663613934165102,1,8.97955623067756,Low,33.99392841081918
20,Female,Canada,3.018028551837008,Instagram,4,Socializing,12.44037239286456,0,8.767858487425963,Medium,52.5197037074972
13,Male,India,4.259432967994146,Snapchat,3,Socializing,12.870425252323589,0,6.358644621774141,Medium,72.70295488647126
19,Male,Brazil,3.4404717736613124,Instagram,4,Education,32.425889017049,1,5.937525611371528,Medium,51.257655076199725
27,Female,Germany,2.026212806018978,Instagram,5,Education,24.77983042247924,1,7.786178256897789,Low,23.697817146249832
27,Female,Brazil,4.2934225107915465,TikTok,3,Entertainment,30.20506886042881,1,6.897762967094502,Medium,13.05493143883522
17,Female,USA,1.0191891879605874,Instagram,1,Entertainment,31.653480320724874,1,9.493154884764284,Low,11.473442786662794
17,Female,India,2.4426105738598283,Instagram,3,Socializing,7.577995839738367,0,8.520934433669373,Low,70.91559926804187
16,Male,India,0.5,TikTok,1,Socializing,21.549845044782696,1,10.0,Low,44.04225236583694
20,Male,India,2.003781241366215,Twitter,1,Entertainment,40.38871995988691,1,7.991628450312442,Low,39.96287078059048
19,Female,UK,6.068437966070684,Instagram,5,Socializing,9.77270937451353,0,5.715921697712256,High,49.01261244804821
14,Other,India,4.789301256426768,Instagram,2,Entertainment,27.206988775555757,0,5.981603206263365,Medium,46.65158321445903
19,Male,UK,4.2093251452982,Instagram,2,Socializing,28.370152421960185,1,4.5684295973207325,Medium,77.50018278082777
25,Female,India,2.9906808092795982,TikTok,3,Entertainment,17.94526779989907,1,6.685355686203077,Medium,63.94810304268326
16,Male,Australia,3.937960957611166,Twitter,2,Entertainment,35.070450135083064,0,6.379448776575649,Medium,20.880283754039304
23,Male,UK,0.9173279665138874,TikTok,5,Entertainment,31.787354719340676,0,8.810984115277224,Low,55.9776096528545
19,Male,USA,2.8071156650981166,TikTok,5,Socializing,33.32510200497653,1,8.573323419074782,Medium,10.801582969485718
21,Male,Germany,4.699531323270914,TikTok,3,Entertainment,26.616500144092598,1,5.7688953356303445,Medium,55.05438972793195
14,Male,UK,3.9279408659038473,TikTok,1,News,13.182466481615254,0,6.244256540559868,Medium,43.368535684068064
24,Female,Canada,2.226833084023718,Snapchat,4,Socializing,11.051722969968084,1,8.824938666376077,Low,20.05681864958571
24,Male,Germany,2.709174543759725,Instagram,5,Socializing,16.763422899896902,1,8.318504614257108,Medium,38.79200405974057
19,Female,USA,3.7184510873789183,TikTok,3,Entertainment,25.24428089592064,1,5.906476642525898,Medium,0.0
14,Other,Germany,4.40680500917435,Snapchat,3,Education,33.572915259467294,1,7.410779848834814,Medium,15.747951360702649
18,Male,India,5.085888762267958,Instagram,4,Entertainment,31.382707708802737,0,7.125520914210719,High,42.54981953084851
24,Male,USA,3.6515326352100415,Instagram,2,Socializing,25.28343295176517,0,7.272138856938191,Medium,26.318041194722497
23,Female,Canada,3.589433138805647,Twitter,1,Socializing,35.95979867115126,0,7.927195210499255,Medium,56.09895338868888
23,Male,India,3.699797980721856,TikTok,1,News,12.01422146154582,1,8.514382039316986,Medium,61.90838086533373
20,Male,USA,5.465612843895315,Snapchat,3,Socializing,17.655813898385894,0,4.793540049949372,High,32.41593333160298
18,Male,USA,5.08933025104178,YouTube,3,Socializing,31.62619960539958,0,6.187418784803883,High,13.350938496085703
16,Female,UK,6.428111236673711,YouTube,3,Entertainment,28.984806197500195,1,5.358607375646161,High,29.39648240171658
17,Female,Canada,5.550441700721912,Instagram,5,Socializing,20.595877479858256,0,4.324306905271849,High,50.80068890299332
13,Female,India,3.0523647475945497,YouTube,4,Socializing,21.77729052224415,1,6.867250467769467,Medium,0.3584493232103867
13,Female,Canada,3.469372662252531,YouTube,3,Entertainment,29.92943841122983,1,8.842566255113923,Medium,46.6832409034238
20,Male,USA,6.459774219248036,Instagram,4,Socializing,19.030954102763776,1,4.6860206949240695,High,19.03092964729486
24,Female,India,1.52863544042986,Instagram,5,Socializing,18.240344552625512,1,8.120749238611202,Low,41.40302468298896
17,Female,India,3.319094523495272,Instagram,5,Socializing,38.6196570448849,1,6.034078611347991,Medium,0.0
19,Male,Australia,3.5951386463957737,Instagram,5,Socializing,8.332197758037282,1,8.216919629688949,Medium,10.86365124464703
14,Male,UK,3.156811829021758,YouTube,2,Entertainment,16.554154530856128,0,7.472771984398635,Medium,8.174634781780433
24,Male,USA,4.329734548978104,YouTube,2,Education,38.05465831466472,0,3.690440734041875,Medium,55.691490683405135
15,Male,India,3.582064400704516,Instagram,2,Entertainment,35.02045847125559,0,7.641466937766577,Medium,69.49109610067602
19,Male,Brazil,1.2916250791903718,Instagram,1,Entertainment,17.379042134179322,1,9.65257578488379,Low,45.05995389896022
14,Male,USA,2.9795373337086573,Instagram,4,Socializing,18.270751959484027,0,7.889331945891131,Medium,36.42207276760277
27,Male,Australia,1.9935152004633288,TikTok,3,Education,12.54330133658966,1,7.254323918746899,Low,0.0
15,Male,Brazil,2.850928432838579,TikTok,2,News,41.09453986428128,0,6.564693295672068,Medium,61.88047997026773
19,Male,Canada,1.95967179469827,TikTok,1,Socializing,36.117225521536135,1,9.21423530995619,Low,30.76847253965049
22,Male,Germany,6.189880135893526,TikTok,4,Education,25.24872509857613,1,4.714770005493625,High,41.99600273779176
25,Female,India,5.333432199867941,YouTube,4,Entertainment,37.41148401330641,1,4.427309234029408,High,56.09847484846941
26,Male,India,3.6471373420080258,TikTok,2,Socializing,11.911040633268112,0,6.163307168246899,Medium,23.03563408018941
22,Female,India,2.8016541690614285,Instagram,2,News,27.00630910694785,1,7.574088924189206,Medium,52.42493582542603
13,Male,Germany,3.8333565671416174,Twitter,4,Socializing,34.45788190763661,1,6.938674775610359,Medium,37.29040861732883
24,Female,India,4.658662480212182,Snapchat,1,News,23.58832054535348,0,5.357005317389357,Medium,57.200686798904805
19,Female,USA,4.193113240011362,Snapchat,2,Entertainment,26.59717709747645,1,7.305082291150999,Medium,32.82003813983735
17,Male,India,2.0965976677704994,TikTok,2,Education,16.74213904099201,0,7.32516684802914,Low,45.62932304155093
16,Male,USA,2.637180876773848,TikTok,4,Socializing,12.204312335373988,1,8.318010685407524,Medium,31.41219847791173
16,Female,UK,3.290824475976661,YouTube,1,Socializing,5.0,1,7.644533161982277,Medium,39.52460176588151
25,Female,USA,2.4573941001752773,Snapchat,4,Socializing,24.4614495406446,1,7.838585099275198,Low,39.05380324251747
23,Female,Germany,2.0642671221009365,YouTube,2,Socializing,25.36065935511704,0,5.971316475444429,Low,58.25720976589514
27,Male,USA,2.512561074983835,TikTok,2,Socializing,27.228227912304263,1,7.852051419884656,Medium,45.3392482260703
13,Male,India,5.074577304687234,Instagram,2,Entertainment,9.30062684954598,1,7.74136852885835,High,37.15629319324414
20,Female,UK,4.392364603035577,TikTok,1,Education,28.344537795424145,1,6.379060295608214,Medium,26.89779159189039
24,Female,Germany,6.17967689406243,TikTok,1,Education,13.669294233466417,0,4.581357504042611,High,45.75186870838574
17,Male,USA,5.202044023244173,TikTok,1,Entertainment,50.84192391756613,0,6.447835274475384,High,33.01095969274566
27,Female,India,3.3684435783161746,YouTube,5,Socializing,28.06070298065896,1,6.765786441596804,Medium,54.48173523427917
26,Female,India,1.5203533688866906,YouTube,5,Entertainment,37.17859286960629,1,9.031431115611184,Low,12.09710599313333
27,Female,India,6.658378881053578,YouTube,3,Socializing,33.05217149278825,1,4.707624314139992,High,56.72389278751292
15,Male,Canada,4.319521045952442,Instagram,5,Socializing,10.606439124153962,1,6.776519578262739,Medium,57.527617295784296
26,Female,India,1.9133478646959232,Instagram,4,Socializing,17.696889132312414,1,9.321433393899168,Low,20.183934734458948
26,Female,India,1.6253994770418931,TikTok,4,Content Creation,37.212074567212255,1,8.272155988022439,Low,92.46230506173242
27,Male,UK,2.8729249447881795,TikTok,4,Entertainment,21.15910908420613,1,8.158433842892864,Medium,47.47099469417299
24,Female,Canada,4.116354345499275,Instagram,3,Entertainment,5.515072558422233,1,8.251801096078122,Medium,50.36533675508174
21,Female,India,4.245420903808799,Instagram,2,Entertainment,26.46961455304332,1,6.7458373522071655,Medium,34.93420939437246
25,Male,India,6.096172529598769,YouTube,1,Education,24.60290370828329,0,4.980278672831163,High,18.481514407516208
26,Male,Brazil,3.2505123517220595,Instagram,1,Entertainment,29.7449946924627,1,8.666320287895227,Medium,46.7828907072988
25,Female,India,2.3565592515395286,Instagram,4,Education,35.24687902618852,1,6.889059774130118,Low,57.883690097409286
26,Other,Canada,4.402655042484399,Instagram,2,Entertainment,28.45174516807953,0,6.979364508716628,Medium,20.21716504869009
25,Female,Germany,3.638914419166057,Instagram,5,Entertainment,39.13011438421535,0,8.573994128876581,Medium,44.73161313621289
22,Male,India,3.4798846667314773,YouTube,5,Entertainment,13.087931889079403,1,8.128562740778971,Medium,74.46858015184546
20,Female,India,5.212687920100078,TikTok,2,Education,23.82190214162991,0,6.403531693980623,High,31.301623566254385
17,Female,Germany,4.270737003710304,Instagram,4,Entertainment,43.93360622108214,1,5.912286159223106,Medium,26.632859935200585
22,Other,Brazil,1.5616421346657914,TikTok,4,News,28.54688606537961,0,9.920401454205209,Low,43.84094645827725
16,Male,Brazil,3.5398404771752703,TikTok,4,Education,45.085141206879655,1,6.191833231968301,Medium,63.7392858347506
20,Male,Germany,0.6170677419236377,YouTube,2,Entertainment,20.642927497873977,1,10.0,Low,57.266756300501264
13,Female,India,4.147253408823672,Twitter,2,Entertainment,15.677257589508416,1,7.70827292576605,Medium,51.36759232590329
21,Female,India,2.839808343664565,Instagram,3,Entertainment,22.165167977816147,1,7.420271829220447,Medium,27.431697757541706
19,Male,USA,3.9035775825273937,YouTube,4,Socializing,30.63272957081853,1,4.404757893471654,Medium,57.15576134363155
22,Male,India,3.037546149493811,YouTube,4,Socializing,14.649470647232246,0,7.350757547049547,Medium,26.18932195839417
26,Male,India,3.8367880531189935,Instagram,4,Socializing,19.33264709874481,1,6.875068690106358,Medium,43.99936019179951
18,Male,USA,4.301126385789432,TikTok,2,Entertainment,36.732537838605225,0,7.305452318797499,Medium,35.72263811507887
16,Female,Germany,3.56891638855518,Snapchat,4,Entertainment,9.22520275678363,1,6.756721322460386,Medium,45.414163268513775
17,Female,UK,4.084683335839071,TikTok,3,Socializing,18.88298761074934,0,6.0826505832548055,Medium,77.57722521313667
19,Female,India,4.653699300040823,Instagram,5,Entertainment,39.91010975644659,0,5.74070310219337,Medium,50.095088667620544
14,Male,India,0.5,YouTube,2,News,25.456672499594788,0,9.814909740047876,Low,46.45807708057054
20,Male,USA,2.4253556340402165,YouTube,4,Content Creation,36.24686951444947,1,7.637071473421498,Low,48.28399822095203
20,Female,Brazil,4.112102554416508,YouTube,4,Education,25.722603791518736,0,6.462392802252389,Medium,19.92695681083502
25,Female,India,4.270051605772682,TikTok,4,Socializing,22.53921284197022,1,8.634967448917926,Medium,29.08545876062404
23,Male,USA,3.5583695054951963,Twitter,4,Education,17.357245113608954,0,7.729271901187934,Medium,60.73815045020472
18,Male,USA,3.5681001365879967,YouTube,2,Socializing,24.28443076183455,1,6.9865947555330905,Medium,66.23515259229397
15,Male,Germany,1.863799378310324,YouTube,1,Entertainment,23.034660788106557,0,10.0,Low,28.706338091553214
19,Female,India,0.5,YouTube,2,Entertainment,25.79378370120621,1,9.66368406446321,Low,50.78640648777626
21,Female,USA,6.679649022274399,Twitter,4,Entertainment,29.24622611165765,0,5.038846304279297,High,52.816853187999016
13,Male,USA,4.141816635380335,Instagram,5,Entertainment,30.02856416657564,1,5.770255325123376,Medium,14.852138338629183
25,Female,UK,4.110207031779653,YouTube,5,Socializing,40.23224648836667,0,8.454819696144995,Medium,52.9962705580902
18,Female,India,6.351522659830951,Twitter,4,Education,11.074951878668408,0,7.1827756683516695,High,41.8834623062617
26,Female,UK,5.104950844050361,TikTok,3,Entertainment,22.08481528236858,0,6.138485073188116,High,60.01873301581769
17,Male,India,3.886563196708784,Snapchat,5,Content Creation,16.57472637695252,0,5.5627416980831645,Medium,25.983323612652256
15,Other,India,2.1185372440746217,Instagram,5,Entertainment,25.43773229549666,1,8.624946968362014,Low,41.84331909154011
20,Male,Germany,3.722797016388671,YouTube,5,Socializing,7.278465253878974,0,6.9582491923539935,Medium,43.3092256545366
13,Male,USA,2.6948213046587948,TikTok,3,Content Creation,30.11472782818547,0,7.856435652269283,Medium,63.1262957469933
25,Male,UK,4.65490082127979,Twitter,5,Entertainment,27.90136926723384,1,5.926646159787255,Medium,61.76909119667252
22,Male,Australia,2.3781542969107465,YouTube,3,Socializing,23.068650614894143,1,9.802028307905012,Low,63.59089666631334
27,Female,Germany,4.172894663256264,Twitter,2,Education,24.20072790207549,1,6.571928040196167,Medium,58.54494783141604
15,Male,India,4.745325886544329,YouTube,5,Education,32.70929583083366,1,6.619843408394783,Medium,101.47198925022404
20,Female,India,4.610159536082813,Instagram,1,Entertainment,34.901549111407725,0,5.917358900492354,Medium,55.04569261111834
18,Male,India,4.454480483986075,Twitter,1,Socializing,13.815154825581466,1,5.2050138452002574,Medium,21.9436996206166
24,Male,Germany,4.79659112333878,TikTok,1,Education,21.76998360743935,0,7.334721873933281,Medium,17.03296088654323
20,Female,Canada,1.945693956154092,TikTok,5,Entertainment,6.973625716332609,0,7.601371298597217,Low,53.73097902412227
20,Male,India,4.6301189335264095,Snapchat,3,Content Creation,32.77424880727976,0,6.118741976716237,Medium,25.5553558031194
24,Female,UK,3.862425431045972,YouTube,5,Education,16.587527228990538,0,5.912395993389799,Medium,39.72828394823649
21,Female,India,1.3813317305388422,Instagram,4,Education,20.04883392528541,1,8.142877756931288,Low,42.05634709528113
23,Male,USA,3.5197426628283544,Instagram,5,Entertainment,33.67966753790765,1,6.260176324604365,Medium,40.9394991545932
19,Male,USA,4.6583799134839605,Instagram,3,Entertainment,10.133595828050566,0,5.990026188737712,Medium,31.57746845812964
20,Male,USA,5.217923008621801,YouTube,5,Education,33.90504805139234,0,4.562146950622885,High,2.917798368410807
21,Male,India,4.782408127181848,TikTok,3,Entertainment,40.23060517360047,1,4.712083355512545,Medium,39.05244465380029
17,Male,UK,2.23060306335828,Instagram,1,Entertainment,41.9114160091639,1,6.239150853279854,Low,56.755017751013526
23,Male,India,3.6520035327329214,Instagram,4,Entertainment,23.433282203374624,1,6.557801605824452,Medium,31.527830468816752
25,Male,Germany,5.306512006048896,TikTok,1,Entertainment,5.536719059149441,1,5.6941334114529685,High,21.392564669456803
27,Female,India,4.408763790385301,Snapchat,1,Socializing,22.61489105246557,1,5.075539937076221,Medium,57.00821645965976
19,Female,India,4.871721203316637,YouTube,3,Socializing,13.17854946681079,1,6.448071617228861,Medium,42.44319466206698
18,Female,UK,2.913673928635002,Instagram,3,Socializing,29.179793935716692,1,5.669272738578518,Medium,73.96937314715578
18,Other,Germany,3.237261611408855,Twitter,3,Education,15.122998263532596,0,8.062771106015303,Medium,18.3361828647153
21,Male,USA,3.86101056463932,Instagram,1,Content Creation,19.37020095684225,0,6.515305244650777,Medium,75.60086285228186
27,Male,Canada,3.2377208835008937,Snapchat,4,Entertainment,37.40088377947853,1,7.378652488177393,Medium,75.6906225770557
17,Male,India,5.559217211904375,TikTok,1,Entertainment,23.652304881788023,0,4.786289724198324,High,60.49140588010343
20,Male,USA,6.050843536510042,TikTok,2,News,16.180209514463314,0,5.59640712741213,High,27.47953151587879
16,Male,India,3.812931906765328,TikTok,3,Entertainment,35.327470294004044,1,7.281177228718935,Medium,23.505251574050742
18,Female,Australia,6.281906863316036,Instagram,1,Socializing,27.161330904138133,1,5.448191243014405,High,36.14700308180009
13,Male,Canada,4.994640467800281,Instagram,3,Entertainment,31.37035768673265,1,4.727282634879675,Medium,27.23843172651533
21,Male,USA,4.929683694126119,Snapchat,5,Entertainment,44.54828080570074,1,6.548483089592149,Medium,40.27707275342418
25,Male,USA,1.7233235537988243,TikTok,1,Socializing,17.73716603380862,0,8.796584146398677,Low,45.22607694930081
13,Male,Canada,1.8431582533434223,TikTok,3,Education,27.273264274147504,0,8.39352277581132,Low,32.68035691507786
24,Female,India,4.135004581168222,Instagram,4,Socializing,20.92492047676285,0,7.156389530690447,Medium,42.511178284447325
18,Female,India,2.859810475021732,Instagram,4,Entertainment,34.177264071476785,1,9.304945627694476,Medium,22.893765331767117
14,Male,Brazil,0.5,TikTok,3,Education,27.45073616336615,1,9.566773705715416,Low,59.872113697996845
16,Male,India,5.150908255139568,Instagram,5,Education,34.34543913330053,0,6.433208760039915,High,76.1072223895926
24,Female,USA,5.000067380074369,Instagram,3,Entertainment,32.691986788181154,0,7.425012752184855,High,67.02462247349041
22,Male,India,1.3975312216696296,Twitter,5,News,24.04609404344037,0,8.332014263894147,Low,0.0
23,Male,Germany,6.929834527263303,Twitter,5,Entertainment,31.88808054533132,0,4.758052523361431,High,31.885577298922836
15,Male,USA,3.046762089814262,YouTube,3,Entertainment,46.83622512043498,0,7.144045212797635,Medium,56.425443329498485
19,Male,India,1.653541459103543,TikTok,3,Entertainment,26.70140755714501,0,10.0,Low,27.639215514521148
19,Female,India,3.862435222349792,Snapchat,1,Entertainment,14.381693596213232,1,7.723119248832504,Medium,28.509775978437517
19,Female,Australia,4.906722666570864,TikTok,5,News,26.44774467457405,0,7.201586833577732,Medium,26.20676367146952
24,Female,Canada,3.482685879129505,YouTube,1,Entertainment,26.570054503755696,1,7.63614457509376,Medium,13.799486099634263
20,Male,Canada,2.344732427826863,Twitter,4,News,20.119188111110464,0,7.365742606270976,Low,49.32670302777414
23,Male,India,3.4894137695614944,Instagram,5,Socializing,8.488212241531404,0,7.548512878057448,Medium,76.50840812916778
27,Female,India,3.5234792553525893,Instagram,1,Education,21.575634107801857,1,4.968048563323593,Medium,39.18762825256579
16,Male,UK,5.196169039157944,TikTok,5,Education,27.918681825878373,0,6.0438490498190856,High,30.69040313629612
20,Female,Brazil,1.5500060468845716,TikTok,4,Education,33.72864572658061,0,7.449862047265888,Low,24.16699406768977
16,Male,USA,5.207369640155261,Snapchat,1,Entertainment,26.16801536318854,1,5.087966756885121,High,23.67009591071073
18,Female,USA,3.85363103363429,Twitter,1,News,28.554223944844885,1,6.527694135852391,Medium,38.6201297562815
19,Male,India,1.5825329506632455,YouTube,4,Entertainment,13.299444983644024,1,9.622720383618825,Low,31.6291363377711
23,Male,India,4.404633301324801,YouTube,5,News,19.512275901677967,1,6.517140896670119,Medium,11.24023705229095
26,Male,UK,2.028580691076347,Instagram,2,Socializing,37.07790838165955,1,9.648801657295587,Low,34.744554101216266
21,Female,Canada,1.6243096049989538,Twitter,3,Socializing,21.26988465093844,1,8.992645755364375,Low,60.029067887818165
26,Male,Canada,4.307745556439907,YouTube,2,Entertainment,18.069971314613284,1,5.963636316507864,Medium,33.717914486066775
19,Male,India,1.686262537141061,YouTube,2,Entertainment,22.867578395372195,1,8.705807785998633,Low,36.12587745846559
15,Female,USA,2.8626916662303823,YouTube,1,Socializing,13.32938628396308,0,9.29299172767433,Medium,35.22311496559558
16,Male,Germany,5.047979835618058,YouTube,4,Socializing,57.9311297753744,1,3.3516814416185907,High,54.953255672958505
14,Male,Germany,3.7559757316233178,Instagram,1,Socializing,19.076217687030685,0,6.529379080492743,Medium,16.991645234382684
25,Male,India,3.296464333830753,Instagram,5,Socializing,12.008108213545082,1,7.579558352659884,Medium,31.45208503509366
23,Male,India,2.561286435495904,TikTok,1,Socializing,5.0,1,8.772375976252839,Medium,40.35504198345016
16,Male,Australia,4.748902817073783,Instagram,1,News,38.59855320959888,1,4.995023980092113,Medium,23.79941951637673
22,Female,UK,2.012175878345694,YouTube,4,Socializing,15.685845508741767,0,9.647400607447151,Low,11.993959652243165
20,Male,USA,0.8115762822238066,Instagram,1,Education,17.42004873146168,0,8.645838617030368,Low,55.26418748322743
22,Female,Germany,2.407733765532627,YouTube,2,Entertainment,45.86182450058188,1,7.531052397077101,Low,86.5611034974672
24,Female,Brazil,4.082922257336966,TikTok,5,Entertainment,28.760855760099894,0,6.521299770291286,Medium,62.954114576427216
27,Female,Canada,9.356448126626798,TikTok,2,Entertainment,38.476780369969134,0,1.5102973608923196,High,38.13332555232664
17,Female,Germany,3.162567922366711,YouTube,5,Socializing,32.489519140856025,1,6.8740497541582375,Medium,26.562208576469335
27,Female,Germany,2.7629390054482665,YouTube,4,Entertainment,33.55880812255149,1,4.5998497772916505,Medium,44.82555914250794
25,Female,India,5.444019714334999,YouTube,3,Entertainment,16.189634698012988,1,6.334614746954212,High,96.6310049151985
20,Male,India,3.108988982276345,Instagram,5,Entertainment,16.13768382231436,1,8.378206439054921,Medium,12.490582283619602
23,Female,Canada,3.912294595571809,Twitter,1,Education,35.00935003144639,0,7.2016306928090845,Medium,63.925678626662574
24,Other,India,2.831649157660987,Instagram,4,Socializing,11.778361869770364,0,7.089909778686485,Medium,52.89787973613817
22,Male,USA,5.495178072803499,TikTok,2,Education,20.629394498107963,0,4.654825057019934,High,44.863281796267344
14,Female,India,3.5574803651946603,Instagram,1,News,23.87032374072416,1,5.758591433557197,Medium,21.86359217764104
24,Male,India,4.346479742821469,Snapchat,3,Socializing,22.441331099966607,0,6.4781962198748095,Medium,27.866506421888737
23,Female,India,2.805529634784386,TikTok,5,Socializing,16.308978912834068,1,9.077097942005247,Medium,23.945718474030787
25,Female,India,1.764239324721916,Twitter,4,Entertainment,42.18980621392127,1,8.95841789541547,Low,45.76957728346128
26,Male,India,3.307357207546299,TikTok,2,Entertainment,41.25002408781442,1,6.454584741770948,Medium,40.12744136125525
20,Male,USA,3.4636612517374936,Instagram,5,Socializing,16.578337685300717,1,7.073864881074209,Medium,55.89413655937171
18,Female,India,2.6969656778902644,Snapchat,3,Entertainment,20.85920321985209,0,7.298730826158701,Medium,0.0
27,Female,India,4.319899007723865,Instagram,3,Entertainment,30.796282693282347,1,6.933826918847522,Medium,42.49909615069908
19,Male,Canada,1.7273379077640194,Twitter,2,Entertainment,31.099332768939853,0,8.057253484022073,Low,4.889507896982771
24,Female,Brazil,2.378447687659444,Twitter,2,Entertainment,25.3795585860751,1,8.478616381844631,Low,21.77901629101505
21,Female,USA,2.777123761702402,TikTok,4,Education,26.20915582397996,1,6.8693994759579935,Medium,72.17977323342075
13,Female,Germany,4.70835933221996,Twitter,1,Socializing,22.18481107559821,1,5.712389014005594,Medium,50.537733568360565
18,Female,India,6.115416546387834,Snapchat,2,Education,5.0,0,4.8388223050522114,High,42.58676143174202
20,Female,Canada,3.842279649607149,TikTok,3,Socializing,38.14578049308629,1,6.657791333247406,Medium,35.24302598094958
25,Female,India,3.0815800401211435,YouTube,4,Education,18.790793674031256,1,6.748877371051648,Medium,42.30367425685967
13,Male,India,3.539695800412465,TikTok,3,Education,13.960100909130528,1,6.675384383972455,Medium,11.305576450377664
23,Other,USA,3.8785370841342326,Twitter,4,Socializing,41.06157639080397,1,8.119841192840925,Medium,36.3331074380062
22,Other,USA,5.32339170109471,TikTok,1,Socializing,8.470362347333229,0,5.819512760654297,High,79.08792562248681
16,Male,Canada,2.958287854372611,Twitter,1,News,10.62690631976174,0,8.40220931954859,Medium,66.73872037126452
18,Female,USA,3.247282382676249,TikTok,3,Entertainment,15.105322715654845,1,6.178459288328571,Medium,25.116490251604283
27,Male,Brazil,4.259554403643273,Instagram,5,News,19.704351137380527,1,8.329763598453605,Medium,27.8663195334133
14,Male,India,3.212427094081596,YouTube,5,Content Creation,5.665727516200889,1,6.409599745941071,Medium,55.37959970801366
14,Male,India,3.0479576589680413,TikTok,3,Entertainment,11.642992665136278,1,8.394739574459974,Medium,27.4089380871367
18,Other,India,4.402171403634008,YouTube,1,Education,23.0296425277159,1,7.691006332821274,Medium,56.58092202128866
21,Male,USA,6.032669683059836,YouTube,4,Socializing,27.67988716976824,1,3.987824724258454,High,33.001343086302896
18,Male,Germany,4.422274581289972,TikTok,4,Entertainment,14.53037080639338,1,6.616717505951384,Medium,31.550397624610326
15,Female,Germany,4.696361399220908,Twitter,2,Entertainment,31.172121842712336,0,8.45884652957918,Medium,19.258160323415467
20,Female,USA,5.494420618044499,TikTok,2,Entertainment,47.07727484285855,1,8.040417231851967,High,60.66198948740828
20,Female,USA,2.2543700235199355,Instagram,5,Content Creation,36.20840847484817,1,8.960800824907274,Low,44.43299008444154
27,Female,Germany,3.1931449475952567,YouTube,1,Content Creation,35.35494097220558,1,8.21929221649508,Medium,56.24346743091608
21,Female,USA,3.9512234152891392,Instagram,1,Entertainment,5.0,1,6.885316272609445,Medium,38.83526407490876
26,Female,India,4.82355376422547,YouTube,4,Education,31.42171100137563,1,5.726013629647172,Medium,34.59728048972494
17,Male,India,4.397690028488331,TikTok,3,Entertainment,25.73259375333822,1,5.3267286037735575,Medium,42.94170898366048
13,Female,USA,4.583424332635131,Instagram,4,Socializing,11.207278997449295,0,6.184919872573773,Medium,42.85256027238852
17,Female,India,1.066570627354717,Instagram,5,Content Creation,20.183049935217245,0,9.309179779528018,Low,56.83013108138772
15,Female,UK,4.331029515337332,Snapchat,5,Socializing,34.109963988005134,1,6.897225330212303,Medium,34.66783637303715
20,Other,UK,3.977972323356999,TikTok,1,Socializing,10.701795830728402,1,6.555265942911226,Medium,62.63093395807789
25,Male,USA,5.416701503462461,Snapchat,2,Entertainment,22.840391819069367,1,5.928230521813505,High,55.92558709526699
25,Male,Brazil,5.293130910502324,TikTok,1,Entertainment,18.030525011025706,1,7.183585678250937,High,51.75434953845489
20,Female,Australia,1.5125749533946635,Instagram,5,Entertainment,14.336107437284063,0,8.491959961595406,Low,47.5458513125076
16,Male,USA,3.5196398447342965,Instagram,5,News,15.517559311872528,1,7.872449742341617,Medium,70.80019618539339
13,Female,UK,1.87440715239386,YouTube,2,Socializing,21.10087135427337,1,8.299861604235248,Low,22.54659217700975
19,Male,USA,3.0277976212711915,Instagram,1,Education,16.49762901569023,0,6.884512366493997,Medium,28.183481879062327
26,Other,Canada,3.968444947228378,YouTube,5,News,22.59103170846892,1,6.781173629609294,Medium,21.785669330774017
26,Male,Brazil,5.658515017250157,Snapchat,1,Entertainment,16.371136415066424,0,6.948047770329595,High,64.37304103008714
23,Female,UK,3.9322646733423694,TikTok,4,Content Creation,28.51568209746372,1,7.727130650096713,Medium,29.693044304309947
16,Male,USA,1.6334505537301032,YouTube,1,Content Creation,9.82614019154176,0,8.571218535996644,Low,41.804131614513295
21,Female,USA,4.977357130361393,Instagram,5,Socializing,35.99199832111298,1,4.89255976221968,Medium,15.698129606890852
26,Male,India,3.477872934253691,Twitter,1,Education,11.77467831246488,0,9.672434342027062,Medium,38.49828626542406
13,Male,Brazil,3.677722361431605,Instagram,3,Entertainment,30.7756704817362,0,6.581974128457243,Medium,26.212661742077024
15,Other,India,3.097269410907872,TikTok,1,Entertainment,28.84654716207605,0,7.017898999312715,Medium,38.66092986432791
13,Male,Brazil,4.4777374244514565,YouTube,2,Socializing,29.606083867459446,1,7.945355101374035,Medium,21.07842895390609
23,Male,Brazil,5.075854249362935,Instagram,2,Education,38.674775055331146,0,5.140992637760468,High,2.729688672169516
24,Female,India,0.792086422722174,Snapchat,5,Socializing,22.450332239965466,0,7.836948972723216,Low,29.75787630578789
20,Female,USA,3.559847757366467,YouTube,5,Entertainment,29.511343997295626,1,8.638203177800397,Medium,33.1983063907451
20,Female,Germany,1.7211688575051924,Instagram,1,News,23.41944849221667,1,8.666614863922119,Low,69.73627571368388
13,Male,India,3.492064862834238,Instagram,2,Entertainment,16.79965154078001,0,6.288303665246087,Medium,67.79295953479513
19,Male,India,4.41314040777427,YouTube,3,Socializing,32.81718416268654,0,5.311364183691268,Medium,67.04471402277306
18,Female,USA,0.5,Instagram,4,Socializing,12.44328013757049,0,8.323391960995343,Low,53.32650606707372
24,Male,USA,2.727501493513869,YouTube,5,News,28.72490169028726,0,8.376647774060336,Medium,15.921765213946454
24,Female,India,4.296994092877887,TikTok,1,Entertainment,20.34457750803756,1,6.10031742577073,Medium,10.54245200479981
23,Male,India,0.7591102094190685,YouTube,5,Entertainment,15.056494778165106,0,8.160750255534907,Low,0.0
22,Female,USA,3.223841651138845,Instagram,2,News,5.0,1,8.329085381788346,Medium,32.2946497057941
26,Female,Australia,2.3244432564347925,YouTube,4,News,27.044174630050243,0,7.708413648198798,Low,21.15576936268172
24,Male,Brazil,3.566313872444251,Snapchat,5,Entertainment,25.58311181001653,1,5.256259977330389,Medium,66.38905235300872
24,Female,USA,2.309236123828864,Twitter,2,Entertainment,26.33628257181745,1,8.153398298257672,Low,34.082912709249605
21,Female,USA,3.667101593088359,TikTok,4,Education,15.303107302044484,1,7.0867837528989055,Medium,10.889637493378116
20,Female,India,4.827648079210891,Instagram,3,Entertainment,20.891100672554632,1,7.1012163414995095,Medium,38.609131089815946
27,Male,USA,1.3338096690002996,TikTok,1,Entertainment,33.36463112789844,1,7.541180370566069,Low,45.67322048862691
23,Male,USA,4.04797014655016,YouTube,5,Education,19.3192974431004,1,6.045316134728906,Medium,36.38702327408393
19,Female,India,0.5690137994686957,YouTube,5,Socializing,30.83588577548157,1,9.702580330397227,Low,61.684866425730526
18,Female,Brazil,0.5,Instagram,4,Entertainment,29.87127652206719,1,9.294738331974266,Low,37.055830661929775
21,Male,India,4.035545476415943,Twitter,1,Socializing,28.62245851465828,0,7.95805405545868,Medium,40.33008986647878
21,Female,USA,4.158431996843415,Instagram,3,Education,6.892027093784353,1,6.251184213204652,Medium,45.7971957221905
26,Male,Australia,2.639171776502277,YouTube,3,Education,34.15381846542398,0,5.885425902469724,Medium,28.96182131916805
24,Female,Brazil,2.3983524005750345,Instagram,1,Socializing,29.380907447803143,0,8.875662938735601,Low,39.088947324534
19,Female,USA,5.134476861352983,Snapchat,1,Education,41.500025787172326,0,4.464139676594736,High,38.77910817295472
17,Male,India,5.913022412470347,YouTube,2,Socializing,44.71827393872791,0,5.159217045314168,High,47.38693331262358
25,Female,UK,5.164141040733795,Twitter,2,Entertainment,31.00408348971673,1,5.722177190558227,High,23.68285270349261
13,Male,USA,3.066104317682512,TikTok,4,Entertainment,31.87669563073753,0,5.769739961728562,Medium,40.10864807809635
16,Male,USA,2.8525252725528496,Instagram,1,Entertainment,5.0,1,7.8133622474299,Medium,33.447922937857946
14,Male,India,3.2596094450689264,Instagram,2,Entertainment,5.0,1,6.530356243413159,Medium,37.44505637131832
18,Female,Germany,3.759054935428636,Instagram,5,News,32.33989756994916,0,7.4621997443049075,Medium,5.308812642745103
25,Male,Canada,3.1301612228079017,YouTube,3,Entertainment,31.378038553012203,0,6.810695306345516,Medium,52.28380741079101
19,Male,India,3.0253116911566065,Snapchat,5,Entertainment,26.488478497378622,0,6.494646773818943,Medium,52.58825850727403
22,Male,India,5.196138109020195,YouTube,4,Entertainment,45.0393126205715,1,4.820000003050973,High,30.87294865577464
14,Male,USA,3.834387448388313,TikTok,1,Entertainment,29.98688008390885,1,7.534411676412858,Medium,49.10816217884168
25,Male,Germany,3.10995183928904,YouTube,4,Education,37.35008104345445,0,7.281462394063703,Medium,62.58041785038337
15,Female,India,2.0059610666471785,Instagram,5,Socializing,35.410032757660005,0,9.3509922626819,Low,23.229781392292065
26,Female,USA,4.176719164507877,Instagram,3,Socializing,40.26915004437121,0,6.141939950686209,Medium,55.99252603399545
20,Female,India,4.107989682005575,YouTube,4,Entertainment,36.58552205969906,0,6.9954025014139365,Medium,57.38335242717263
22,Male,Canada,5.727518506557008,Twitter,2,Entertainment,9.937430380140134,0,6.1667238165393705,High,56.658415989917735
20,Female,India,6.711674561816038,TikTok,4,Entertainment,31.465153054129964,0,4.680431867447084,High,48.36994818400703
19,Male,India,5.02420252421347,YouTube,4,Content Creation,11.242116216837728,1,7.257145285579834,High,20.3710558951965
27,Female,Australia,2.3226072493043324,TikTok,1,Entertainment,13.74813206476884,0,7.656767435774538,Low,28.19512447711654
22,Female,Australia,2.0478238624726903,TikTok,1,Socializing,33.161408838029935,0,7.611277644228083,Low,45.80087672791269
15,Female,India,3.628952166091785,Snapchat,5,News,22.18660110158536,1,7.224209071178713,Medium,40.62103814696194
20,Male,USA,3.147309198521203,Twitter,4,Content Creation,23.653660435921584,0,6.2109842341393895,Medium,36.07929323650352
26,Male,India,3.4846229204228574,YouTube,3,News,28.185717256782265,1,7.451611077432531,Medium,77.59575521009286
18,Male,Germany,1.956479598943233,TikTok,2,News,20.94348726664845,1,7.709183235146401,Low,25.34107464696872
23,Male,USA,4.056020214951934,Instagram,1,Entertainment,39.04530812367956,1,5.443181622777984,Medium,32.793198639578755
27,Female,USA,3.553177380894058,YouTube,1,News,19.4900732309829,0,7.42807598975112,Medium,45.69250577882352
25,Female,India,5.104066845103159,Snapchat,2,Entertainment,22.989199334958208,0,5.271042390235193,High,50.45952174828953
19,Female,Canada,4.585182962531272,Instagram,1,Entertainment,16.27937693204646,0,5.219711441905231,Medium,49.2284423528632
16,Female,India,6.198640271393456,TikTok,3,Education,11.387285077779309,0,3.603614011277696,High,34.703795804885175
20,Female,India,2.167065915285354,Snapchat,5,Education,38.65708249791675,1,7.614174319169559,Low,42.41944505852819
27,Male,USA,4.911523874785948,Instagram,3,Entertainment,34.19362900299978,0,6.570177312858476,Medium,75.17816283315013
17,Female,USA,1.9596456742305268,Instagram,4,Education,17.76266206786569,1,8.603590769415826,Low,24.85195142889473
26,Female,USA,3.319162559339501,YouTube,5,Socializing,43.42262812092032,1,6.511500705364674,Medium,26.24639053527821
26,Male,Germany,1.5500512531366024,Snapchat,1,Entertainment,15.828094544393274,0,7.184236214710332,Low,81.59161832162181
26,Female,India,2.760426150875656,Instagram,4,Education,17.864162831668295,1,6.97071518197219,Medium,50.55080806737735
21,Female,India,6.478403978534184,TikTok,4,News,37.176119596560994,1,4.792872131020268,High,8.593120251268683
17,Female,Germany,4.272701982601381,TikTok,3,Education,33.44404945442854,0,5.371448146134792,Medium,44.30863777577313
26,Male,Brazil,4.396122050391583,Twitter,5,Entertainment,44.36837968339107,1,4.862415187626756,Medium,17.478677416756167
19,Male,Brazil,2.1022164199212705,Twitter,1,Education,20.71576407143062,1,7.8993548659161315,Low,71.3230128916585
24,Female,India,7.410087733200673,Instagram,3,Socializing,38.66629570525087,0,3.2256732799495738,High,64.5799041587446
27,Female,Brazil,4.213004187889462,Twitter,4,Entertainment,12.99043106277195,0,5.688567736628562,Medium,19.374552264699105
17,Male,Germany,2.5600526270242137,TikTok,2,Education,27.924952957144107,1,7.94692640071745,Medium,47.47485072238388
14,Female,India,4.323004676931645,Instagram,4,Socializing,37.874394640206205,1,6.838961841329844,Medium,81.91975017681924
17,Male,Germany,3.358491807976688,TikTok,2,Entertainment,18.366451363549096,1,7.726106918233085,Medium,35.302722161785915
26,Male,UK,3.403572950063803,Instagram,1,Education,32.73821431134465,0,9.198141968140298,Medium,21.69273107152562
26,Male,India,5.85577582411482,Snapchat,3,Education,8.536036742530243,0,3.910425080488695,High,19.938438230170604
13,Female,India,3.748859715713807,YouTube,1,Education,40.32423821646748,0,7.892041921101777,Medium,4.199276979871847
13,Male,Germany,5.009462094486466,TikTok,2,Entertainment,22.31110435200624,0,5.960276697094596,High,25.580725598740536
14,Male,India,3.0314310611266926,YouTube,2,Content Creation,15.145469576911662,0,6.231638978246532,Medium,10.6470497774197
19,Female,Australia,4.122513127979717,Instagram,1,Entertainment,25.7679868426004,0,6.901950357847538,Medium,50.22539977261484
25,Female,India,1.6708272036121512,Instagram,5,Content Creation,6.559635554632649,1,9.290502824640257,Low,28.79433473787968
23,Female,USA,0.5,Instagram,5,News,25.067453019456504,1,9.838460722597937,Low,41.431821739917154
23,Male,India,4.132982628321017,Instagram,4,Socializing,19.94172207581517,1,6.086188417800045,Medium,49.19839730495396
14,Male,USA,1.553948060089267,TikTok,3,Entertainment,14.345180627836264,1,8.619928887144848,Low,17.409276497451568
27,Female,Australia,4.016001404471252,Instagram,5,Socializing,9.941297678625489,0,7.856159521185463,Medium,5.56520552777377
18,Male,India,3.865942867865048,YouTube,5,Socializing,20.57592913891103,0,7.096107037842337,Medium,59.14297913450288
23,Male,Canada,1.4609629277139744,Instagram,3,Entertainment,6.991493334741236,1,9.22864831349461,Low,61.36318238701114
27,Female,UK,6.202902448177714,Instagram,3,Socializing,46.64370297707165,0,7.290494009698882,High,56.214560771278926
25,Female,India,2.298073603580859,Snapchat,1,Entertainment,7.723414184609567,1,6.761244422702046,Low,66.17820426628676
27,Male,India,0.5,YouTube,5,Socializing,21.108603064721216,0,10.0,Low,46.06849920388706
14,Female,India,6.053911931783581,Twitter,1,Entertainment,25.17535359790056,0,5.448084794738741,High,65.74566098367544
18,Other,India,4.466048330240332,YouTube,3,Content Creation,28.64826314647679,1,6.946107755098408,Medium,39.995285196625055
19,Female,India,4.081163857603142,Instagram,3,Entertainment,30.43811243525792,0,8.149131918623334,Medium,25.454058253755065
17,Female,Canada,3.0444581179075527,Instagram,5,Socializing,31.81833194406858,1,8.024062027511247,Medium,19.58516630250057
18,Female,India,2.5645024134261964,YouTube,5,News,12.621441489482736,0,7.019286490061744,Medium,19.09781153985371
19,Male,India,2.0178655870681794,TikTok,4,Entertainment,31.799533065881405,1,7.940177802663205,Low,9.237422814253296
20,Female,India,2.192224479437272,TikTok,5,News,27.0715551752407,0,7.480856774442825,Low,46.22869613869398
21,Male,USA,3.3849582987197016,Instagram,3,Socializing,44.08447992752505,1,6.413503600734275,Medium,20.188916703757684
24,Male,India,1.455398709251858,Snapchat,4,Entertainment,49.24908347982765,0,8.607763673896564,Low,59.06769145794012
22,Other,UK,4.276187807323783,Instagram,5,Entertainment,26.912265982615693,1,6.553343757043096,Medium,43.65161707976241
14,Male,Brazil,2.4914609163925645,TikTok,5,Education,27.27722237170232,1,7.16084828497232,Low,22.008960651616384
20,Male,USA,3.735506401705385,YouTube,1,Entertainment,28.977772266929712,0,6.16589452206672,Medium,65.4613744906637
18,Male,UK,4.4520857784908365,Instagram,1,Education,31.128537704449947,1,7.322999002179895,Medium,26.867456795717864
17,Female,Brazil,2.3432424684736484,Instagram,2,Education,26.56102414134093,1,8.689639715651818,Low,56.8167573759292
26,Male,India,2.9980778130204038,Instagram,3,Entertainment,20.381983638953063,1,8.583388012718293,Medium,71.49730845625882
22,Male,Germany,3.135188137840559,Twitter,4,Entertainment,5.0,1,7.413798912051449,Medium,48.36724358354067
13,Female,Germany,5.250324574679404,Snapchat,5,Entertainment,25.05395868340969,1,6.89435902246284,High,4.117674504460084
23,Male,Germany,1.1417633500546396,Instagram,1,Socializing,18.65948660568703,0,10.0,Low,69.54827982918687
20,Female,Germany,4.85817382958907,Twitter,2,Education,32.787142473837434,0,6.873744346324294,Medium,63.279892525079006
22,Male,USA,1.802327167301955,Instagram,5,Entertainment,33.80516125316808,0,9.970510849421888,Low,45.17068498929796
21,Female,UK,0.5,Instagram,4,Entertainment,19.725595725954477,1,9.842634486587368,Low,36.04090781931804
21,Female,India,3.1156232033644926,Instagram,2,Entertainment,17.58938840697136,1,8.748011196729266,Medium,20.686237660795097
22,Male,Australia,5.049226020323092,TikTok,4,Education,13.328807865155431,0,7.835430457287057,High,72.25987791161855
21,Female,Germany,2.5614448585872838,Instagram,2,Education,25.19308269150221,1,8.639004896559442,Medium,21.938792787443283
23,Female,India,3.897268307920847,TikTok,3,News,15.965669750609427,1,6.665128399045847,Medium,34.771020160921566
26,Male,Germany,0.7285130447960841,TikTok,2,Socializing,23.631678058340697,1,10.0,Low,33.629684115697046
25,Female,Brazil,5.94699004142067,YouTube,1,Entertainment,32.59713163567761,1,5.841190887109382,High,33.292233239633006
21,Male,India,2.742473535080297,Instagram,3,Education,35.15198111804908,0,9.917473822937655,Medium,17.28392637065521
14,Male,India,3.249430572056614,TikTok,2,News,19.3658503862789,1,7.423227454211766,Medium,16.130241358656086
18,Female,India,1.934277385583872,YouTube,3,Entertainment,24.68583853193302,1,9.006027574847282,Low,52.99206549558853
27,Female,USA,2.261762073693929,Instagram,2,Entertainment,17.131788597075705,1,6.601007192066709,Low,41.74436132758435
20,Female,USA,4.530435039477519,TikTok,4,Entertainment,45.12949931860311,1,5.376831710386602,Medium,57.00139565700157
15,Male,USA,5.26038894779072,TikTok,4,Education,10.205363308733444,1,6.576209272732067,High,49.59415260792459
27,Male,USA,3.6465940771321206,YouTube,1,Education,25.01387830769162,0,8.190757171851885,Medium,21.630140222435458
15,Male,USA,6.989731307613148,Snapchat,2,Entertainment,13.567631248856404,0,3.670934869233745,High,30.37967029545933
24,Other,India,2.601995020877335,YouTube,5,Socializing,18.98589794819822,1,7.895377764177071,Medium,2.3788029471144228
22,Female,India,3.846270126643636,Twitter,2,Socializing,11.347593218099332,0,5.995108015856634,Medium,34.82271784615195
24,Male,India,3.0006152668839774,Instagram,2,News,23.567550697788665,0,7.074574862853448,Medium,44.66006922374572
15,Female,USA,3.8843368896238974,Snapchat,2,Content Creation,22.726826255387653,0,8.170122561157381,Medium,29.84354657160302
15,Male,Brazil,4.368044393062258,TikTok,5,Entertainment,24.243369128467226,1,5.313601363742833,Medium,54.04773724949733
17,Male,Australia,4.622227900204482,Instagram,3,Entertainment,20.237572327623067,1,7.312240722914563,Medium,27.462981128917686
13,Female,Canada,2.196959099643757,Instagram,3,Entertainment,12.080657393220552,0,7.034122629025284,Low,69.02289042490595
23,Female,USA,2.0033867766578237,YouTube,5,Entertainment,17.96476521286435,0,6.710211350022897,Low,0.0
21,Other,India,3.263171579717182,Snapchat,5,Entertainment,29.057117195813458,1,7.640116121374661,Medium,38.54438890528456
19,Male,USA,3.474737245891792,YouTube,2,Socializing,20.496779760271146,0,7.302630184365139,Medium,49.579926248445446
20,Female,USA,2.5812627385639404,YouTube,3,Socializing,23.501558043127574,0,8.034878403608348,Medium,19.24485420948122
20,Male,India,2.4819117448647434,Snapchat,5,Entertainment,24.80434606155016,1,7.069252042169102,Low,27.02347603769122
18,Male,Australia,5.253120646489173,TikTok,1,Socializing,9.643500395901745,0,2.54653277437991,High,40.059278278928375
19,Male,Germany,5.618462635045452,TikTok,4,Entertainment,34.75668990685967,0,5.355119445295513,High,62.4033708773424
22,Male,Germany,5.421203169957123,Snapchat,3,Socializing,21.84325740984935,1,8.450182056135048,High,29.17975137376272
18,Female,USA,3.2297896893550533,TikTok,4,Entertainment,34.01072985649973,0,6.723580257250365,Medium,95.87563399950308
20,Female,Germany,1.2030301709145317,Instagram,2,Entertainment,14.134806761651312,0,9.772497873509773,Low,6.697442398666304
19,Female,India,7.626773490856843,Instagram,4,Education,11.330348505938286,1,5.05095437147236,High,51.64414041890375
15,Male,India,1.94757609583439,Instagram,1,Entertainment,5.0,1,9.44419473113351,Low,49.89403002254771
24,Male,UK,3.9650145340139007,YouTube,1,Socializing,29.01503701166732,1,8.007914387503392,Medium,48.274124160102176
14,Male,UK,4.059889200101688,Instagram,1,Socializing,18.88110450850632,0,7.16008579667287,Medium,67.21932335532064
27,Male,India,1.4107524870908763,Instagram,1,Content Creation,31.432494620228773,1,8.00587744056437,Low,39.189412951903954
22,Male,India,4.668785821723374,YouTube,1,News,18.168921356942924,1,6.902431041679294,Medium,68.4258524058522
24,Female,Canada,3.792913110918082,Snapchat,1,Entertainment,26.22770715239041,1,7.303696458610759,Medium,14.49300005994454
21,Male,India,3.207922791327003,Twitter,4,Education,15.630303345089994,1,7.908630661157127,Medium,28.20774047858872
14,Male,Brazil,2.669108556568605,YouTube,2,News,24.14605687540792,1,6.760507927872397,Medium,70.95028880839811
14,Male,India,3.3399584985624027,Instagram,3,Entertainment,24.581907251374822,0,7.5441390438134865,Medium,26.73758800336476
18,Male,USA,2.8686942774053885,Twitter,5,Entertainment,5.0,1,8.245163286989875,Medium,46.07977249200835
17,Male,India,1.7864883801464442,TikTok,1,Content Creation,13.911228984793528,0,7.711382963224607,Low,47.228295936486695
20,Male,India,3.741887975451541,TikTok,3,Content Creation,35.11288475358752,0,7.451256153458964,Medium,26.559205379847143
27,Female,Germany,2.7293203435136286,TikTok,3,Entertainment,7.533299637738906,1,7.442343073799591,Medium,13.374220663279154
13,Female,India,3.718953065160829,TikTok,3,Entertainment,26.277645198069617,1,6.772995888696382,Medium,34.10433755072752
24,Male,Germany,2.5864101437577087,Instagram,1,Entertainment,23.51119931586211,1,8.451062201091869,Medium,58.59656381779155
19,Female,USA,2.151276341219434,TikTok,2,News,21.920208190409603,1,8.177087796665337,Low,46.90200021447106
15,Female,USA,2.974340404065881,Instagram,2,Entertainment,17.958675637706776,0,7.944173693789405,Medium,16.125570707167057
24,Male,Germany,2.1518598445475403,Twitter,4,News,21.72198818798988,1,6.608411955610786,Low,25.634969581518675
22,Male,Brazil,5.929483709467757,Instagram,2,Entertainment,31.898785457548986,1,5.375575636537858,High,76.88363711709749
26,Other,India,5.6699375646400005,Instagram,3,Entertainment,40.25975446930768,1,5.307913120812642,High,55.19273544402062
17,Male,USA,5.398327021043743,Twitter,3,Socializing,23.147315216948197,0,5.826950804700172,High,25.224491904289582
14,Male,India,0.9423987757568856,Instagram,2,Socializing,25.318721800198546,1,8.649599803621316,Low,39.884688242869245
23,Other,Germany,1.7341799111903256,TikTok,1,Socializing,22.801952579116403,1,9.242660564079348,Low,58.79077876779199
13,Male,India,3.790368757229786,YouTube,4,Entertainment,33.851140377842455,0,7.388509711831617,Medium,39.82050695817824
22,Female,UK,5.412385285643204,YouTube,2,News,28.970536865454317,1,5.873125875394554,High,27.48503486766696
26,Female,Canada,4.953921820564973,YouTube,4,News,34.290524481828406,1,6.907434736967682,Medium,0.0
19,Male,Canada,3.3336844415916675,YouTube,1,Entertainment,26.590248838081287,1,6.826357727572994,Medium,25.78857890809088
26,Male,India,2.7046522500922547,YouTube,5,Socializing,21.14536389155906,0,9.539088592137285,Medium,44.2450689673111
23,Female,USA,4.586671860011559,TikTok,5,Entertainment,20.673357522759183,1,7.042506603283256,Medium,20.41707603165789
13,Female,UK,5.148797261958935,Instagram,2,Entertainment,25.136055549188477,0,7.171894596360488,High,0.1435841746092663
16,Male,India,4.606009887934409,TikTok,3,Education,30.72607591251224,0,6.73294500396034,Medium,38.772151432679486
26,Female,Canada,1.412460287009317,Snapchat,3,Socializing,9.598607057180129,1,9.433476728591408,Low,66.99724298265949
17,Female,UK,2.8969061234661484,YouTube,5,Education,33.60749829080704,1,7.823097308953978,Medium,51.33197163940329
25,Male,Brazil,0.7280857938123235,TikTok,1,News,24.71563180584048,0,9.832827309354233,Low,46.24748982583395
22,Male,UK,2.9850156986257943,Instagram,2,Socializing,30.99045150603792,0,8.706279936153079,Medium,22.95291779813915
26,Female,India,6.69590541808443,Snapchat,1,News,17.61128345618731,0,5.078910482003341,High,24.042534483394466
14,Male,India,0.5,YouTube,4,Socializing,26.94402119295635,0,8.246852583572274,Low,25.27752611024057
25,Male,USA,1.817416838185468,Instagram,5,Entertainment,29.681723715698386,0,8.313659722875821,Low,59.63687822105164
17,Female,Germany,1.5722576294196733,Twitter,5,Education,28.605227238628,1,8.624366203806225,Low,61.309049555248265
22,Female,Brazil,2.947057035495408,YouTube,1,Entertainment,14.93946996791118,1,7.234420931785348,Medium,53.58893145872487
21,Male,USA,4.184275744324979,YouTube,5,Entertainment,30.03021689315806,1,5.598240362785391,Medium,45.620417496446095
21,Male,USA,1.9151596558290012,Instagram,2,Entertainment,22.864420713462778,1,8.427531682828741,Low,19.35082326571192
22,Male,Canada,3.4619399804673905,Twitter,5,Socializing,28.33994520844256,1,8.187635006083898,Medium,53.17256239088202
20,Male,USA,0.5,YouTube,2,Socializing,40.749999974245526,0,9.97710326584615,Low,49.65277640378764
27,Female,Brazil,4.295400653675207,YouTube,4,Content Creation,24.105746220899302,0,6.076118255955093,Medium,56.59489114698486
26,Female,India,4.862413276494161,YouTube,1,Entertainment,26.568484196573493,0,6.584355989431894,Medium,38.42542895456464
14,Female,Brazil,1.8950321297913304,TikTok,3,Entertainment,34.10454416382228,1,9.94485286133446,Low,36.7289321398025
16,Female,Australia,0.5,YouTube,2,News,28.980003697441227,0,10.0,Low,53.72260020512614
13,Male,USA,3.740819381631791,Twitter,5,News,32.67277270700808,1,7.692483758761227,Medium,66.5811921318765
22,Female,USA,4.8792858943694775,TikTok,4,Entertainment,12.217373588386046,1,5.281237649240969,Medium,0.0
25,Female,Canada,4.374717566768809,YouTube,5,News,11.475044114424207,1,5.334164275965646,Medium,44.03083919376637
16,Female,India,4.461467285174392,TikTok,2,Socializing,31.5322664612178,1,6.914130379896003,Medium,20.20166795091748
23,Male,Brazil,3.457772957489534,TikTok,1,Socializing,28.330109613624348,1,6.922697817011819,Medium,80.29326692631443
14,Male,Brazil,4.357102968427101,YouTube,4,News,18.45429581673733,0,6.982227499918377,Medium,0.0
19,Male,USA,2.5220532976284966,TikTok,2,Education,15.70074407071601,1,8.087564337350686,Medium,56.77748088982118
27,Male,India,2.2243652914415843,Twitter,5,Socializing,24.625201238923243,1,6.450832108863528,Low,24.8347539420414
27,Female,USA,4.827758878438889,Twitter,5,Entertainment,37.80638522102044,0,7.257702013130563,Medium,26.64618478564053
26,Female,USA,4.06034853543396,Instagram,3,Education,18.70091343310559,1,5.654459091376604,Medium,48.66712187361934
14,Other,Germany,3.370602650949229,YouTube,5,Entertainment,17.964201668450933,1,6.497587337156669,Medium,38.48191604588711
13,Female,India,6.50682858947704,YouTube,2,News,46.123992740827006,1,4.319652989331942,High,25.190387198029924
27,Male,UK,2.554921527520273,Snapchat,3,Entertainment,12.446011140220977,1,7.416923030568993,Medium,27.25932308598346
20,Female,USA,5.838689901989785,Instagram,3,Education,31.403587621418566,1,4.932400997966478,High,9.010458517231148
26,Female,Germany,4.152913474202967,TikTok,4,Entertainment,27.57956419117357,1,7.637628989047249,Medium,18.62834504889396
18,Female,India,1.7712501183434235,Instagram,3,Education,10.05338114330264,1,10.0,Low,26.94568314255664
18,Female,UK,3.769162442926061,TikTok,3,Entertainment,29.451494485720595,0,8.3291000566769,Medium,56.36059411601245
18,Male,India,2.838591514171414,Instagram,4,Education,9.146216372791669,1,7.32162086563567,Medium,37.531873418940734
26,Male,India,2.459929153274291,YouTube,4,Education,22.147873133147463,1,8.025476214102367,Low,9.075190675293976
13,Male,India,6.058377629012466,Instagram,2,Entertainment,25.97413017677849,1,5.253359835775096,High,24.30930362845438
14,Female,USA,5.081623681223915,TikTok,2,Entertainment,27.69860021447823,1,5.515654466421945,High,36.86926686495359
16,Female,Brazil,2.976287760723238,TikTok,1,Entertainment,30.01182612481901,1,7.598757821587057,Medium,27.238582475650933
23,Female,UK,3.8034047507091344,Twitter,5,Entertainment,31.0727409188218,0,7.373917912253793,Medium,41.34153055988869
23,Male,India,3.822220732704071,TikTok,2,Education,20.49377159163882,0,7.850087595293871,Medium,49.85699007757818
17,Male,India,4.093425749018926,Instagram,1,Socializing,18.86826339104075,0,7.615635250815282,Medium,65.8863659183709
19,Male,USA,6.529769069708916,Instagram,2,Entertainment,46.18103066691975,0,5.022049498686709,High,43.590742593915245
27,Female,UK,4.922824845676277,YouTube,3,Socializing,31.00605789456907,1,4.499278012558808,Medium,49.6120561991184
18,Male,Germany,3.34786461628902,Instagram,2,Entertainment,38.74261048837796,0,7.126255756895091,Medium,63.169629941728175
15,Male,Germany,0.7236007242528761,Snapchat,3,Entertainment,27.939798982739603,0,9.06157777604982,Low,21.81297657325084
24,Female,India,1.6938863230019037,Instagram,5,Entertainment,25.72547036304465,0,8.485164868078567,Low,17.0086701981351
24,Male,USA,1.428296614620039,Instagram,1,Entertainment,24.305704667576368,0,8.894462189529515,Low,48.37748054668069
19,Female,Canada,4.623837454065914,Instagram,5,Entertainment,24.09566818778944,1,5.773102740731706,Medium,56.95635743944787
15,Female,India,3.29836886175244,Instagram,2,Education,36.34239408772361,1,8.800854401290916,Medium,0.0
17,Female,Brazil,7.016936414194358,Instagram,2,Socializing,51.857030613319566,0,2.727387562348881,High,38.1966627891008
18,Male,India,2.6145420548907463,YouTube,2,Education,36.212117132564,0,8.128694626578518,Medium,78.38633025867276
20,Female,USA,4.626061441995083,Instagram,2,Entertainment,17.86775563230461,1,6.506765493561076,Medium,77.56650685543217
24,Female,India,0.858272514263466,Instagram,5,Education,10.040304212139835,0,7.908801759467819,Low,43.38198916131088
13,Male,Australia,3.0498810988396468,YouTube,3,Entertainment,14.962310063630651,1,7.249658871588539,Medium,11.278279069885045
25,Male,USA,4.7027478925393815,Snapchat,3,Entertainment,5.259549288033519,1,7.579087539771827,Medium,29.851411314703977
13,Female,India,3.0541363805555446,YouTube,2,Socializing,21.403498944521598,1,6.090794211719899,Medium,44.15945970498122
13,Male,UK,3.049958175098225,Instagram,3,Education,34.08384296005261,1,6.764674881737201,Medium,59.52725873610519
21,Male,USA,5.414967613191553,TikTok,3,Entertainment,17.87810783571581,0,7.033535739651046,High,98.68107117393347
13,Male,Brazil,5.873629653209024,TikTok,3,Education,8.979526730000341,1,6.074785155851481,High,70.95048145347656
14,Male,India,1.8772207477033769,Snapchat,2,Education,38.10921489530409,1,7.02653838368034,Low,7.970912123333889
22,Female,Australia,3.7237279174977513,Twitter,4,Education,29.01939978843936,0,7.73662646099006,Medium,29.245062095055832
16,Female,USA,4.635375808311541,Twitter,3,Entertainment,12.720297495041828,1,6.469885373973442,Medium,72.52042896468814
16,Male,Germany,4.430335592111374,Twitter,4,Socializing,27.666349853897845,0,6.24673402512996,Medium,25.760101959084835
14,Male,India,4.595785020321521,TikTok,2,Education,28.007022230689014,1,7.602337841314799,Medium,29.673313418806373
22,Female,Brazil,2.2219831437134387,Snapchat,5,Socializing,26.39425061770332,0,9.094294224183688,Low,26.91233408729629
22,Male,India,2.4917925194883934,Snapchat,4,Entertainment,34.03193259989858,0,7.811635761483076,Low,26.201531552408845
26,Female,Australia,4.720550769496131,Instagram,3,Socializing,11.605091587707308,1,6.084633147187983,Medium,50.13327919977065
15,Female,India,4.434411391231226,YouTube,1,Education,20.22312827049496,1,8.104589575641537,Medium,52.306744289809984
21,Male,Germany,2.4044992187927727,YouTube,4,News,16.533010331144844,1,9.551790169117094,Low,42.36835028502638
15,Male,India,4.645234067857064,YouTube,1,Socializing,21.828093627611597,0,6.459907542410143,Medium,26.62110053943513
25,Female,India,5.256254347321336,Instagram,3,News,19.07500525551388,1,5.184183456870614,High,23.28686423906539
22,Male,Brazil,3.1800476452833326,Instagram,4,Socializing,27.68699279751505,0,8.945837496201618,Medium,64.22982275224979
21,Female,Canada,1.5911292376218928,YouTube,3,News,5.290360795677195,1,8.015549431301755,Low,79.10994040089963
22,Female,Germany,1.593704319706909,Twitter,1,Entertainment,33.31079162450533,1,7.072068657006914,Low,39.18223424112757
21,Female,India,3.851707408266493,Instagram,5,Education,30.695618727884096,1,4.588554886610018,Medium,25.152025517030964
15,Male,Germany,6.566990216205856,TikTok,2,Socializing,12.861117311964088,0,4.432096007484318,High,28.940020780148643
25,Female,USA,2.064917621136121,YouTube,4,News,33.04919139323303,1,9.58803506006712,Low,60.63484174685348
18,Female,India,2.154155108124385,Instagram,2,News,35.75341779788465,0,9.410481195613356,Low,68.09019281714384
20,Male,Canada,1.7985854395566552,Snapchat,5,Socializing,14.75243274987568,0,7.8824503406321105,Low,56.98833724383725
22,Other,India,2.982784867270931,TikTok,2,Entertainment,16.95041609495879,0,6.803295433679018,Medium,3.725932593713011
26,Male,Australia,4.506750401093797,YouTube,1,Education,24.43885153299888,1,7.226475682235437,Medium,27.017393253388025
26,Female,Canada,5.282416834052489,TikTok,2,Entertainment,35.24163270073068,1,6.5750547114454925,High,33.20504925329039
20,Male,India,4.054209706590726,TikTok,1,Content Creation,30.76175549190507,1,7.6001584967528,Medium,0.0
13,Male,USA,2.812800623185055,Snapchat,5,Entertainment,25.319311825915232,0,8.114665041232097,Medium,72.1311862391404
24,Female,USA,0.8547962404790255,TikTok,3,Entertainment,20.414533796413156,1,8.755813914383744,Low,55.46003123102692
16,Male,Brazil,7.057080979748757,YouTube,1,News,32.43028229182053,1,4.841002583546607,High,14.87833117103284
21,Male,Germany,3.5598451591599973,YouTube,4,Content Creation,10.99125383096364,0,8.732096649355553,Medium,32.65252920400671
14,Male,Brazil,2.606810589240661,YouTube,4,Entertainment,26.594309317197663,1,6.693551865791792,Medium,60.76568696417762
26,Female,India,6.587060573514106,YouTube,2,Education,26.291666039229845,1,4.222059628468229,High,60.40303436918701
24,Male,Germany,3.8518074278467305,Twitter,5,Content Creation,18.84840690943697,0,7.781954855290669,Medium,38.966394120190174
24,Female,India,3.2344798702271564,Instagram,3,News,30.497469743117723,0,9.261454272475332,Medium,49.54587362407952
15,Male,India,4.158304967037358,TikTok,5,Entertainment,20.40246260328588,1,7.676419693676335,Medium,61.53947957891391
17,Female,UK,6.828280496400583,Instagram,1,Education,9.515829933721808,0,4.194988156432781,High,17.057939382462184
21,Female,Germany,2.3946165911652058,YouTube,4,Education,13.460124140889512,0,7.061683427734438,Low,45.17344600575457
27,Male,India,3.835353209231908,Twitter,2,Content Creation,40.85082175874749,1,7.260161885247316,Medium,19.59837007256016
17,Female,Germany,4.179518904339624,Twitter,3,Entertainment,14.718654969014793,0,7.015793591654842,Medium,73.19046266289018
22,Female,Germany,2.857940105174942,TikTok,2,Education,25.23748884776347,1,8.024300420020893,Medium,26.152978169179956
23,Female,USA,0.7520059295945032,TikTok,1,Education,24.31985061610891,1,10.0,Low,27.560038603329996
24,Male,USA,4.0681397324899145,TikTok,4,Entertainment,17.65060255934487,1,7.990148554258531,Medium,53.38186709027648
20,Female,Germany,3.6022799255149542,TikTok,4,Entertainment,21.354479193906634,0,8.032001383777427,Medium,21.546967576915968
17,Female,Canada,3.445380492557557,Twitter,5,News,11.5188427018246,1,5.038018652961187,Medium,29.3420592171474
16,Female,India,3.7990387488159,Snapchat,3,Entertainment,18.72313487773951,1,5.166457550356684,Medium,61.81157372518139
23,Female,Germany,3.408312076826164,Twitter,1,Content Creation,23.541423970914828,1,7.780462887901369,Medium,28.943293013643256
22,Female,Canada,3.4470103464004502,YouTube,5,Socializing,11.723825771328832,1,8.023770345879038,Medium,36.22657395403486
19,Female,UK,4.839304639991449,Instagram,2,News,22.09985035735299,0,5.346397180340831,Medium,32.67910232420224
13,Female,India,3.441604688747461,Snapchat,3,Socializing,22.18026564627627,1,7.036732486291493,Medium,63.62279476312608
27,Female,UK,3.5722423066368183,Instagram,1,Socializing,24.4325908255611,1,5.8877657257694525,Medium,34.24085659707358
24,Male,USA,6.344157199745149,Instagram,1,Socializing,34.08997460237341,1,5.230386046786583,High,54.43641785711277
17,Female,India,4.609449682609475,Instagram,3,Socializing,48.025856931340414,1,4.7331671506426165,Medium,15.057495218086604
26,Male,Australia,0.5,Snapchat,1,Content Creation,17.17034733393256,1,8.082676164013007,Low,68.27215826807502
20,Female,Canada,0.9385528320121144,YouTube,4,Education,22.649270551675556,1,10.0,Low,52.36128044395272
17,Male,India,3.648777000588337,Instagram,4,Entertainment,16.718736335070133,1,7.688975494235475,Medium,23.598628972956707
17,Male,USA,0.8735113357209423,Twitter,5,News,17.891124094725654,1,8.646156260681076,Low,41.16873130942199
27,Male,Germany,1.6727016396081438,YouTube,3,Socializing,33.34472458288913,0,8.523260229058407,Low,53.67134317527576
20,Female,India,2.2327787995413693,YouTube,3,Socializing,15.614770259880864,1,6.901667062143412,Low,44.90448786058351
16,Female,India,5.059758381426518,Instagram,1,Entertainment,32.232316225237994,0,7.131813452775088,High,47.49689146125125
26,Female,USA,2.649932692549604,Snapchat,1,News,13.300552673588902,1,6.809864364750899,Medium,20.521312905953504
20,Male,UK,3.3735612382402858,Instagram,2,Socializing,21.525653263515203,1,7.23390491903334,Medium,31.22797916278149
14,Female,USA,5.032391542723474,TikTok,2,Entertainment,24.04838058087121,1,6.850712204246625,High,22.927725273955076
26,Female,Canada,3.924911276485422,Instagram,5,Entertainment,29.18367290413138,0,7.5200299838589215,Medium,51.30009847430903
20,Male,UK,1.2191567256684066,TikTok,5,Entertainment,28.478820891709702,0,8.63274569414343,Low,27.653365002086232
23,Male,Brazil,5.355091860960588,Snapchat,4,Entertainment,25.598331080796218,1,6.058081805666534,High,45.92629027570544
23,Male,India,6.519779410813733,Snapchat,1,Content Creation,29.97702010803521,1,5.478752294550706,High,38.1354890522145
24,Male,Canada,5.149331240087087,TikTok,3,Entertainment,31.189085517351685,1,3.9644700158639337,High,51.06603219784759
25,Female,USA,3.91502465800608,YouTube,1,Entertainment,31.146833560268217,0,5.488152228761156,Medium,14.225410619253443
13,Male,India,5.780363268882541,YouTube,5,Entertainment,21.62998201579456,1,6.409913343008542,High,40.484431311131054
13,Male,USA,3.0753052981398854,Snapchat,1,Socializing,32.08139856473968,0,7.136498783122542,Medium,60.73545224470419
26,Male,Canada,1.7394813864047156,Snapchat,1,Socializing,5.414352838645051,1,8.446580551309935,Low,12.636549578995483
17,Male,UK,4.104285001321854,Snapchat,3,News,23.556045505738396,0,6.181097770878132,Medium,36.114524318047295
16,Male,India,0.5,TikTok,1,Entertainment,17.074886602413187,1,8.85468355722437,Low,23.51847358660991
24,Other,India,5.6808302052465685,TikTok,4,Socializing,26.219307319146974,1,6.157022037785211,High,49.07033915777808
19,Male,India,2.1852035352049954,YouTube,2,Socializing,32.33721909177066,0,8.320380592994015,Low,91.07227144862772
19,Other,USA,1.230980642350127,YouTube,5,Entertainment,31.286519228641183,1,9.93877268975841,Low,21.018976955457656
15,Female,Canada,4.481463344624682,Snapchat,2,Entertainment,32.907970445407784,0,6.905115392397404,Medium,32.81974620197396
15,Female,India,2.42930801602792,Instagram,4,Entertainment,26.496160695358373,1,9.482411438993388,Low,51.899208734478975
16,Male,India,0.8224605751786158,Twitter,2,Entertainment,19.143726382377885,0,10.0,Low,50.19083137873861
17,Female,UK,2.8716360871708435,YouTube,2,Socializing,17.269028370854365,0,8.193553723223843,Medium,32.165842363958234
22,Female,India,1.4544528079655628,Instagram,2,Entertainment,19.278827373130607,0,7.938670044680469,Low,58.47885466742987
19,Female,Brazil,2.04993359292979,YouTube,1,Socializing,22.07039441162542,1,7.92748937979852,Low,51.64563094817504
26,Female,Australia,6.057125514253892,YouTube,4,News,14.04661459731646,1,7.162344770294184,High,37.87385084651381
25,Female,UK,2.864352307141849,Twitter,5,Entertainment,32.28344839982513,0,8.265734428039353,Medium,49.78439906395887
19,Male,Germany,3.0286033957566767,YouTube,4,Entertainment,41.5992070806494,1,5.967636968816095,Medium,57.151523653493726
13,Female,UK,2.2466825428767168,Snapchat,4,Socializing,6.334573005890476,0,7.048421865865709,Low,38.17150211739571
23,Male,India,4.45666998807472,TikTok,5,Entertainment,19.99375527529696,0,6.672374792101017,Medium,29.762022977238995
23,Male,USA,6.729435715367314,Twitter,4,Entertainment,35.27290372289458,1,2.879452513301504,High,42.52391963743112
22,Male,India,2.298868330134626,Twitter,2,Education,29.02550747361149,0,7.281807668718696,Low,39.92931264601666
25,Female,USA,4.063707932825233,YouTube,2,Socializing,26.49200914852808,1,7.298434276257444,Medium,35.40855734900665
21,Other,Brazil,3.442669482251843,YouTube,5,Socializing,35.80045619734144,1,8.684080028741565,Medium,25.355808951438867
15,Male,India,3.348002633217668,TikTok,1,Education,25.41702054204361,1,6.622417263248755,Medium,38.454512380791485
14,Male,Canada,3.777655344726381,TikTok,4,News,29.10447722271088,0,6.033867742183525,Medium,55.17788683684183
22,Male,Canada,2.5845221902073723,TikTok,4,Entertainment,36.198023925762186,1,8.044808583908587,Medium,42.2392316937503
14,Female,USA,2.2539364531548656,TikTok,3,Entertainment,26.971718269154533,1,8.621933612426464,Low,34.139162515498946
24,Male,USA,4.711066353669388,Instagram,4,Education,10.630725425374257,1,5.434484038187391,Medium,42.795246995468766
15,Male,USA,1.917001529350724,Twitter,4,Education,19.240115774228133,0,7.003545808806865,Low,16.384975881268566
20,Male,Canada,2.502113394552247,YouTube,2,Entertainment,20.879269260138432,1,7.129667801047168,Medium,41.287128665867016
16,Female,UK,1.8463211627555665,Instagram,2,Entertainment,20.497331618614982,0,10.0,Low,82.48336618778515
27,Male,USA,3.4007198724811234,Twitter,1,Education,21.41756030654275,1,7.0868368820881855,Medium,78.39097003571067
25,Male,Canada,3.9026048268777553,TikTok,1,Entertainment,28.01615432907016,1,6.3485045232259445,Medium,21.66274796066041
25,Other,India,4.619901532017609,TikTok,2,Education,34.706555948229706,0,7.0727642106703135,Medium,53.26917410761091
27,Male,India,4.773716277330503,YouTube,4,Education,21.113198243383422,0,6.136863262049024,Medium,62.84368056377286
13,Female,Brazil,1.737017098210252,Snapchat,1,Entertainment,5.726133971218587,1,8.940460736332149,Low,54.60245833971307
18,Female,Brazil,5.8446310450535925,Twitter,5,Entertainment,30.40256671103692,1,6.108926503059467,High,0.0
22,Female,Brazil,2.784548798225876,YouTube,1,Content Creation,19.926698504359177,1,9.006601204186882,Medium,10.89399087023141
22,Female,Germany,4.910524347515607,Instagram,5,Education,36.033161764893954,1,5.519582125883316,Medium,31.065180622885908
26,Female,USA,1.7250896589512597,TikTok,3,Entertainment,24.07765450406229,1,8.984843249776107,Low,41.19158340795381
17,Male,India,4.308770728729567,YouTube,1,Education,46.86220721728746,0,4.807436388587604,Medium,47.69100331265739
20,Female,India,4.270044144854319,Snapchat,5,Education,18.98615181607702,0,6.619392648670528,Medium,66.97007894513624
21,Male,India,2.997533424631378,YouTube,4,Socializing,5.16390596359166,0,8.946614738329858,Medium,47.25480757682893
13,Female,UK,2.6345852994942884,TikTok,1,Content Creation,34.42771822462434,1,7.621446073456402,Medium,26.03665737960848
21,Female,India,2.03587935923116,Snapchat,1,Socializing,19.61958626132836,0,8.413158279538752,Low,38.17908387691921
25,Female,India,2.9822425250494207,TikTok,3,Education,29.14397989641888,1,8.949448657127983,Medium,80.23313429571348
23,Female,USA,2.55226655396496,Snapchat,4,Socializing,15.891659573393358,0,8.463410261308514,Medium,44.69946224349162
27,Male,India,2.803209130199206,TikTok,1,Socializing,19.22730336091013,0,8.567850159038299,Medium,26.208431719360757
27,Female,India,4.841993652493075,YouTube,5,Socializing,27.608349858348173,0,4.627249802644086,Medium,0.0
19,Male,India,1.9725722015680975,TikTok,2,Socializing,28.812582673902543,0,9.196678949875926,Low,40.22283115746479
17,Male,UK,3.2421253313291496,TikTok,1,Entertainment,35.840379930421875,0,7.563021226112253,Medium,33.5066394611706
22,Female,USA,5.287608068231036,Instagram,3,Entertainment,15.685725894450432,1,5.999776793563058,High,40.13708152509043
24,Female,India,2.294334104608383,Instagram,2,Education,20.68578624572953,1,7.315553181711107,Low,8.155815492741844
26,Male,Canada,0.824814411649609,TikTok,2,Socializing,7.529965971025078,1,9.010320270654516,Low,54.29953249652164
19,Male,India,4.11504697177342,TikTok,3,Education,5.0,0,5.45727657367713,Medium,19.96609661985969
22,Male,India,2.341590647452988,YouTube,3,Entertainment,33.3087768445966,1,8.220786253809285,Low,20.45533943476676
17,Female,India,3.042186632458775,Instagram,1,Education,38.226634370025394,0,7.76199400639282,Medium,46.3006627919782
21,Female,India,5.065549311472986,YouTube,2,Entertainment,25.088318766465395,0,6.278395486592485,High,34.811572603612774
22,Female,Germany,2.8018054821648355,YouTube,2,Entertainment,33.07344231707539,1,6.6796260749206064,Medium,81.5004360891052
17,Male,USA,3.944226940854442,TikTok,3,Education,33.235699178375405,0,7.276316137324283,Medium,40.45839712836701
18,Male,Germany,3.970470510779741,YouTube,1,Entertainment,12.748964261345268,1,7.171642571861694,Medium,53.25165649507308
21,Male,India,3.741121909617021,Instagram,5,Entertainment,35.25612061791345,1,5.911751848459907,Medium,0.0
21,Male,India,3.8444727770363993,YouTube,3,Education,28.73679532862185,0,6.5104465083994345,Medium,46.812609339309226
22,Female,India,4.45568022013841,YouTube,5,Entertainment,26.64121542681024,0,5.829673083302282,Medium,62.2738223809075
21,Male,Canada,5.177571752004329,Instagram,5,Education,33.23559740140264,1,5.073650252697454,High,33.024345002325816
16,Female,India,5.27992131222946,TikTok,5,Socializing,25.75402033560006,1,6.003760604954933,High,43.48114982402457
22,Female,USA,4.486936267409936,YouTube,3,Education,6.201752790080363,1,6.2835536291991865,Medium,54.14838313790101
14,Male,India,1.5769065643645552,Twitter,4,Education,30.78541009895627,1,8.829346825696566,Low,68.90953889527117
16,Female,Brazil,3.622800666785468,TikTok,5,Education,43.74283755405333,0,6.101754830945699,Medium,16.488378198513153
14,Female,Brazil,0.5,YouTube,5,Entertainment,17.19188090217084,1,9.841532177077408,Low,66.40346277804875
21,Female,India,3.1657522448077247,Instagram,4,News,28.304211948557224,0,7.306896696445506,Medium,33.97952145737681
26,Female,Germany,3.5508864493521086,TikTok,1,Entertainment,12.717339908946412,1,7.051430566308299,Medium,17.15527100740306
20,Male,Australia,3.7960359033890447,YouTube,5,News,27.424377990789356,1,8.236052303291617,Medium,43.47967799002755
15,Female,Australia,2.817289823627429,TikTok,3,Entertainment,21.36784954967563,0,7.615399753842212,Medium,0.4171809167644795
22,Female,USA,1.9962689007942729,TikTok,5,Entertainment,25.728969660962196,1,8.501157834322614,Low,51.1748798490818
21,Male,USA,3.3608864510944074,Twitter,4,Entertainment,26.26349632446906,1,6.173734884844321,Medium,28.482526266333306
14,Male,Canada,0.8106884304580042,Instagram,4,Entertainment,11.732528935250006,1,10.0,Low,18.66887831428234
21,Male,USA,1.6143883823988894,Snapchat,4,Entertainment,26.29248922521603,0,7.997356882230036,Low,52.41780856574275
16,Male,UK,3.0609025701868244,TikTok,4,Socializing,15.308402553557928,1,8.418230885599845,Medium,30.398354539269192
19,Male,Germany,2.08049569647263,TikTok,3,Content Creation,30.65195678801607,1,9.2535980779352,Low,44.36324659100353
26,Female,Canada,3.400852657276624,Instagram,2,Socializing,21.312146305389525,1,5.177238206776035,Medium,52.47320404334241
19,Female,USA,4.2576651708351045,YouTube,5,Entertainment,24.27280243020851,1,6.132006158231738,Medium,25.54152256510369
20,Male,India,5.497830815307093,Twitter,3,Entertainment,21.876132367936403,1,6.73351393417174,High,36.90989814673127
22,Male,USA,2.6821709587478004,Instagram,4,Entertainment,36.84386529999894,0,9.009416671602075,Medium,41.61329932041435
13,Female,USA,3.641603620087672,Instagram,5,Education,28.91570467519589,1,7.332588934531931,Medium,30.93879966968649
18,Female,India,1.607372067771463,TikTok,3,Entertainment,24.64106307431434,1,8.155405860084555,Low,53.36585786993972
18,Female,India,3.675533088926219,TikTok,3,Entertainment,16.931244535689846,1,8.128035369314562,Medium,56.414147262390784
24,Male,USA,1.932490707434745,Snapchat,1,Entertainment,37.458480627655,1,9.349892393359392,Low,59.1222000539763
26,Male,India,4.8562829536513,YouTube,5,Entertainment,24.13849329169882,1,5.631287637817207,Medium,31.172611168694186
27,Female,India,6.810531582254418,Instagram,3,Socializing,28.313071171910067,1,4.521077342963348,High,19.495279512743107
19,Other,USA,4.271999156283391,Instagram,2,Entertainment,44.457801926909696,1,6.245503606320404,Medium,55.18096066086092
21,Female,Germany,2.3377572143241085,Instagram,5,Education,16.941292227825883,0,8.241160228712886,Low,62.79742812499332
22,Female,India,2.029679752121104,YouTube,5,Entertainment,44.357110444862,1,8.637832353711925,Low,53.64987350138856
17,Male,India,3.066772827997973,YouTube,1,Socializing,14.056785094205477,1,8.260180709585565,Medium,62.7394611776813
18,Female,India,2.0239771538168183,Snapchat,4,Entertainment,26.353271594654565,1,8.700439983132487,Low,66.20342847583647
18,Male,USA,2.737956377373166,Instagram,4,Entertainment,9.54125728457602,0,7.603831622973441,Medium,23.86317750248043
19,Other,USA,1.5405269613927557,Twitter,5,Education,45.38698810206673,1,9.391807072025909,Low,30.90236665101038
24,Female,India,2.3709625562971093,TikTok,4,Socializing,23.679366980056702,1,7.895981311474561,Low,53.292507313518286
25,Female,India,1.1700950565325572,Snapchat,4,Entertainment,44.48778491286121,0,9.058352453515194,Low,58.94679115132893
27,Female,UK,2.714264484159228,YouTube,3,Socializing,25.07843748424301,0,9.057046033469213,Medium,42.238791045983405
19,Male,Canada,2.292070424904872,Instagram,4,Socializing,35.97793281615356,0,8.818218452714582,Low,34.01645141986531
22,Male,India,4.492690385716299,Snapchat,4,Socializing,12.124863232512777,1,7.3096823527214845,Medium,42.46123392040618
18,Male,Germany,3.406597646395703,Snapchat,1,News,21.894815615117132,0,7.9371657824749855,Medium,49.23382622842148
24,Female,Germany,3.689237164812456,TikTok,4,Education,46.14086569839208,0,6.381799294242214,Medium,48.07176403939293
15,Male,Canada,5.019644472331854,TikTok,3,News,16.979132775069353,0,4.761531553069505,High,72.48453652835879
18,Female,India,5.212312717127935,YouTube,5,Socializing,59.86139041232601,0,5.585289617907082,High,25.87618680373117
22,Female,Australia,2.147603571061546,Instagram,3,Education,27.56379983688825,0,10.0,Low,38.72580437113639
15,Male,India,4.764630834221424,Snapchat,4,Content Creation,5.0,1,6.752791768038136,Medium,33.58191691520008
18,Female,Canada,3.9382677756048334,TikTok,3,Entertainment,26.96717267931837,1,8.341405845597121,Medium,60.78412887704339
15,Male,USA,2.983956253203893,Instagram,2,Education,6.2069566812773225,1,5.469761751116593,Medium,44.66760931050979
13,Male,India,3.262874369524422,YouTube,1,News,19.781333541717068,1,7.882404008123789,Medium,46.63098710341075
16,Male,India,3.4904120271851453,Instagram,4,Education,17.387949011060734,0,6.899125640456516,Medium,33.191498897186165
18,Other,Australia,3.636746301454776,Instagram,1,Socializing,27.917977394700912,1,7.111609650517112,Medium,28.707312339966208
13,Male,Brazil,1.519813100392859,YouTube,5,Socializing,7.872144125331431,1,9.72699894506006,Low,72.18445646605865
20,Male,India,3.844115010477804,Instagram,4,Socializing,19.99869166780243,1,7.465313346499109,Medium,21.05701006130854
13,Female,India,5.821595117717158,Snapchat,2,Content Creation,15.971754479713567,1,4.8048259290600095,High,69.35028121794153
13,Female,USA,5.538577996740693,YouTube,2,Content Creation,31.34860369620741,1,5.459790433554137,High,9.853362066841886
20,Female,Canada,3.544271038633259,YouTube,2,Entertainment,5.0,0,5.362314266892345,Medium,38.93625127870202
14,Male,USA,4.84034023087349,TikTok,3,Entertainment,34.027418180121884,1,6.593720141154299,Medium,34.25709260210365
21,Female,India,5.098439345044375,TikTok,2,News,17.99524011486738,0,6.872580462532842,High,73.88272278047668
24,Male,UK,2.0841526280929275,YouTube,5,Entertainment,18.5300718455211,0,8.694171293306173,Low,47.95070088667554
23,Male,USA,6.666736331376913,TikTok,1,Socializing,23.519233439105804,0,7.080567962868411,High,72.59858571463552
19,Female,India,1.9921143543984077,YouTube,4,Education,30.79972916495181,0,8.067650670590263,Low,58.989796328458574
20,Male,Australia,2.3458026588682603,YouTube,3,Socializing,10.408832897345016,0,6.663957733349431,Low,47.65494985122984
21,Female,India,2.560713118295681,Instagram,5,Education,5.0,0,8.279958851193967,Medium,42.44735763015449
14,Female,Canada,3.3222973499109507,TikTok,4,Entertainment,12.262079075213652,1,4.848138116555295,Medium,35.01806404331244
15,Male,Canada,3.689587844752997,TikTok,1,News,27.12218303107855,0,4.133799377830504,Medium,11.260425507800424
20,Male,India,5.675540056555427,TikTok,4,Entertainment,15.606999353571217,1,4.586018098400752,High,53.27484339148864
15,Male,USA,3.3324707202464405,TikTok,1,Entertainment,27.1178350729113,0,7.495061989205832,Medium,81.26156185290898
18,Male,Brazil,2.6545441118359605,YouTube,3,Education,18.531419930301496,1,7.048352274123224,Medium,50.1913434572899
27,Male,USA,5.495261518343972,Instagram,4,Socializing,31.0314409080487,0,5.805005083748551,High,77.32522382188888
20,Male,Canada,5.086423435004464,Twitter,5,Socializing,17.05740572789422,1,6.514878806817213,High,9.990413031822726
15,Female,USA,2.9846464896631923,TikTok,3,Entertainment,32.38541151966315,1,7.600914940265025,Medium,46.72134459812065
17,Male,Canada,2.956955709324959,YouTube,2,Socializing,5.0,1,8.35426933139068,Medium,17.43572722020999
26,Male,India,3.172570380928953,Twitter,4,Socializing,15.829072216950006,1,7.145525367945656,Medium,49.50063522461918
17,Female,UK,4.43534539493054,YouTube,1,Entertainment,25.02170652752688,0,5.283123359348233,Medium,37.322175845367546
14,Male,India,4.746738438789613,Snapchat,5,Education,21.902691291050733,0,6.265970159770985,Medium,82.09910131073093
16,Female,Germany,6.680624428339657,Snapchat,4,Socializing,19.341154816415468,0,3.617501833954569,High,25.71640723498027
25,Female,Australia,4.5321274378291925,YouTube,1,News,27.034879133733394,1,5.272411455326657,Medium,31.43790322794574
26,Male,Germany,4.8293254082257295,Twitter,1,Entertainment,24.98490826366996,1,7.123233841152545,Medium,60.07892255729868
16,Male,India,5.57555017823127,Snapchat,5,Socializing,21.045285082713782,1,6.55492726798831,High,8.927209981141331
23,Male,India,1.9107776183386056,Instagram,1,News,18.48438854510185,1,9.683940159326934,Low,68.3988165872782
17,Female,USA,5.064166759290201,Instagram,3,Entertainment,15.905185808281368,1,5.724580841597465,High,45.91776938403135
13,Male,USA,3.281760812301152,Snapchat,4,Education,16.796075775352058,0,8.293143789104366,Medium,22.332779997435846
17,Other,USA,4.214671287422544,Instagram,3,Socializing,35.76800046178535,0,7.503616182752988,Medium,37.09009131880804
16,Male,India,2.37657708691455,Snapchat,2,News,24.69008884230365,0,5.943920698754355,Low,0.0
19,Male,India,4.451186605288434,Instagram,3,Content Creation,32.42344336527279,1,7.864837385382848,Medium,46.6186340215266
20,Male,India,1.190640827632607,Snapchat,1,News,29.165994880010818,1,9.30089247158707,Low,68.52784621249165
20,Female,India,7.317638843856652,Twitter,4,Education,8.018606269077651,1,1.0,High,47.72768252450326
26,Male,Brazil,2.474890868082127,Instagram,1,Entertainment,22.14609670547064,0,7.804040128257855,Low,43.00358067389298
22,Female,Australia,3.22986518615069,YouTube,1,Entertainment,25.78689500511114,0,8.38221417164358,Medium,49.27292982913493
24,Female,UK,5.458367554177538,Snapchat,1,Entertainment,34.614339505103246,0,4.03534974349356,High,38.12767259988395
23,Female,India,4.329078312700056,YouTube,1,Entertainment,29.560620572705425,0,5.535103053407286,Medium,29.297472537086172
17,Male,India,2.298475435695966,YouTube,3,Education,29.918040893336133,0,5.955370383734117,Low,0.0
21,Male,India,1.9025809447713016,Instagram,5,Education,42.50424565083691,1,9.201295395077606,Low,18.170045122289093
22,Other,India,1.7769668919173354,YouTube,4,Entertainment,17.286994111096714,1,8.284566114515535,Low,48.90988972120479
18,Female,UK,4.72343084163284,Instagram,4,Education,29.82266291626837,0,5.298857560321787,Medium,21.37971337177654
24,Male,India,6.249347656224677,Instagram,4,Socializing,29.816912543136933,1,5.017508520129295,High,27.49664899421641
25,Male,USA,4.677851560888822,TikTok,1,Entertainment,12.076954940054884,0,5.856614171491354,Medium,48.32046284126339
27,Male,Germany,6.356419583938012,TikTok,3,Socializing,28.90579578586681,1,6.084843574383074,High,43.84076083964169
15,Male,Brazil,5.61608904475028,TikTok,5,Entertainment,39.20565019219086,0,4.505310899291333,High,47.38025270596868
13,Other,USA,2.862825504815121,Instagram,1,News,9.578894279155817,1,6.755689643199714,Medium,36.54057114645386
25,Female,Germany,4.692443035649378,Instagram,2,News,5.0,1,7.584828064866387,Medium,32.556120586038645
22,Male,India,4.805021005305001,Instagram,3,Education,29.302679481284027,1,5.466322196626143,Medium,29.00318435353254
27,Male,India,4.568160690457469,YouTube,5,Education,35.13606406859704,0,7.330287337793451,Medium,21.17021916475338
14,Female,Canada,3.241722158894743,YouTube,3,Entertainment,26.789396456007285,1,6.125373560903448,Medium,39.615994456815095
20,Female,India,4.564878927507683,YouTube,2,Entertainment,22.29664721344582,1,5.883372911290204,Medium,44.21913439920999
14,Male,Australia,7.488968145112087,Instagram,4,Entertainment,5.0,1,2.019890610956428,High,74.88022086441717
17,Female,India,4.776439413004824,TikTok,2,Entertainment,25.36649061474196,0,6.228226911854262,Medium,27.449680780756506
23,Male,India,4.652203170174508,TikTok,3,Education,28.98938179723451,1,7.70266269178349,Medium,37.09623612373961
26,Male,USA,3.522921069332976,TikTok,2,News,22.57723255090045,1,7.181852179401443,Medium,23.446278737360533
24,Female,Canada,7.268641511198767,Instagram,5,Education,22.36576672441296,0,5.07517554369675,High,37.74262445413071
25,Female,UK,5.842822663787307,Instagram,3,Education,11.676011432084971,0,4.366883257997918,High,56.93767665206693
13,Female,USA,4.444770743104069,Instagram,1,Entertainment,26.04611283038689,1,4.001727749529224,Medium,3.0274368139410868
15,Male,USA,2.5800637589140054,TikTok,2,Education,31.492462546411662,1,6.975677635523483,Medium,50.45104205330587
18,Male,Germany,2.435505657028118,Snapchat,1,Socializing,18.351734955533605,1,6.578053853843635,Low,53.586750496593645
27,Female,Germany,4.274550571393781,Instagram,4,Content Creation,14.789809414127149,1,6.753797832874125,Medium,38.732459277095465
26,Female,Brazil,2.7250206563186814,Instagram,4,Entertainment,37.65654268399428,1,10.0,Medium,11.280663108302626
26,Female,Canada,1.9973951979171896,Twitter,5,Education,5.0,1,9.4914918736737,Low,11.84077298497634
26,Male,UK,7.004815877455361,Instagram,3,Socializing,24.171416491821883,1,5.047269381706394,High,43.58188082709354
26,Male,India,2.9463975446897943,Instagram,5,Entertainment,25.563216675067878,0,7.75311472386571,Medium,51.17253461656167
26,Female,USA,2.6977597554811963,Snapchat,5,Entertainment,13.743981605045567,1,8.597461068826169,Medium,62.35210930109589
13,Female,USA,2.6763523876942896,TikTok,5,Education,24.719115618591097,0,8.782380196467537,Medium,43.06526844588014
26,Male,Germany,6.598050853291062,Snapchat,1,News,29.3760738780913,1,4.920916080522731,High,49.50974787632765
23,Female,Canada,5.888853196217141,TikTok,3,Education,41.06756255377358,0,6.464933374593155,High,72.02156088427515
14,Male,USA,4.473296886606818,YouTube,3,Socializing,33.624964409162274,0,7.829519892856857,Medium,8.636174207704642
21,Male,UK,1.5746650743095418,Instagram,2,Socializing,45.671838015559054,0,9.457575175464733,Low,80.45923528456399
17,Male,India,3.238742171280769,YouTube,5,Socializing,23.629344799333467,1,7.982803958379768,Medium,46.943118394408685
21,Male,Canada,4.546519242070383,YouTube,2,News,30.53865040443716,1,6.947116063344303,Medium,47.23777249465336
25,Male,Canada,2.832472238098475,TikTok,4,Entertainment,26.462273132998664,1,6.757122709991638,Medium,55.33845261955311
25,Male,India,4.087464120661938,TikTok,4,Socializing,37.55477482775666,1,7.562947457458863,Medium,55.85375194106301
24,Male,Brazil,3.6959061780512137,Twitter,5,Education,16.36075378622063,0,7.250170856831792,Medium,72.76563919856963
17,Male,India,5.084420332320704,TikTok,1,Socializing,30.97315893171624,0,5.345349423821085,High,18.36908067735584
26,Female,UK,0.5,Instagram,3,Entertainment,21.149360804868863,0,10.0,Low,52.33464867586558
17,Male,USA,4.299743435317115,Instagram,5,Entertainment,22.925265851850245,0,4.439807057149654,Medium,72.17285401073639
17,Female,USA,1.6667997522339162,Instagram,2,News,19.220480259562272,1,7.750022787335551,Low,32.70210479647389
23,Female,India,4.223023952591284,YouTube,5,Entertainment,14.163720237738197,0,6.405881422845564,Medium,36.53052256526106
25,Male,UK,1.4002781487871396,Instagram,4,Socializing,24.05771714810829,0,9.55670937111443,Low,12.178258693158298
24,Female,USA,2.1871738198856465,Twitter,4,Socializing,21.92161514472753,0,8.700204138747191,Low,57.6321227944553
21,Male,India,5.157427352676114,Instagram,5,Entertainment,27.85802250935546,0,5.42148256771928,High,43.88666829054621
25,Female,Germany,3.24504795226759,YouTube,5,Entertainment,14.46198129480373,1,7.299253129677456,Medium,38.38271538617964
27,Female,Brazil,3.796191549244986,Instagram,5,Entertainment,14.215763450655752,1,7.332915003273692,Medium,4.658921998207475
14,Female,India,4.148702705661144,YouTube,5,Entertainment,23.37549823908218,1,8.078894961882735,Medium,23.572912024435627
22,Female,India,2.451847228977045,TikTok,2,Education,32.85447811764389,1,8.550429271270577,Low,22.62948469882637
24,Female,Germany,4.3621782687682495,Instagram,5,News,25.599454447498456,0,7.57192560487297,Medium,58.07422682138228
26,Female,India,3.722532823897632,Instagram,3,Entertainment,5.194492472019853,1,7.517323771413864,Medium,28.265972710294456
19,Female,India,5.633092514103689,TikTok,2,Education,28.52834056661669,1,4.939942550913285,High,53.758568720470485
23,Male,Brazil,1.2539318120061198,YouTube,5,News,5.0,1,8.371558097938099,Low,37.64141561545273
23,Male,India,1.7182097170474155,Instagram,5,Education,21.021428925279437,1,9.026255706128048,Low,20.08788788379332
19,Male,USA,3.432845654371431,YouTube,2,Socializing,5.0,1,5.77412417262341,Medium,17.43880377313822
13,Female,Germany,0.5,Snapchat,1,Entertainment,28.38921943033028,0,9.089031846045652,Low,71.07591742216957
15,Female,Germany,5.895753448075119,YouTube,4,Entertainment,41.432465749743685,1,6.852050675596801,High,63.97419623344366
22,Male,USA,2.684128298935218,Instagram,5,Socializing,20.58061109214587,1,7.44086709957956,Medium,16.343119115710373
17,Male,India,2.7739677846915827,Instagram,3,News,23.266891094657858,1,6.823253287769141,Medium,0.0
26,Female,UK,3.544635518792563,Instagram,3,Education,34.89389262889302,1,7.367703727346373,Medium,37.4019617850983
23,Female,USA,6.14688794900056,Twitter,4,Education,17.48476171426735,1,5.869224152101589,High,57.61187711861174
25,Male,India,3.205975423382389,YouTube,3,Socializing,15.04490708195447,1,7.596900291475991,Medium,31.89076778891979
14,Male,Canada,3.4209595036426217,TikTok,4,Entertainment,18.020069200655453,1,7.379465129647576,Medium,27.48495165996612
22,Male,Brazil,5.307768987072272,Twitter,4,Education,9.799005677611587,0,7.477891776342266,High,59.65400649845629
27,Male,Australia,2.642425776884744,TikTok,5,Entertainment,25.80564164152749,1,7.537690601045941,Medium,41.701502815095296
21,Other,India,2.792185965948436,Instagram,5,Entertainment,31.00627597922483,1,7.626954884914217,Medium,56.471782512680136
25,Male,India,3.725844814182421,TikTok,2,Entertainment,42.32689142555356,1,6.623995431916041,Medium,31.705684720744507
25,Male,USA,4.522299417489129,Twitter,3,Education,39.66237907841905,1,7.883016925685434,Medium,55.891457464767306
15,Female,India,3.70293727880673,YouTube,2,Socializing,24.83179324939146,1,6.905267165559095,Medium,6.405438414124362
16,Female,India,1.4977101658897114,TikTok,3,Entertainment,17.333570019414868,1,9.760409464204294,Low,60.13835157011775
23,Male,USA,2.338087771372191,Instagram,5,Entertainment,5.596209825031689,1,7.375633190916082,Low,31.349988163137237
24,Male,Germany,2.2135078201774765,TikTok,1,Entertainment,17.59561216739992,1,7.052890325436995,Low,39.12608634024958
13,Male,Canada,4.753289697058516,TikTok,4,Entertainment,47.23488870565226,1,4.999993297252335,Medium,61.813556364445375
15,Male,Canada,3.246745442781064,TikTok,1,Socializing,19.083895119949016,1,8.281473149470052,Medium,57.847398996138686
26,Male,UK,1.8285831517187463,TikTok,3,Entertainment,33.0717098018694,1,7.991651312929482,Low,51.16195880380415
21,Male,India,2.434886220977086,YouTube,4,Content Creation,33.62841279373568,1,6.986276008680909,Low,62.66941703615793
25,Male,Brazil,3.1969860551747096,TikTok,2,Socializing,11.0642907547815,1,7.325203158027579,Medium,39.2690367957348
26,Female,Canada,3.5075436384020584,TikTok,2,Education,26.31744209406136,0,7.474374374414109,Medium,47.789138815710885
16,Male,USA,0.5,YouTube,3,News,37.51008177989768,1,7.840957699285632,Low,35.607344222852284
23,Male,Australia,6.065373841171454,Instagram,3,Content Creation,38.47362428382255,1,5.8316428704363,High,34.235082014361694
14,Female,UK,4.369443696679588,Twitter,2,Entertainment,35.36046923964571,0,6.643283545915561,Medium,28.2920151491959
19,Male,India,4.3610086687879726,Twitter,3,Socializing,23.40419038495546,1,6.64813392023692,Medium,7.098294101351044
19,Female,USA,4.527787426633754,Snapchat,3,Entertainment,36.337531333300376,1,6.527221833427076,Medium,54.171261007410656
27,Female,USA,2.1398340435758034,YouTube,1,News,23.880069185688637,1,8.788648440172365,Low,54.83134173849557
23,Female,India,4.862984804149744,Instagram,5,Entertainment,12.653026586768494,0,6.425749237860161,Medium,51.23500094854923
19,Female,India,7.154992687862981,Instagram,3,Content Creation,35.945236738279426,0,6.094165408018752,High,51.80729830190143
18,Other,UK,5.73402896108097,YouTube,1,Entertainment,27.24647894147834,1,4.341651124754129,High,96.52673370634244
20,Female,India,3.695949002294509,TikTok,4,Entertainment,35.80147862217645,0,7.42319975744967,Medium,24.3539594364977
14,Male,India,6.022455259356277,Snapchat,5,Education,34.25052246954095,0,3.412211590363844,High,26.143203926083796
15,Male,India,3.704948992050632,Instagram,3,Entertainment,22.22323470057843,1,8.084362530861245,Medium,44.86537382548951
22,Male,Brazil,0.5,TikTok,3,Education,23.652103697866824,0,10.0,Low,16.56135677506748
16,Male,India,4.541681879249309,TikTok,1,Entertainment,26.776096021679454,0,5.63564252296348,Medium,64.06480935609096
27,Other,UK,2.653860028973261,TikTok,2,Entertainment,32.29011788724972,1,10.0,Medium,4.432424949274619
25,Male,Australia,3.053096893725663,Instagram,5,News,9.476277921104804,1,8.78943595691338,Medium,54.00850170929182
17,Male,Brazil,5.492499182337591,YouTube,3,Entertainment,35.2363126588817,1,5.324581444169761,High,23.33216947555816
24,Male,India,1.933101542636417,YouTube,5,Entertainment,30.575315311390952,1,7.089191399001532,Low,34.236300456945386
24,Female,India,4.2075448514676586,Snapchat,5,Socializing,50.99348019142711,0,7.312211665939589,Medium,36.63167913166388
17,Female,Brazil,3.331869971123312,TikTok,5,Entertainment,17.684275096214552,1,9.143458412722888,Medium,55.800659397704976
15,Female,Germany,4.607212463924658,Snapchat,3,News,22.144817281319988,1,4.973540435886738,Medium,17.821452892137998
20,Female,India,4.2084020188365,TikTok,3,Education,18.75678197488397,0,8.796070211898233,Medium,67.98693239130777
24,Female,Germany,4.614456220550991,Twitter,1,Entertainment,21.357838513079265,1,4.903983722899706,Medium,17.070727081146273
23,Female,Brazil,2.81090295175121,YouTube,2,News,29.76784988386819,1,7.967577865643332,Medium,13.442424355049416
14,Female,Canada,2.597969966130077,TikTok,2,Socializing,40.39477937119261,1,7.101740611294155,Medium,31.98259677128872
14,Female,Germany,5.830173069180679,TikTok,5,Entertainment,21.6256954362649,1,5.457797411631385,High,74.85133895211885
15,Female,USA,3.455418741188137,Instagram,3,Socializing,26.938221343874325,1,7.57716968967588,Medium,41.599488154404845
18,Female,USA,3.653626294924954,Twitter,1,Entertainment,20.00407963714473,1,10.0,Medium,63.31304243188865
27,Male,Brazil,3.1053840294511,Twitter,2,Entertainment,21.764112540157036,0,6.50902412659392,Medium,51.38451900550312
21,Other,Australia,3.808033849009208,TikTok,5,Socializing,19.6425730401833,1,7.724713366997546,Medium,34.939911701802515
22,Female,India,6.473891326755833,Instagram,4,Content Creation,15.700975376315323,1,3.44817769842322,High,33.701684047057256
18,Male,USA,2.114839222115012,YouTube,3,Education,40.88661993297686,1,10.0,Low,68.62079064109669
25,Female,USA,5.213938532986422,TikTok,1,Socializing,38.20138236386121,0,4.190364771452905,High,26.93167756689737
16,Female,Brazil,6.313455680380729,TikTok,4,Entertainment,23.812895312796886,0,5.162759817386597,High,96.8466364130277
15,Male,USA,2.730632930273784,Instagram,5,Entertainment,16.52693036108193,1,7.056966364031194,Medium,73.73474429506189
21,Male,India,2.663475917460878,YouTube,5,Entertainment,21.145448158913947,1,8.63586963274071,Medium,0.0
25,Female,Canada,4.383803600753161,YouTube,1,Entertainment,13.46128381555238,1,4.76382908255135,Medium,20.475458108278897
13,Female,Canada,5.810128991358242,Instagram,5,Socializing,23.279178725358623,0,6.027203906358611,High,63.98760005746483
19,Female,USA,2.5269479563462234,Instagram,3,Entertainment,46.638412089336754,0,6.818547465227317,Medium,58.16473194737756
17,Female,USA,6.139903377355262,YouTube,5,Entertainment,20.821607733208676,0,4.25963108758646,High,88.27110566517901
19,Male,India,5.728442652745756,Snapchat,2,Entertainment,11.723304908753756,0,6.195252389519556,High,18.98861888818162
18,Female,India,3.63300902660838,YouTube,5,Socializing,46.62249783121348,0,7.457443916170875,Medium,22.848788068105453
24,Female,USA,2.123242847359278,Snapchat,2,Entertainment,25.09016606840032,1,9.632591746057638,Low,41.90960545682904
17,Male,India,0.5,Snapchat,5,Entertainment,22.931449242220086,1,8.750121321518522,Low,36.50253980047916
17,Male,USA,5.400008878806803,YouTube,2,Entertainment,33.27167697579123,1,6.931567296635906,High,58.11225210512449
21,Male,UK,4.717771742330904,YouTube,1,Education,36.244252430085005,1,5.313132350789149,Medium,23.69068515866544
24,Female,Brazil,0.9698199056821544,YouTube,1,Content Creation,40.29644098492115,0,9.5454101905121,Low,42.8738871852465
24,Female,USA,2.4706004694848134,TikTok,4,Entertainment,27.973853304661137,1,7.792359166301424,Low,0.0
26,Female,India,2.186226788643448,TikTok,1,News,27.522589430278188,1,7.00229300433628,Low,65.69736082419759
22,Other,Canada,3.464533128497332,Instagram,4,Education,13.268365432846911,1,5.988887198723102,Medium,53.98774096859045
27,Male,UK,2.9181122874404237,Instagram,4,Content Creation,27.346985625852174,1,8.26778503086615,Medium,21.60334821752156
17,Male,Germany,2.4095690482231467,YouTube,4,Entertainment,19.470675867825097,0,7.769757128332965,Low,27.38186978855065
17,Male,Canada,2.2259532715537187,TikTok,1,Entertainment,24.947732252195333,1,5.4908742460267,Low,62.43455711210719
16,Female,India,4.906164142455839,TikTok,1,Education,34.18042750278159,1,6.065399264867732,Medium,57.85162198534809
20,Male,USA,4.958207616299767,Instagram,4,Entertainment,21.217960408853266,1,5.9212615168754645,Medium,17.21041595794192
22,Male,India,2.924559470720129,YouTube,4,Entertainment,22.8322392304602,0,6.566551622767584,Medium,15.665291052653018
25,Male,India,2.808500056996041,YouTube,1,Entertainment,21.750556237090382,1,9.204471604158698,Medium,56.34052758793528
13,Male,USA,2.802029038362459,Snapchat,4,News,34.37408639786546,0,5.941487673368672,Medium,70.3294573889663
15,Other,Brazil,4.26527030329657,Instagram,1,Entertainment,32.861009053489,1,7.360737630085351,Medium,22.244668825460025
19,Male,India,3.1166013107018777,YouTube,2,Education,14.371965893104532,1,8.725503964148166,Medium,30.483024835556268
14,Male,India,4.914074522109372,YouTube,5,Socializing,39.09644219512649,1,3.466279538384428,Medium,33.70634939611595
25,Male,Germany,6.759427774319782,Instagram,4,News,20.56222138233851,1,5.0378209594483305,High,38.064378392286415
21,Male,USA,4.462831169254221,Snapchat,4,Education,30.555670540725835,0,7.848825699729046,Medium,62.29439429043848
15,Male,USA,3.841310172997718,YouTube,1,Entertainment,12.962968363763396,1,6.938849293963073,Medium,39.9238951993719
14,Female,Canada,1.5804395487492622,Instagram,4,Entertainment,9.909398500325812,1,9.519556824800455,Low,26.556458548464345
25,Male,UK,5.9609643033458894,Instagram,1,Education,24.285972355713067,1,4.240779290251822,High,55.73185172916016
23,Male,India,5.940005048469737,YouTube,2,News,14.904015104900132,1,4.080362878160979,High,32.04421868262463
19,Male,India,5.503138910636889,TikTok,3,Socializing,19.89908221997969,0,4.387016536557008,High,62.67938019755121
18,Male,Germany,4.570109754024955,Twitter,1,Entertainment,13.861807775199928,1,5.8290106457015085,Medium,23.801218611966423
27,Male,USA,4.072911921891096,YouTube,1,Entertainment,24.00586980462872,0,5.032184724601158,Medium,36.0195939839505
24,Female,USA,3.066616511377734,YouTube,4,Socializing,27.0817822704161,0,6.703472096826336,Medium,46.8232248110952
25,Female,Germany,2.051115893221412,YouTube,5,News,32.56175117691472,1,8.303107186730873,Low,64.78156831446324
27,Male,Brazil,5.147872339960136,YouTube,2,Content Creation,23.731894264989403,0,5.425924574260579,High,17.110987501702745
13,Male,USA,3.305883743985741,TikTok,3,News,22.658679665671656,0,7.323683435899826,Medium,5.965491408390008
19,Female,India,3.699413169655143,Snapchat,5,Entertainment,24.30101984435769,1,5.422332143481767,Medium,55.7419809217438
23,Male,Australia,2.938740367511815,YouTube,1,Socializing,39.45624071938874,0,7.686073066433125,Medium,36.3320518813558
19,Male,India,4.701144509701313,Instagram,4,Education,27.15792436253857,0,6.8665089957424525,Medium,44.69417058707006
16,Male,Germany,2.873750592281587,Instagram,1,Entertainment,19.24532976775785,0,5.231059930213422,Medium,49.35143084576191
20,Male,India,2.8666593489697183,YouTube,4,Entertainment,22.584065338178583,0,9.219037262205754,Medium,44.23654067027497
23,Male,Brazil,4.014557172909059,Snapchat,5,News,15.873811341582844,0,7.321068423676608,Medium,18.891843989649924
21,Male,Germany,2.602690842900791,Instagram,4,Entertainment,24.003266961616927,0,7.034962062238068,Medium,36.471803484611975
27,Male,USA,2.146900927220029,YouTube,5,Entertainment,13.474567374109668,1,8.09644562459783,Low,35.09755663823324
23,Female,India,3.672308208885209,Twitter,1,Entertainment,29.89608249883639,0,5.076677657337165,Medium,15.75278523856502
27,Female,India,3.276835930207385,YouTube,5,Entertainment,43.91207927263302,0,5.981562764512891,Medium,35.233455069198754
14,Male,India,4.638424429465283,TikTok,3,Socializing,22.126382403704596,1,5.957233295184331,Medium,41.867612402847776
19,Female,Australia,3.8027037902665817,Instagram,5,Entertainment,16.203216860229467,1,6.837990168090596,Medium,16.813398369136948
13,Male,Canada,4.22743930104388,TikTok,4,Socializing,22.06680001080357,1,7.505316607850627,Medium,65.94368160667364
17,Female,Germany,2.594770263973314,TikTok,4,Socializing,38.75130181973406,1,7.744236078831925,Medium,61.82629944905058
26,Male,India,1.59344061845432,TikTok,1,Content Creation,33.411055212800754,1,9.93845543298872,Low,46.54622103338311
20,Female,USA,3.971033035384623,TikTok,5,Socializing,31.091779614755787,0,7.964871861822665,Medium,59.61582384973077
17,Female,India,2.876778690395282,TikTok,5,Content Creation,9.697119726506603,1,8.146003618154237,Medium,45.99830966029993
25,Male,Brazil,5.390765798206846,Snapchat,2,Socializing,26.71766350230624,0,6.578683625727419,High,24.333676471255437
26,Female,UK,1.664138921500126,TikTok,2,Socializing,34.27743645980444,0,9.16151504890635,Low,48.89106204492883
27,Female,India,2.492948326310632,TikTok,3,Socializing,17.625712479460365,0,8.01601505666601,Low,76.87803919241037
24,Other,USA,2.272936723452053,TikTok,5,Entertainment,13.317455724210834,0,8.421809564586914,Low,50.78291146582772
19,Male,Australia,2.769676097974888,Twitter,4,Entertainment,27.219037539234677,1,7.888345594630321,Medium,40.12868991822519
23,Female,India,3.55760700975736,TikTok,5,Socializing,25.35661653707648,1,6.270863187305395,Medium,76.88572981088471
14,Female,Australia,3.295273979085389,Instagram,4,Entertainment,23.818751864571837,1,7.597023555048414,Medium,59.02217068228051
24,Female,India,3.3026180094764053,Twitter,1,Education,16.73723462212292,1,7.6220283635204975,Medium,34.74904832039754
15,Male,India,1.2022818673553033,YouTube,2,Education,30.55908822558192,1,8.37985806856984,Low,45.376465112953895
26,Male,India,3.568457689971611,TikTok,1,Entertainment,20.71900037354984,1,6.4511729323943,Medium,72.1960778862884
21,Female,Germany,4.073896924873961,Twitter,2,Education,30.53203207123905,1,7.485130135871552,Medium,56.51745028105533
25,Female,Canada,3.724446683323476,TikTok,2,Education,39.32870619214685,0,7.940956240562321,Medium,64.91377151040015
22,Female,USA,3.825171654850125,Instagram,5,Socializing,42.07077750862375,0,6.39749926996293,Medium,39.53888660863424
25,Male,Germany,1.757773364483367,Instagram,2,News,32.294565332051604,0,7.504149784924438,Low,3.416147457053277
18,Female,India,4.756084294278099,TikTok,4,Entertainment,12.771393067235346,0,6.237573118815897,Medium,30.56836726894666
14,Female,USA,1.2184414487744155,Instagram,5,Education,22.172304382757023,1,10.0,Low,52.710856464683374
22,Male,India,2.1327911836436413,TikTok,1,Socializing,23.739490854747554,1,7.871237829411378,Low,61.341587249511065
18,Male,USA,2.637351608487241,Twitter,2,Content Creation,34.77842224744387,1,8.825745980645843,Medium,49.50939112884195
15,Female,UK,4.11807277303428,YouTube,3,Entertainment,31.679123540717484,1,8.104385581026994,Medium,16.26175906276567
16,Female,Canada,3.9662877483102426,TikTok,3,Socializing,38.41498980943516,1,6.201179989666919,Medium,36.00320607142123
23,Male,Brazil,4.401314242765687,TikTok,2,News,16.20000817038203,1,8.306209141060174,Medium,52.10551673124763
26,Female,USA,2.2753247092810014,Snapchat,1,Socializing,42.97886023320027,0,8.733937710534638,Low,43.98629152359759
14,Female,Brazil,2.517901216651083,YouTube,2,Education,23.48371075147852,0,8.010508197873746,Medium,34.58311023845994
13,Female,UK,3.356906015656446,Instagram,5,Education,31.951232236635867,1,7.076244054079611,Medium,34.73187154631201
15,Male,India,0.7870289760888234,Snapchat,5,Entertainment,29.52164820281735,0,9.897401498117892,Low,15.279452507625816
27,Female,India,0.5,Instagram,2,Entertainment,27.80191415636561,1,9.509557017399889,Low,25.84497647610252
22,Female,Australia,4.91948730295311,YouTube,2,Education,19.35853927511676,1,4.9950852840958,Medium,1.790287235119273
23,Female,UK,5.919931405376657,Snapchat,1,Entertainment,34.5894723730604,0,5.037353528763126,High,26.751611089393315
21,Female,UK,5.74027079340987,Twitter,5,Socializing,36.1769652089237,0,5.228546817811739,High,55.31786283464383
23,Male,Germany,2.56946969010123,Instagram,4,Socializing,27.172126181621845,1,7.985957178441266,Medium,8.503260476432757
26,Female,Germany,4.238012782581675,YouTube,5,Entertainment,15.369953985939429,1,6.646743197688994,Medium,38.76359018748813
16,Other,India,0.5,YouTube,3,Socializing,17.556304179594026,1,10.0,Low,32.41331047802527
21,Female,Canada,1.2476013434479198,Instagram,1,Socializing,20.81925848236336,0,9.470653928843191,Low,38.98477045644891
14,Female,USA,4.667097272449171,TikTok,3,Education,13.543150255723074,1,7.0236797637564585,Medium,36.10882168916655
15,Female,Germany,1.7227610854746664,Instagram,2,News,26.394244115080426,1,9.186307802318224,Low,20.88863165132845
19,Male,Canada,8.31544411465961,Instagram,2,Entertainment,15.860044116413013,0,2.6856382922775897,High,18.959678402920797
17,Male,USA,2.0264562405718944,YouTube,2,News,27.614990717307805,0,9.302982113733226,Low,31.23670746722249
23,Female,Canada,4.727655183263629,Snapchat,1,Education,33.08922536035365,0,5.665940730893156,Medium,26.113970507344817
26,Male,India,5.167504628871894,Instagram,2,Education,20.397909893315116,1,5.972230175679372,High,35.474178007298526
24,Female,Germany,3.7990019067624,TikTok,1,Entertainment,34.5357431114768,0,5.318770954490261,Medium,17.329378730597256
16,Other,USA,1.526410603279161,TikTok,1,Entertainment,27.630900111552744,1,8.277766049258847,Low,51.948804698944144
20,Male,India,2.322471237140739,Instagram,3,Socializing,23.482377856631924,1,7.810410180312704,Low,59.90780704011389
26,Other,India,2.4548823762564105,YouTube,1,Entertainment,25.253444898932592,1,8.687590146054607,Low,21.549737493493947
25,Male,Germany,3.494174620052884,TikTok,3,Entertainment,28.14221504304365,0,8.553454304688172,Medium,61.4257634977153
14,Female,Germany,1.850236821386164,YouTube,3,News,23.230094385048723,1,9.40609571995915,Low,16.28314541917392
22,Male,India,2.79328056031014,YouTube,4,Entertainment,22.25564683363244,1,6.544423562898418,Medium,77.86233723854563
23,Female,Brazil,1.890866880362545,Twitter,5,News,42.76092073304804,1,8.982385225272266,Low,30.804323717394517
14,Male,India,2.3518586063689417,YouTube,1,Entertainment,37.79028838252778,0,8.082325243919703,Low,33.2074404129703
23,Male,USA,3.777591746809103,TikTok,5,Socializing,25.216276279425205,0,7.199574188836293,Medium,11.921341857701364
25,Female,India,2.0085178188192776,YouTube,4,Socializing,15.729240016756934,0,8.005898075902158,Low,15.32028549415478
26,Male,Canada,3.9771840479279073,Instagram,1,News,24.176764976998676,0,7.860010450761185,Medium,48.16189865177903
25,Male,India,0.9467727446551276,YouTube,4,Entertainment,22.122266958249256,1,10.0,Low,77.05527369243214
24,Male,USA,2.797813636289433,YouTube,3,Content Creation,24.636231591314637,1,8.71270371550827,Medium,39.73396674386853
14,Female,Germany,2.935499895516722,YouTube,3,Education,7.544114068238667,1,8.189981124733015,Medium,49.36587553840243
20,Female,Canada,0.6489514448942111,Instagram,2,Education,24.856893120939056,0,10.0,Low,45.22911280519228
13,Other,India,3.041084323177293,YouTube,4,News,32.19289128961113,0,8.802858135852846,Medium,60.30858785740405
16,Female,India,5.574124018453089,Snapchat,2,Socializing,24.807943200938865,0,6.220201109525913,High,7.319382677226059
16,Male,India,4.356673669984887,Twitter,3,Education,18.255578533981858,0,6.222474311988893,Medium,17.894572198762756
27,Female,India,6.463646752786909,Instagram,1,Entertainment,5.0,1,4.393991289786433,High,38.700154580227206
18,Female,India,1.0888805985559498,Snapchat,1,Entertainment,32.06793822781198,0,9.306163599994008,Low,66.47397889322215
23,Male,Germany,4.519500442750087,Instagram,5,Education,17.4530757211678,1,7.483298367510557,Medium,18.65648439781507
16,Female,USA,4.656427850111842,TikTok,3,Entertainment,25.158884628210043,0,5.582307591255155,Medium,43.417561834886826
22,Female,USA,3.918135206093485,Instagram,3,News,18.41074882001036,0,7.019551768355548,Medium,23.251065269820405
21,Male,Brazil,4.681776746143497,YouTube,3,Education,16.703869682325237,1,7.123619739875822,Medium,32.39655398711201
23,Male,USA,2.6812817948448604,Instagram,2,Socializing,30.47409374340581,1,6.4462679162131264,Medium,8.07900908793146
22,Male,India,2.940190811726675,TikTok,2,Entertainment,23.877250426542066,0,8.133797218632633,Medium,43.10562385772382
18,Female,India,5.6546069787537165,Instagram,3,Entertainment,30.28634274745025,1,5.630825744434036,High,32.21287265149498
14,Female,Brazil,3.84063316276895,Instagram,4,Education,32.369153878886245,1,7.092198473736429,Medium,41.18935421442436
22,Male,India,2.823725620474069,Twitter,2,Entertainment,29.457420495035016,1,7.8586640312174065,Medium,53.7102991830784
19,Male,Brazil,1.7262324041810693,Twitter,4,Socializing,25.341122863738043,1,7.89911018919641,Low,54.44389800949834
24,Female,India,5.240337594163469,Instagram,3,Entertainment,27.782672384014425,0,3.62794822973276,High,74.77331378870915
18,Female,USA,3.3673357752473,YouTube,3,Entertainment,29.32730350675809,1,5.798695946559216,Medium,22.92379640069001
15,Male,Brazil,4.25740125625005,Instagram,2,News,11.936679721101168,1,8.204709339860248,Medium,23.31328550037229
15,Male,USA,5.157878809338769,Snapchat,5,Socializing,15.966469087098828,0,5.759269513962192,High,35.45107269184591
21,Female,USA,2.2776621266414936,TikTok,3,News,31.02817312771467,1,7.838237278306771,Low,3.932004312961084
15,Male,UK,3.931973219261221,YouTube,4,Entertainment,15.73806556398404,0,6.105867505290863,Medium,42.756227646099774
15,Female,USA,3.799999102489064,Twitter,3,Entertainment,20.79997486480756,1,7.363772951016622,Medium,25.701811365419477
25,Other,Germany,2.6579915241388616,Instagram,1,Socializing,45.725733796713286,0,6.63810559853063,Medium,6.900110164222454
27,Female,Canada,4.04969626804952,YouTube,5,Socializing,24.292569001878476,0,7.994815692658765,Medium,60.6217642970289
15,Female,UK,3.433805631375435,YouTube,5,Entertainment,20.881813458013934,0,7.2218667075848675,Medium,25.34505090232458
16,Male,USA,1.7813299948845884,YouTube,3,Socializing,20.91622854108205,0,7.911796994268177,Low,67.59382463992335
25,Male,India,6.285348396261608,TikTok,1,Education,35.58847363368058,0,4.8965349356744525,High,75.05266508930913
15,Male,India,2.742509835461851,Snapchat,4,Entertainment,43.32853016623136,1,7.884172191460448,Medium,28.470495713939385
15,Male,India,2.691071765667328,TikTok,3,Entertainment,17.554497896878,1,7.658931337409613,Medium,34.13703508774743
21,Female,Canada,2.037706428899813,Instagram,1,News,6.555422636151363,0,7.568600191695113,Low,19.891992842879475
24,Male,Germany,4.601731794011428,Instagram,3,Socializing,11.888400408701044,0,6.33881429712745,Medium,36.0409105996535
22,Male,Brazil,3.297112628841932,YouTube,3,Entertainment,17.09815866998123,1,9.864901089875763,Medium,0.0
18,Male,India,4.5621899755410205,YouTube,1,News,44.570095791397065,1,5.370676501077308,Medium,46.363728871946456
13,Male,Germany,0.5,TikTok,5,News,22.98356887924624,0,9.541047228211458,Low,20.572483151655657
21,Male,USA,4.685574536386548,Instagram,1,Entertainment,13.459859629085544,0,6.02564399998805,Medium,45.4969325902038
24,Male,Germany,4.971552931801874,Instagram,1,Socializing,14.203700466519535,1,7.395605046204977,Medium,63.31957394676208
26,Male,India,6.4761791875563866,YouTube,1,Education,27.606228519177428,1,4.6439965855765175,High,9.468371713291525
23,Male,India,1.2473123278710485,YouTube,2,Education,21.90908392217684,1,10.0,Low,60.68986095665551
14,Female,USA,3.665709944569348,TikTok,3,Socializing,19.272128584635656,1,8.094201947803281,Medium,80.44358602055713
22,Male,India,4.789384030416411,TikTok,5,Socializing,37.52401810660075,1,5.792093235575104,Medium,59.74815867221984
27,Male,Brazil,0.8967536462983232,TikTok,1,Entertainment,18.700697523688035,1,8.923026639092589,Low,51.85662317576988
20,Male,USA,3.4353247305436545,YouTube,5,Entertainment,26.195279121408944,1,6.991317163677353,Medium,23.027283983356345
25,Other,Germany,2.9128891554141134,TikTok,1,Socializing,22.814324050539906,0,10.0,Medium,11.790871684898192
27,Female,India,2.680968459131312,Snapchat,4,Education,29.675759244681803,0,7.470939434407573,Medium,8.057250660693196
14,Female,Brazil,3.195343354548687,Instagram,4,Entertainment,9.875221178547385,0,7.105033990176805,Medium,64.43574059163784
13,Male,Canada,1.7558599508932065,Twitter,2,Entertainment,33.63987736136923,1,8.79845737786072,Low,46.62593644206209
17,Male,USA,4.208641580335403,YouTube,3,Socializing,31.699868127032865,1,8.558438130919445,Medium,32.64968579562889
24,Male,India,2.0731214012154986,Twitter,4,Socializing,28.0796740583002,1,7.528191847111972,Low,67.43171041800566
26,Female,Canada,3.033186900740981,Twitter,3,Entertainment,21.68085402650357,1,8.263949694593737,Medium,40.88658047178596
17,Female,India,5.9578018894028535,Instagram,3,Socializing,38.46535995491103,1,7.336633241933568,High,20.91816119438364
18,Male,India,5.340237739625044,YouTube,1,Entertainment,13.993488176233813,0,6.182888986982677,High,64.6197264982596
14,Male,Brazil,2.5622662174273687,TikTok,2,Socializing,34.06854419828111,1,7.550151806354791,Medium,35.98440242357407
25,Male,USA,2.8367034585560336,TikTok,3,Entertainment,36.54346737140883,0,5.044084074908834,Medium,10.766348451081996
24,Female,Germany,5.700375483630574,YouTube,3,Socializing,35.87051851799778,0,4.086112909274643,High,31.2751887074203
17,Female,UK,4.154126144529689,TikTok,3,Education,36.72625589400092,1,7.665257928542646,Medium,19.638253979395653
18,Male,India,5.11502016396661,Snapchat,5,Education,16.365850703462865,0,5.753161970291688,High,55.12020801428161
14,Male,India,6.282021807146705,TikTok,3,Socializing,20.445486692157388,1,4.545969628067194,High,28.90374092947737
14,Male,Brazil,2.6810477493873903,TikTok,4,Entertainment,21.68839743591566,1,7.398918205445403,Medium,25.182447708889143
16,Male,India,3.378107214657323,Instagram,3,Education,31.920539710825704,1,7.330526809726445,Medium,43.4053455728298
22,Male,India,2.2520087198738947,TikTok,2,Education,26.082879539993304,0,7.264977599081453,Low,34.06453634908121
16,Male,USA,3.226146766152717,Instagram,3,Education,24.28473213924624,1,6.318038039540134,Medium,23.416604968042087
21,Female,USA,2.9879635368735284,TikTok,4,Entertainment,26.47424984358547,1,7.535773523583934,Medium,50.64733791738263
21,Female,Brazil,3.138816710048052,TikTok,5,Entertainment,26.73430638907772,0,6.800466758123988,Medium,58.44475977218955
24,Female,USA,3.047970448810716,TikTok,5,Education,25.024954664505323,1,7.810316623450308,Medium,51.59225600886688
26,Male,USA,4.125449323540863,YouTube,2,News,16.35676097618765,1,6.679950815498642,Medium,40.8310764657965
17,Female,India,3.8466216313302506,Twitter,1,Education,25.517490526898698,0,5.745118834253098,Medium,34.32425263971553
19,Male,India,2.2359430605468056,Instagram,5,Socializing,37.2590264837621,1,8.821131326152706,Low,42.70983331427245
17,Male,Canada,1.346747799663187,Instagram,4,Entertainment,19.486147041127037,0,7.758881901443646,Low,15.698868055218774
16,Male,Germany,5.39402056590708,YouTube,3,Entertainment,19.350494033221523,0,4.982805073467631,High,44.62396201666929
24,Other,USA,2.137477973254496,TikTok,5,Entertainment,44.169740195309714,1,8.465395050628572,Low,55.66688955626982
22,Female,India,2.0563612276895484,Snapchat,4,Socializing,20.668181761923883,1,9.60675948842512,Low,42.23529796493168
26,Female,UK,2.591771969176156,TikTok,4,Socializing,22.133315925536,0,8.844237788113713,Medium,47.7353972726911
20,Female,Australia,2.986391929215606,YouTube,4,Entertainment,20.542195981887605,1,6.061056794179887,Medium,20.64023272135813
26,Female,India,4.359131277108978,TikTok,4,Entertainment,23.357897816780685,1,4.831587507159973,Medium,3.145701211217613
16,Male,Germany,4.526542446363012,Snapchat,1,Socializing,15.8930302344408,1,5.196797228698577,Medium,10.204178036104889
19,Female,USA,4.277504730763196,Instagram,3,Entertainment,44.355791195766585,0,5.693087123952814,Medium,22.00924074737373
21,Female,Brazil,4.782063075339202,YouTube,2,Entertainment,29.13665582607584,1,4.9577959886570255,Medium,65.6315915513709
18,Female,India,3.242342772481497,YouTube,1,Entertainment,9.433436587729938,1,10.0,Medium,0.0
19,Female,USA,2.8779310386105754,Twitter,4,Socializing,19.79954666369074,1,7.3808891092674465,Medium,65.4668126666119
26,Male,India,2.059680782067932,TikTok,5,Entertainment,21.24123131342597,0,8.303421295169802,Low,49.41067685599636
24,Male,Brazil,1.7992535904807858,TikTok,3,Socializing,17.004616564192638,0,8.295879290854172,Low,32.64584471447593
22,Female,Australia,4.866031230375029,TikTok,2,Socializing,35.06362396404866,0,4.213595104595654,Medium,75.96663469447765
22,Female,India,5.163572880563404,Instagram,3,Entertainment,29.697515072807036,1,5.849190587458638,High,4.592465093414667
21,Female,India,3.5266276841717508,Instagram,5,Socializing,23.089613218586678,1,7.454439332460798,Medium,43.77951464534644
14,Male,Brazil,3.278993425104427,Instagram,5,Education,23.620859784000583,0,7.824119951114111,Medium,36.99891807497356
18,Female,Australia,6.009724621124942,Twitter,2,Entertainment,26.781109867283583,1,6.4111387927467325,High,60.4545141564551
21,Female,Canada,2.609022629773624,Instagram,1,Socializing,19.71990788347403,0,8.30565356912924,Medium,32.0311180861016
22,Female,Brazil,1.974628198298836,YouTube,5,Entertainment,20.545601110186347,0,7.443577877319653,Low,44.76812810751517
16,Female,India,5.583331621673588,YouTube,3,Entertainment,38.48757678797088,0,4.018631245478271,High,25.62631439318298
13,Female,Canada,3.102536043983699,Instagram,5,Socializing,5.0,0,7.48050105280867,Medium,56.30832941395425
16,Female,USA,3.196847842346974,Snapchat,5,Socializing,13.294435653731163,1,7.886237521445874,Medium,41.21975281843865
25,Female,Germany,2.46777099155539,Instagram,1,Entertainment,25.302976178488063,0,8.585572931216115,Low,23.70668648592803
23,Female,Brazil,4.465225391897331,YouTube,5,Entertainment,40.164906154117375,1,7.325481746993031,Medium,8.438322422987433
25,Other,India,1.402029678048751,TikTok,4,Entertainment,21.26522639107321,1,8.415413089668627,Low,45.15896879426353
17,Female,India,4.791315051303197,YouTube,2,Entertainment,27.200552364579263,0,7.130893708435403,Medium,66.02540159460315
16,Male,Germany,3.746513665294992,Instagram,2,Education,35.14342942288588,1,7.230226689190359,Medium,28.08843148817737
13,Female,Brazil,3.4290537672802683,YouTube,1,Socializing,40.73273102882774,1,10.0,Medium,25.70818566953852
16,Female,India,3.964897872316597,YouTube,4,Entertainment,26.029852748952717,1,7.10007312042,Medium,59.74602835709942
22,Female,USA,1.027314808281223,YouTube,2,Entertainment,27.03418721442149,1,8.469360445716084,Low,16.868546511600485
22,Male,Germany,1.9883154630278848,TikTok,3,Education,13.386737876749653,1,8.212693550434066,Low,0.0
24,Female,Australia,4.683310811003176,Twitter,5,Education,36.65480950983184,0,4.385183582993006,Medium,37.97744898788232
22,Female,Canada,4.406845921641842,Instagram,3,Entertainment,51.22892898931502,1,7.373141753440597,Medium,36.59808984032448
21,Male,India,3.709068233568296,TikTok,5,Entertainment,30.173425214267617,1,6.914349929757252,Medium,53.4258363592571
14,Female,Canada,3.1045131754708657,Instagram,5,Entertainment,24.765538769946502,1,7.0172160769372365,Medium,71.4664592316069
26,Male,USA,3.1245711107191845,Twitter,2,Entertainment,10.998345791484615,1,7.042810031757772,Medium,23.05445426775664
22,Male,Brazil,4.288824303667218,TikTok,1,Entertainment,28.291808838068693,1,7.057007430412705,Medium,64.48527394157196
17,Male,Canada,2.913763159286183,YouTube,1,Entertainment,25.884845416158903,1,8.740130376758648,Medium,42.69031161954474
26,Female,Brazil,1.0397478533724875,YouTube,4,Entertainment,22.587105925562028,0,8.54916536094191,Low,51.14454761082411
15,Male,USA,4.020676956353869,Twitter,4,Education,19.199124310473746,0,8.170625173299147,Medium,28.97380567455279
24,Female,USA,3.747990657907064,TikTok,1,News,19.841738751486726,1,7.050597357246448,Medium,66.92666813685449
25,Female,Germany,4.34801169361195,YouTube,5,Socializing,24.430281969874507,1,6.906925048927714,Medium,59.76585917732078
26,Male,UK,4.432494636961571,TikTok,4,Content Creation,5.857719465492608,1,5.678054077860038,Medium,25.30039915670184
19,Female,Germany,4.123368845630672,YouTube,3,Education,5.0,0,9.04638369045938,Medium,44.30235571996372
27,Male,USA,4.784358184123196,YouTube,1,Entertainment,19.234106485002123,0,6.314222951331279,Medium,58.10194850968163
20,Female,USA,3.478430495397522,Snapchat,3,Entertainment,7.798539839665999,1,6.707679502825817,Medium,23.89431616127777
25,Male,India,4.8055879649768265,YouTube,2,Education,33.629577157225874,1,5.469689527561132,Medium,0.5049388350030384
21,Female,India,2.5011429787384243,YouTube,1,News,5.0,1,9.843186709212182,Medium,45.63992672420942
25,Male,UK,2.5947395936969864,TikTok,5,Socializing,16.85108538177125,0,6.487681369335993,Medium,41.07219506954004
13,Male,USA,3.3966575392788,Twitter,4,Entertainment,11.690869230896327,1,7.975896202637305,Medium,36.90794652604832
14,Male,USA,4.585574781340423,Instagram,5,Education,29.57324440675509,1,6.481135104497061,Medium,34.94615953128633
15,Female,UK,1.9486013206700157,Snapchat,3,Entertainment,32.22764245404633,1,10.0,Low,89.29161103169059
17,Male,India,4.625764388799982,YouTube,5,Entertainment,24.938754290920084,1,6.628783529332341,Medium,37.90897431512612
20,Female,India,8.559015330294823,TikTok,4,Socializing,23.48595319956677,1,3.823622427530953,High,40.63321793541642
18,Male,USA,2.481461727689262,Instagram,2,Entertainment,19.232448176454348,1,5.9391832168322125,Low,38.293928141119984
22,Male,Australia,6.048787679696432,Snapchat,4,Entertainment,33.18705437784202,1,4.128985744215054,High,0.1483205024545739
18,Female,India,5.697047464675006,YouTube,4,News,38.16589375557298,1,5.847280410069998,High,38.64248700881508
22,Male,India,2.087223945649419,YouTube,2,Entertainment,24.211578291025585,1,8.941980522056603,Low,45.26895012830615
21,Male,Germany,4.060552325122162,Snapchat,5,Entertainment,19.16986110097969,1,6.409166192682116,Medium,26.67825656243409
22,Female,USA,1.4838126650197476,Instagram,4,Socializing,28.202472138500468,1,7.58086157623373,Low,40.38376375053884
17,Female,India,5.309273351283217,YouTube,3,Entertainment,34.79635443031998,1,5.1748776446799125,High,43.13107757435622
17,Female,India,4.247737129840374,YouTube,4,Education,35.14706005295603,1,6.329414969484231,Medium,39.74765978110012
19,Male,Germany,0.5802532105902309,Twitter,2,Entertainment,17.7718523041346,1,9.68012268151768,Low,18.55725224089983
24,Male,Australia,4.484486598486537,Twitter,4,News,22.26474729922485,1,7.643095865094489,Medium,22.57748426345556
18,Female,USA,2.941804760586558,TikTok,4,Socializing,25.626548487995368,0,7.629591415967093,Medium,47.78794263108665
21,Female,India,4.937440190937375,TikTok,4,Entertainment,18.64395797133833,1,7.141686517720977,Medium,22.096567394216475
18,Female,India,3.107696222057444,TikTok,2,Socializing,16.568188224556888,1,6.208286388700651,Medium,31.44632235773517
25,Female,Australia,2.036386992890961,TikTok,2,Education,20.21126331214116,1,6.329842644750958,Low,71.8576269256993
15,Male,Germany,4.455761180496409,Twitter,1,News,17.998469816829378,0,6.253496100473225,Medium,74.32224416241067
25,Male,India,1.9077740977353772,Instagram,3,Entertainment,31.55012826886788,1,8.169997998339156,Low,38.71943228263378
15,Male,India,5.049221038979851,Twitter,2,Entertainment,25.984967398306622,1,7.023895565375429,High,31.957740250951133
18,Female,Australia,1.8363626629572347,YouTube,4,Socializing,36.09709939636005,0,9.469194916613883,Low,35.53504708440849
15,Male,Canada,3.867781834588595,Instagram,4,Education,47.87524232322336,1,7.148844586966825,Medium,84.57751872653499
21,Male,Canada,2.1663500246406047,YouTube,5,Socializing,36.41947062067169,1,9.477569185333888,Low,81.58313175959918
23,Male,India,4.083292327539586,YouTube,1,Entertainment,18.484274038049318,1,8.468661783743027,Medium,18.5696241118547
20,Male,Germany,1.535664675715812,YouTube,1,News,26.686748553881557,1,8.799754496177899,Low,30.483835570505896
20,Female,Australia,1.3295807834098283,TikTok,4,Entertainment,21.846717374966428,1,10.0,Low,53.73516482338978
22,Female,USA,5.676214002522357,Twitter,2,Socializing,20.021366766076927,1,7.392011812365238,High,17.352404406205974
23,Female,India,2.290350488654177,Instagram,3,Socializing,27.15135338191016,1,7.735739651086347,Low,19.27255530931099
26,Male,USA,3.146866735026144,Instagram,2,News,39.67674370599879,0,7.180350972019783,Medium,51.42781994992053
22,Male,UK,4.729677770190992,Instagram,4,Entertainment,5.0,0,6.128061735399575,Medium,20.768842737504485
21,Female,India,0.5,Twitter,2,News,44.59935149193029,1,9.881811401950646,Low,6.403658746303293
20,Male,Germany,3.4614852261908515,TikTok,2,Education,39.69472136020873,0,7.26155021483398,Medium,0.0
23,Male,Australia,2.26072428424473,TikTok,4,Entertainment,35.876522990000566,1,7.775108321991714,Low,5.617591580387554
15,Female,Brazil,1.4782240055589295,TikTok,3,Socializing,20.02339056890528,0,7.510705713924801,Low,69.78401626094787
21,Male,India,2.8898938894239654,TikTok,2,Education,16.07195201397728,1,8.631701358266165,Medium,44.38187847779825
17,Female,India,2.956693497514744,TikTok,4,Socializing,29.626675288737943,0,7.522552372937498,Medium,62.40992205072588
23,Male,UK,4.217817098548668,Instagram,1,Education,44.7105697671456,1,7.416457614483207,Medium,71.5962008172593
15,Female,India,2.4307125042912863,TikTok,4,Entertainment,29.91440819895952,1,7.79588614823088,Low,56.85164675818272
13,Female,UK,3.893580138844027,YouTube,2,Entertainment,22.679004172949103,0,6.586830489709176,Medium,47.14836016609
23,Male,USA,3.1983182926312628,Instagram,3,Education,19.65060097417396,1,8.408120345303832,Medium,0.0
13,Male,India,4.351580104840551,Instagram,3,Entertainment,31.64026365237355,0,6.840580479197755,Medium,52.190109798143226
17,Female,UK,3.770377388243839,TikTok,3,Socializing,32.78075719821554,1,4.709218984415589,Medium,53.31170387016877
26,Male,India,1.638949879805178,Instagram,2,Entertainment,24.74812489053887,0,8.567209411100059,Low,43.37734595494376
17,Male,UK,2.6161347099482777,Instagram,5,Socializing,26.785890523250316,0,8.214193046829026,Medium,24.936791009611408
23,Female,India,5.009226690563029,YouTube,1,Socializing,26.87752323152411,1,5.868252746922417,High,48.59342788212948
14,Male,India,5.595068313802968,TikTok,2,Education,32.49408983250055,1,5.497857862177928,High,44.86317130287419
21,Male,UK,2.1695095479459687,Instagram,3,Socializing,26.227002480396127,1,7.977240839525157,Low,54.89719701863645
13,Female,India,3.792246803179206,Instagram,3,News,31.59177529419744,0,6.859198490065026,Medium,13.658026043565693
19,Female,Canada,4.282789061371876,Snapchat,4,Entertainment,32.70294016436348,0,6.456011581948125,Medium,68.24209452096335
27,Male,Australia,4.05616740496229,Instagram,2,Socializing,26.497699639519237,1,5.561571694265966,Medium,65.46865664744567
20,Male,Brazil,5.138131394172937,YouTube,4,Socializing,36.04871300077125,1,5.381258495524929,High,16.180795809105003
23,Male,India,4.691525652900606,YouTube,4,Education,33.89972140532787,1,5.8938439314783935,Medium,47.31054615724032
16,Female,USA,3.463294120382869,Instagram,2,Entertainment,18.026003852800724,1,7.940078645224833,Medium,70.8418369532189
23,Female,Brazil,1.373905526703501,Snapchat,5,Socializing,20.55183618572676,1,9.315993745277876,Low,20.40107003873748
15,Female,UK,3.234606791655088,Instagram,5,Entertainment,17.54204470212336,0,7.01175764690443,Medium,34.59974105183724
26,Male,USA,4.472856572611596,Instagram,3,Education,32.37344109127028,0,3.743705438161989,Medium,46.36578963219931
25,Other,Brazil,2.6950399732278054,Snapchat,1,News,31.55831429106142,1,6.799356994691536,Medium,54.13741028158885
25,Female,India,1.87666773416946,Instagram,2,Socializing,32.89769751758772,1,8.30885905867108,Low,45.19743271220391
18,Male,India,4.545341308411231,YouTube,4,Entertainment,5.0,1,6.714314373842809,Medium,44.2055325019452
21,Female,USA,1.8988294639026335,TikTok,1,Socializing,18.18021288059056,1,7.622683299575085,Low,40.890178588469695
24,Male,India,1.5387871267230748,Snapchat,2,Education,5.0,1,10.0,Low,25.33338644007636
18,Other,UK,5.380802960367864,Instagram,5,Socializing,31.31555298847578,1,7.7935394003873135,High,31.21028299136431
21,Male,Germany,4.863035915823389,TikTok,3,Socializing,36.20011238280962,0,6.100494846891538,Medium,28.88298043889126
19,Male,USA,3.155099817666866,Snapchat,1,News,34.43544786617411,0,7.614082201446795,Medium,44.71631866440318
20,Male,India,4.317775800327217,YouTube,1,Entertainment,24.33748293234564,0,6.30971354694288,Medium,56.70663612698989
15,Male,Brazil,3.6641774700428886,Instagram,5,Education,32.404528343642355,1,6.6984351762207535,Medium,22.998008469756783
14,Female,UK,4.9577732936046255,TikTok,3,Content Creation,27.016624576827198,1,6.945198809473962,Medium,36.97244474052832
21,Male,Canada,2.1304244893520874,TikTok,2,Entertainment,28.17975545247304,1,8.401654600708417,Low,35.33737177878135
23,Female,Canada,3.8684177292675113,Instagram,1,Entertainment,28.43600141942148,1,7.850811486555331,Medium,23.17195489812552
27,Male,India,2.988643720422252,YouTube,4,Entertainment,28.359468026994843,1,8.629952652421352,Medium,32.24842449338989
16,Female,USA,4.40710808162655,Twitter,4,Socializing,33.22500638438676,1,5.989578934962538,Medium,61.49313155909756
26,Male,USA,4.7273995357889484,TikTok,3,Education,31.260930651542463,1,8.12436579644796,Medium,27.97639470537305
15,Female,Brazil,4.282930289320539,Instagram,5,Entertainment,26.441361027136445,1,5.379361700784047,Medium,36.43954513353246
17,Female,India,1.663126079501353,Instagram,4,Socializing,24.54187035634147,0,10.0,Low,59.94540406640533
26,Female,Germany,4.973953351264823,Instagram,3,Entertainment,33.57405582886362,1,6.184201515349856,Medium,55.56350984239905
17,Male,India,3.281346459585316,YouTube,1,Entertainment,7.189454017103213,0,7.514082035739824,Medium,39.9844083545119
26,Female,Brazil,4.501194835334715,YouTube,3,Education,24.050036302447616,1,5.430522054876337,Medium,0.0383677854358168
24,Female,India,2.80141301969696,TikTok,5,Entertainment,22.575570364276984,1,9.6357527324826,Medium,77.8815317510089
16,Male,India,4.290052552306356,YouTube,2,Education,21.591405316200703,0,5.015407427213479,Medium,39.65709655945582
21,Male,USA,6.34555316512512,TikTok,1,Entertainment,29.67974739469822,0,3.706506028828039,High,38.19420215960894
15,Male,Germany,3.4251906509989025,Snapchat,1,Entertainment,22.55168715490201,0,8.734678872764897,Medium,46.05441779879104
18,Male,Canada,4.31367530176203,Instagram,1,Entertainment,19.0840508526967,0,6.278391728417058,Medium,67.1985967990301
23,Male,Brazil,3.8286181251923126,TikTok,4,Entertainment,42.360212924899855,1,7.492014876305283,Medium,49.87556605535516
22,Male,UK,4.588766159390902,YouTube,5,Entertainment,31.593207227622717,0,6.555283177025311,Medium,51.42455655274714
26,Male,Australia,4.841027566960864,Snapchat,2,Entertainment,40.75843467542721,1,6.528126964385621,Medium,36.44775748670682
17,Other,USA,2.495421949804314,TikTok,5,Socializing,18.771092738723148,1,9.20905649105561,Low,40.6639065673298
17,Male,Brazil,4.4571787043318425,TikTok,3,Socializing,11.039617616703426,0,6.66619247309965,Medium,0.0
26,Female,UK,3.278227229146888,YouTube,1,Entertainment,7.807973541121335,1,5.0039399899322605,Medium,56.63361550604235
24,Female,Canada,1.4789058935868655,Twitter,1,Socializing,21.603525943045604,1,9.762422193322472,Low,10.78067326482649
22,Male,India,2.6857763430382064,Instagram,3,Education,19.317248779254054,1,7.299910831799685,Medium,0.0
20,Male,USA,6.646895075710427,TikTok,2,Socializing,27.66587709234846,1,4.891332841222735,High,74.42746042440575
23,Other,India,4.084032478082998,Instagram,4,Entertainment,26.837742675311297,1,5.010522214583808,Medium,87.57032762088673
27,Male,India,2.748250202353491,Instagram,5,Education,50.87629449825107,1,8.25558246695265,Medium,37.66497328562113
23,Female,India,5.942653072535913,Snapchat,5,Socializing,7.5074773110059105,0,5.122275236180543,High,55.95325236527496
18,Female,USA,4.5527387442210445,Instagram,3,Entertainment,23.24469350809651,1,5.606083200045082,Medium,52.578477717186445
20,Male,Germany,1.2478875768163156,TikTok,1,Socializing,19.87111121456097,1,9.40016243415003,Low,21.872015677363336
21,Male,India,5.45944908844726,TikTok,5,Socializing,30.84582061188751,1,3.535154129136392,High,54.45894870057047
17,Female,Brazil,5.348882174085127,Instagram,5,Education,22.536867468010733,0,6.464198851862585,High,32.09942271583694
25,Male,Canada,2.7760710383392597,Instagram,1,Socializing,12.163078730925228,0,8.602299903406577,Medium,48.725286639220975
22,Male,Canada,3.245288986799472,TikTok,3,News,28.56291558303931,1,8.39253236337474,Medium,36.99462148626237
18,Female,Germany,3.1738881339329432,TikTok,1,News,8.132840266471103,1,7.415432819822104,Medium,63.23935446093152
13,Male,India,0.9517972031760022,YouTube,4,Entertainment,8.935931146146782,1,9.66971876038463,Low,56.51646091282908
20,Female,USA,3.393394579091186,TikTok,1,Entertainment,5.709280093226049,0,6.802183829642564,Medium,51.39508045312297
13,Female,USA,3.685266103634808,YouTube,2,Socializing,21.44115212324228,1,8.161578329918843,Medium,28.64861937623961
23,Male,USA,2.1223453961160037,Instagram,3,Entertainment,28.12749821580423,1,8.481550210583986,Low,0.0
24,Female,USA,4.626304358718403,YouTube,3,Education,34.90130877863493,0,5.94135002736757,Medium,43.26046143013273
26,Male,UK,4.175443980854114,Instagram,4,Education,34.969550287641965,1,4.718428349290463,Medium,25.11236562934291
21,Female,Brazil,3.6484575800987726,TikTok,3,Socializing,14.31673315106903,0,6.142292452884239,Medium,59.785824002829074
13,Male,Brazil,4.547104208061638,TikTok,5,Entertainment,24.49348418424877,0,6.942071482588836,Medium,26.06079572157865
24,Male,Germany,2.633993423351814,TikTok,5,Entertainment,22.486942837738702,1,7.266192783247219,Medium,38.35661616979277
27,Female,UK,3.1875571328892844,YouTube,5,Education,28.902285141885788,0,6.38076040759468,Medium,49.068202981677366
24,Male,Canada,2.559633845174747,Twitter,4,News,33.21855453395452,1,8.130306690780971,Medium,43.45840748446193
20,Male,USA,3.7710502668156543,Instagram,5,Education,39.25473109860559,0,5.392115178684878,Medium,4.6092719611679485
26,Other,USA,3.435101217395083,Snapchat,5,Socializing,26.73498159051672,0,9.12002336552999,Medium,35.81887188675958
26,Female,India,3.182456626331242,Snapchat,4,Entertainment,28.648932308789327,1,5.934317357270309,Medium,51.48272867568924
24,Male,Australia,4.89302614336972,YouTube,5,News,25.493435617632425,1,6.910490510022727,Medium,38.42393513460196
23,Female,UK,5.861592729828631,Instagram,5,News,32.48426918078596,1,3.132461362117948,High,7.933622195733754
17,Female,Canada,1.6150608568687237,YouTube,1,Entertainment,33.376770553047095,1,8.787496947558436,Low,14.375520521432826
23,Female,Canada,3.0945431243550727,Twitter,3,News,21.899425376680007,0,6.3330105219683,Medium,49.5536762088285
17,Female,India,3.853666769688884,TikTok,5,Entertainment,20.00298032468833,1,6.591643780773978,Medium,58.953246507848846
22,Other,UK,4.635358096417723,Instagram,2,Education,25.778556072652627,1,6.835950489871573,Medium,29.742050898272755
14,Female,India,1.952953178628004,YouTube,5,Entertainment,16.740596871313308,1,9.574729052465674,Low,6.440361322914008
21,Male,Canada,4.15487995904676,Instagram,2,Socializing,18.51414160471053,1,6.093762098367808,Medium,22.63340224678089
20,Female,USA,4.08461221029399,Instagram,3,Education,28.268044912466777,0,7.836937974861195,Medium,41.75288055330215
23,Female,UK,3.370572297319139,YouTube,3,Content Creation,24.254250846021357,1,8.635119421065076,Medium,24.072069625434505
26,Male,India,2.5887257565230337,Snapchat,2,News,24.55170511364602,1,10.0,Medium,0.4243555487064441
17,Male,UK,6.367787665493543,Instagram,4,Content Creation,30.926156133601047,0,6.036655413039689,High,18.77916340642473
16,Female,India,3.219433073067671,Instagram,1,Entertainment,27.580977406457585,1,6.57970511629481,Medium,67.2032877146948
25,Female,India,4.030453845075642,Instagram,1,Socializing,9.114215813950056,1,6.703439992786056,Medium,72.68224722821361
20,Male,Australia,5.029665712896449,YouTube,3,Socializing,41.67128806704891,1,6.165849006853472,High,39.76222737394702
23,Female,UK,3.850822923865529,Instagram,3,Entertainment,5.84717302887476,0,7.494889913830431,Medium,26.71048630026808
18,Female,UK,5.174727832852422,Snapchat,2,Entertainment,6.242084923666017,1,5.0859844092964295,High,67.54539536744
17,Male,USA,2.9003447637345783,TikTok,2,Socializing,23.960742096256062,0,7.221387848316159,Medium,20.098409888274176
22,Female,USA,5.077785106694084,YouTube,5,Socializing,13.565807654407836,0,7.732117721359323,High,22.055689810720796
21,Male,Australia,2.055059408570352,Snapchat,2,Entertainment,16.25241194203963,1,8.312033402585403,Low,70.71845058066248
27,Female,India,1.0427172082067004,YouTube,1,Education,28.999463925782063,0,8.955824240923878,Low,40.20828775077281
20,Female,Germany,6.089767270811438,Instagram,1,Entertainment,40.98327972191374,0,5.8225184951617495,High,18.447633793786284
18,Female,Canada,2.3342807606805587,Instagram,1,Socializing,42.41214047710105,1,8.616886877859292,Low,15.094734897149271
24,Female,UK,1.604975195959514,Instagram,3,Entertainment,31.23520692178049,1,7.902769550313557,Low,1.895848535855393
21,Male,Brazil,2.773608345719719,Instagram,3,Socializing,5.0,0,7.279625473659068,Medium,61.79127017612362
16,Male,Canada,3.909323415991224,TikTok,3,Education,34.66534747677528,0,5.463781097100486,Medium,34.0482123180864
14,Male,Canada,3.074148751034167,TikTok,3,Socializing,32.220319964292464,0,6.295990509101047,Medium,25.27094254628759
16,Female,USA,3.6848560261718193,YouTube,4,Entertainment,33.672833242533,0,5.364372673545534,Medium,33.04989123793713
26,Male,India,2.8441127734269376,YouTube,5,Education,36.94247882204532,1,7.988334434511246,Medium,30.42058175163828
27,Female,India,2.994541601180099,YouTube,4,Education,38.70790299404811,0,6.828854724968726,Medium,4.016243264763666
18,Male,USA,2.243243417850281,Instagram,5,Education,20.501737574200604,1,8.85753865076639,Low,46.56234229550622
18,Female,USA,4.352245599127146,Twitter,4,Entertainment,51.98237785589059,1,7.361738091480936,Medium,14.025566688894765
24,Male,India,1.5469445094484997,Instagram,2,Socializing,24.110794879637638,1,9.409920909411808,Low,26.699541992726186
19,Male,India,1.973997824396374,Instagram,3,Entertainment,29.57679045556253,1,10.0,Low,90.07390219271689
18,Male,UK,4.62435773437239,TikTok,4,Entertainment,29.666187693194367,1,7.387638421130329,Medium,72.14152164121336
24,Female,India,2.3496316961062917,Twitter,4,Education,32.905471031028995,1,7.567841252000549,Low,41.46868356847356
26,Female,USA,4.040282078095887,TikTok,2,Entertainment,11.133996556531024,1,7.595984630341695,Medium,63.44630108395693
25,Female,Australia,3.630750215158206,Instagram,4,News,33.76877235109051,1,7.767731546194756,Medium,6.9508557066142345
17,Male,India,4.555684604269684,Instagram,2,Education,5.0,1,4.377089700131075,Medium,2.5930336698890883
18,Female,India,1.9654085344093064,YouTube,3,Entertainment,46.90802679798724,0,8.283152257280012,Low,15.510858504418078
14,Female,Canada,0.5,YouTube,3,Entertainment,17.964133561727856,1,10.0,Low,19.96736103513365
19,Other,India,3.635323570119266,Snapchat,1,Socializing,42.75276047599849,1,6.6708321572070925,Medium,34.6491754487712
23,Male,USA,5.581019119629143,Instagram,4,News,28.104968125904172,0,4.601485890361672,High,54.590749175144815
14,Male,Canada,5.808743891516212,Twitter,4,Entertainment,33.81099912385004,0,5.363128066435772,High,29.37154148506899
27,Female,India,5.234239160950178,YouTube,5,Content Creation,21.59939989429997,1,5.372570786372945,High,57.845249339371485
16,Male,India,1.5006470361419253,Instagram,3,Education,21.76144314471356,1,10.0,Low,74.70015390288097
16,Female,Germany,2.4804444977476647,TikTok,1,Entertainment,33.78252699766266,0,8.0520765237248,Low,49.495850431134826
15,Male,India,3.842086034606424,Twitter,3,Education,31.894115096338336,1,6.223861945277555,Medium,21.97146805421866
13,Male,India,0.5,Snapchat,4,Entertainment,7.712508503903749,0,9.410937458541484,Low,20.323862581232746
17,Female,India,3.041346463342566,YouTube,3,Socializing,11.382483727500151,1,9.093773778300235,Medium,37.41815674850295
25,Female,USA,3.6543847334779382,Instagram,4,Education,23.54629044056356,0,7.722180963656725,Medium,37.06925770108164
13,Male,USA,2.896951704143123,Snapchat,1,Entertainment,28.63043914457729,0,6.971594302794257,Medium,50.62301012707547
24,Male,Germany,6.012920382232677,Instagram,3,Entertainment,27.8044109006899,0,5.103786246871971,High,65.36379459452122
19,Male,India,2.084661833590279,TikTok,1,Entertainment,18.557453673838012,0,9.678427585540048,Low,90.54191890531172
21,Male,USA,0.5019182002438889,Instagram,2,Entertainment,33.86600235881901,1,10.0,Low,0.0
25,Male,India,1.87923560677168,YouTube,5,Entertainment,21.86500283230533,1,7.221797173801301,Low,18.706362977102835
19,Male,Brazil,2.473038092595962,TikTok,4,Education,31.251442772099452,1,7.070345067827493,Low,40.15365563536763
27,Female,India,5.458712109327792,Instagram,2,Entertainment,20.197822122196143,0,3.801140259831842,High,15.578259355604033
21,Female,India,6.864903074639935,TikTok,1,Entertainment,24.128686067915392,1,4.676207537911184,High,56.30185169246492
23,Male,Germany,1.2127371891843604,TikTok,1,Education,44.43426445955861,1,9.529658384452206,Low,67.22983172643809
25,Male,Brazil,3.128184125365782,Snapchat,1,Entertainment,19.94607420970412,1,8.33114141456545,Medium,29.796828490199516
23,Male,Canada,3.082017166855444,Twitter,3,Entertainment,24.285998982359885,1,7.882986087560482,Medium,69.85513527070673
20,Female,Australia,4.657587612321628,Snapchat,2,Education,21.727802803276195,0,4.388994135833436,Medium,31.33150286104527
18,Male,Australia,1.140221850197435,Snapchat,4,Socializing,7.701518597356816,0,9.3414982198399,Low,8.036751617671335
23,Female,Australia,1.885478776766285,Instagram,4,Socializing,37.00528615486047,1,9.590896121984526,Low,43.32135524230558
17,Female,India,2.907255228806148,TikTok,4,News,21.509630777511664,1,6.1355968935977145,Medium,10.087567753141869
25,Female,India,4.425221052795842,Twitter,1,Education,17.5261725020682,1,6.0576728335310746,Medium,23.960501647629016
21,Female,USA,2.6952901904499904,TikTok,2,Socializing,31.887003630259244,1,9.467957741432638,Medium,55.4009064402479
13,Male,Germany,2.0755373042639613,Instagram,1,News,28.58466602730718,1,8.106058513224976,Low,46.000966504028014
25,Male,Brazil,0.6720771278549291,TikTok,3,News,22.57500700962023,1,10.0,Low,29.25773900279229
15,Female,USA,2.622512190490663,TikTok,1,Entertainment,24.011202713788062,0,7.694373409324426,Medium,36.35386738924665
27,Male,USA,2.5889588747669974,YouTube,4,Socializing,55.09221305068148,0,6.648227820933373,Medium,13.781719584842598
13,Female,USA,3.1797333335721447,YouTube,1,Education,13.00779300709234,1,7.446384171170019,Medium,73.67197574344303
24,Male,India,2.5206714610528334,TikTok,1,Entertainment,22.74074949429795,0,8.172953368826471,Medium,40.378115995299225
21,Male,UK,1.705321234053658,YouTube,3,Education,24.378202863590374,0,8.611898649075217,Low,42.32804325935892
18,Female,India,4.6678591867397605,YouTube,2,Socializing,16.567151328058117,0,5.926185513231591,Medium,40.50464139663182
21,Other,India,4.990879413969724,YouTube,2,Entertainment,50.46271970788354,1,5.28683484188309,Medium,0.0
18,Female,UK,4.397936458877915,YouTube,1,Education,38.82023236982838,0,5.93209420017474,Medium,44.83448384417129
25,Male,Brazil,1.7668284821909443,Instagram,1,News,27.777062255035155,0,8.540507853981138,Low,84.88148338200752
18,Female,Australia,5.018703350010837,TikTok,2,Entertainment,38.46254395887172,1,6.351106284399978,High,10.91633755901055
27,Female,USA,2.6350876980233946,Instagram,3,Education,17.155432191825668,0,7.914127062325821,Medium,54.21224385342366
21,Male,USA,2.9367096904279206,YouTube,3,Entertainment,29.995766739936936,0,8.610568624852256,Medium,70.56287072713982
27,Female,USA,3.608936480829329,Instagram,2,News,11.778539440016669,0,7.346984898794448,Medium,92.99512701399834
20,Male,Australia,5.021967614587648,YouTube,4,Entertainment,20.37670010813645,1,7.060116743853899,High,8.352025734656362
19,Female,UK,4.245212302879038,Twitter,2,Education,28.475830615802806,1,6.898532287654137,Medium,28.200259991583536
25,Female,Germany,2.245665388082278,Instagram,1,Entertainment,26.240807837068232,1,8.754503025238435,Low,43.88732103772886
25,Female,India,1.6611421117615337,YouTube,1,News,9.138690741416632,0,7.39251289236868,Low,75.65155192451111
26,Male,India,4.157268974307206,Snapchat,1,Entertainment,35.20958940671824,1,8.423125528071205,Medium,51.35864338868736
22,Female,Australia,4.448799215604095,Snapchat,2,Entertainment,20.94253381796933,1,5.913128170000051,Medium,27.33696774121181
18,Female,USA,3.6468310947163207,TikTok,3,Entertainment,29.82881273831005,1,6.414677752667272,Medium,30.897247817408445
19,Female,Germany,5.185325419638815,YouTube,5,Content Creation,12.742329061169562,1,5.735818732290295,High,14.551930146257853
19,Male,India,5.69550239961964,YouTube,5,News,28.97407466405575,1,5.691389276928225,High,32.24075639805227
27,Female,UK,2.7216781182031227,YouTube,2,News,29.90559270845818,1,9.201295727518854,Medium,16.375075404196355
15,Male,Brazil,2.2477398945049134,TikTok,2,Education,40.47648150087301,1,7.150111513161274,Low,38.43110860824764
21,Female,USA,1.5995519564526042,TikTok,4,Entertainment,15.387965832891467,0,9.96507636106175,Low,68.78263983788105
18,Male,USA,3.0290069103053106,Twitter,2,Socializing,19.307988848289057,0,8.178092963885103,Medium,48.94406530536651
25,Male,Canada,3.4934261222841547,Twitter,5,Entertainment,28.683100575752952,0,6.293308117645242,Medium,24.06975275324598
19,Female,UK,1.082829998879312,Instagram,3,Entertainment,35.87140500917464,1,9.083559545508557,Low,27.21309973789539
16,Female,USA,4.711510474293895,TikTok,2,News,26.234156816545006,1,7.562717656216252,Medium,39.02632229833758
15,Female,USA,2.72306273066903,Snapchat,4,Entertainment,22.32434634146354,0,7.4351919463912335,Medium,63.19855075387835
17,Female,USA,4.483770203016207,YouTube,5,Entertainment,8.306242820593148,0,6.7900006245382185,Medium,50.91696496611131
15,Female,India,2.5139877652410734,YouTube,3,News,25.53886848884301,0,7.196713837672505,Medium,51.66026859913907
23,Male,USA,4.037969337402414,Instagram,4,Content Creation,30.359229913081197,1,6.217491382813147,Medium,90.56326068744808
14,Male,Germany,4.722527705132327,TikTok,4,Entertainment,18.394733940642432,1,6.301720998676156,Medium,73.25190169771281
15,Male,Australia,4.904703921990298,TikTok,4,News,27.21156276796165,1,6.375658288493685,Medium,36.96166001210692
17,Male,UK,3.040938472293158,Instagram,3,Socializing,10.372359473399168,0,6.926155356815413,Medium,44.37554591090649
24,Female,India,3.162201748855035,Instagram,1,Socializing,19.38115428869109,0,7.491573803524653,Medium,52.05096646439952
21,Female,India,4.963894873499296,YouTube,2,Socializing,29.52183966652711,1,7.038434568581661,Medium,55.054113242862506
27,Male,USA,1.423823364237185,Instagram,4,Entertainment,24.002138427091825,1,9.285433722237546,Low,6.033351642234564
20,Female,USA,6.534173525680639,YouTube,1,Socializing,10.77807722110096,0,5.145446797592124,High,72.16524320307927
22,Male,UK,4.336392663101439,Instagram,1,Socializing,22.01532603837574,1,6.075868106053328,Medium,43.18635039167934
20,Female,India,6.612398152885383,Instagram,1,Education,23.57885219756449,1,6.28474310095407,High,6.27587088548195
17,Male,Canada,4.326568865431128,TikTok,3,Entertainment,22.25899215849302,0,6.712515679444709,Medium,47.11809819871269
24,Female,Brazil,4.052368249103244,YouTube,4,Entertainment,33.56257069634173,1,7.171731496280223,Medium,43.884827628674245
26,Male,Brazil,2.3039385566430117,Instagram,4,Socializing,15.306439029628372,1,6.980394880016738,Low,32.382661527583025
23,Male,Germany,0.989538001483084,Snapchat,5,Socializing,27.15816230543357,0,8.137733150795297,Low,34.86384382051857
22,Male,Germany,4.899222416025491,Snapchat,4,News,15.173625849130412,0,5.866207144467031,Medium,57.78430598698744
19,Male,Canada,4.167785944322057,YouTube,3,Socializing,28.798498636187933,1,7.042007509101629,Medium,25.471433990173917
25,Female,India,1.9336318884738253,Snapchat,3,Entertainment,5.0,1,9.09104944391483,Low,72.79468929756348
23,Male,Australia,3.4115840242726545,YouTube,1,News,33.433224960749655,1,6.678756353676304,Medium,7.074883913878942
18,Male,Canada,4.4451140421577,YouTube,4,Entertainment,38.219003532353945,0,5.5122282660005855,Medium,0.0
17,Male,UK,3.8422504182544768,YouTube,2,Socializing,36.411576060744814,1,6.806622402219397,Medium,31.40122261688108
25,Female,USA,4.63429857650977,YouTube,1,Entertainment,21.409097720735303,1,6.627751847204374,Medium,70.982640534132
25,Male,Canada,2.6028777168911352,TikTok,1,Education,22.99704506885122,0,6.9560493968892665,Medium,37.94400193017301
18,Male,India,3.013475318754813,Snapchat,1,Entertainment,23.902280244140265,1,6.077464714685889,Medium,66.42847567857409
14,Female,USA,1.4205124948017378,Instagram,4,Entertainment,24.61315563520222,1,8.65914712164002,Low,42.7648256566943
22,Female,Canada,6.348636353228506,Instagram,1,News,19.342000331934504,0,5.607867410154839,High,57.1454479236718
13,Male,India,3.097062568749097,Twitter,2,Entertainment,25.00668278352409,1,8.982708692933787,Medium,59.25381133628338
23,Female,India,1.3054796707416187,YouTube,2,Entertainment,26.69837254324477,1,10.0,Low,32.74753768542357
17,Other,USA,6.1995888846785085,Instagram,5,Entertainment,29.1331239304588,1,5.710183977057031,High,33.704118867733
15,Female,India,4.556553115967434,Instagram,5,Education,30.87139201443708,1,6.203526592675043,Medium,28.03976154446052
16,Female,USA,3.490727949145187,YouTube,2,Socializing,26.334770243251192,0,7.123713497349762,Medium,16.226276467714875
25,Female,India,4.679441115924044,Twitter,4,Entertainment,33.12293797295666,0,6.597538078785625,Medium,39.95464175245269
18,Female,Canada,5.784826591446724,Snapchat,3,Entertainment,22.040091601961,0,4.451622679339836,High,48.58797959707172
15,Male,India,6.474575555237033,YouTube,5,News,31.78370411821396,1,5.707942118790015,High,21.297016344495734
19,Male,Germany,2.294364922252911,Instagram,3,Socializing,26.56381560128719,0,7.212925387906662,Low,45.04384413582967
22,Other,India,5.20481049499338,TikTok,3,Entertainment,5.0,1,3.982091144840606,High,98.70442657309256
24,Female,USA,3.4474489432288253,Twitter,1,Entertainment,43.61129529784255,1,7.444529037566983,Medium,48.00641106950166
21,Male,India,3.6265367071070207,Snapchat,4,Entertainment,39.0219226209591,1,7.258874326829409,Medium,0.0
16,Male,Canada,3.7578462748939256,TikTok,5,Education,9.762724807117792,1,7.175606688625552,Medium,53.60103869884284
15,Female,Germany,1.932526311132834,YouTube,5,Socializing,44.96598423589764,1,10.0,Low,52.77670886182281
27,Male,USA,2.3504527560081248,Snapchat,5,Entertainment,25.25292883834952,0,10.0,Low,44.88606835059945
15,Female,India,2.6084450593137944,TikTok,5,Entertainment,15.781613045263084,1,7.824219784469284,Medium,46.08845567756973
26,Other,India,3.734453794579089,Twitter,1,Socializing,36.3547637268722,1,6.735889286821761,Medium,78.97161236609874
20,Male,Brazil,5.474836128814747,Instagram,3,News,18.204112198049057,1,5.816067763660678,High,56.54853490783266
26,Male,India,3.3849415420116187,TikTok,2,Education,35.4665799325383,1,7.353132957039029,Medium,59.64504029596228
13,Female,Canada,2.092795954917566,TikTok,4,News,38.2299374607541,0,8.116117131287767,Low,60.33958480940477
27,Female,Germany,0.5,TikTok,2,Socializing,27.35686305182039,0,9.346650235813716,Low,41.46191300678073
19,Male,India,4.019577155751651,YouTube,4,Education,23.99984950961472,1,8.149090709430418,Medium,18.220355588755048
22,Female,India,3.7432221890474393,TikTok,4,Content Creation,27.32164854172114,1,6.083039147473271,Medium,73.49205837030198
27,Female,India,2.2524258393345638,Twitter,2,Education,21.367196202266,1,10.0,Low,8.423985235196305
15,Male,UK,4.351158939413299,Twitter,5,News,35.28236312894878,0,8.314007600530115,Medium,21.06424474834301
15,Female,India,2.921044734900145,Twitter,2,Entertainment,26.8486117158132,1,8.415258546143127,Medium,32.15423246338466
13,Male,India,3.639859654883311,YouTube,2,News,35.32218578532888,0,10.0,Medium,51.0820333065773
20,Female,India,5.080233497349608,Instagram,4,Education,18.76770854695057,0,7.350784366168344,High,60.97127289178502
15,Female,Canada,4.17545602413179,Snapchat,2,Entertainment,23.808411016538653,0,7.2024632353561975,Medium,53.3297007204841
18,Male,USA,4.412257698516245,YouTube,3,Entertainment,19.77418277236645,1,5.735155101686919,Medium,35.5504973289389
15,Male,India,5.790846113052557,TikTok,2,Socializing,21.920084470413123,0,5.392853487457606,High,45.62420623992713
17,Female,Brazil,1.9714758379201425,TikTok,2,Socializing,21.693803977762645,1,9.11289308369232,Low,34.87265887750573
26,Male,USA,8.285668502051262,YouTube,2,Education,28.7604927844056,1,4.138576805318645,High,0.0
22,Male,India,3.251902763424048,TikTok,2,Entertainment,15.195131660319015,0,7.422993422750896,Medium,76.49587414511021
18,Other,India,4.223430478464022,Instagram,3,Entertainment,20.152328246590407,1,7.155520299593483,Medium,35.48833565214435
27,Female,Australia,1.7016177047471537,Snapchat,1,Content Creation,10.794005871714925,1,9.13709157147304,Low,41.60864558444516
21,Male,Canada,3.993675014015449,Instagram,2,Entertainment,20.63034096137686,1,6.860622498270153,Medium,87.86179696967511
14,Male,USA,4.183792607942854,YouTube,1,News,28.26939873605715,1,6.91702845100337,Medium,51.14663032141589
24,Other,India,5.549496100607374,TikTok,1,Socializing,33.03414279656095,1,4.499227428328142,High,68.63230179463666
25,Female,India,4.267124822739223,TikTok,5,Content Creation,16.239585398143042,1,5.339681921042722,Medium,42.196971773996566
17,Other,Brazil,5.404884099932117,Snapchat,4,Entertainment,38.09530780097135,0,5.181687844102077,High,97.77314381270712
13,Male,USA,3.68275383287756,Snapchat,3,Education,10.346538182913934,1,7.055870816443389,Medium,45.64104898600082
18,Male,Germany,3.724164669868971,YouTube,2,Entertainment,21.815113459317075,1,6.314251341319672,Medium,47.79691431500882
15,Male,UK,4.00917639175374,Snapchat,4,Entertainment,21.212477765232038,1,6.138847189422929,Medium,28.64826928498093
24,Male,India,3.884045641031888,Instagram,5,Education,18.42594452548308,1,7.275973177460869,Medium,13.097555738438736
22,Female,India,5.264248557952719,TikTok,3,Entertainment,17.631409369731227,0,5.751319171538252,High,54.05914773183834
26,Female,USA,3.9302098086141015,Snapchat,2,Socializing,29.39210308575704,1,6.786260084538789,Medium,32.96196277790104
26,Female,UK,2.0294461483608464,TikTok,2,Education,24.196990697020183,1,7.879236286647841,Low,20.367798034583192
22,Male,India,3.492403891314716,Twitter,1,News,15.91218346388199,0,7.852164011586444,Medium,62.188583322834106
20,Female,Canada,2.1118599514034884,TikTok,1,Entertainment,17.72338595534967,1,8.164624349927669,Low,38.126161451671216
18,Female,India,1.6426306560069024,TikTok,2,Socializing,17.7633151451191,0,9.14452918207059,Low,8.535580451261005
13,Male,India,2.6410007372897524,Twitter,1,Entertainment,23.343894217287872,1,8.967432394261035,Medium,48.09391946186064
24,Male,Brazil,1.850709816412382,Twitter,4,Entertainment,11.92547900510741,1,6.993863196750708,Low,47.59254788686838
27,Female,USA,2.175348516246049,Instagram,2,Entertainment,22.90101877128181,0,7.058245844162451,Low,24.50443892554448
14,Male,Canada,1.0862955530336094,Instagram,2,Entertainment,23.073914871655184,1,10.0,Low,34.3383556181475
17,Male,India,4.678186866401015,Twitter,1,Education,23.471865323926064,0,6.271307677299279,Medium,29.51901315130583
13,Female,USA,1.731543368284713,Instagram,2,Education,32.90685237191031,1,9.437957607552985,Low,51.17597777698395
14,Male,UK,2.649618026181652,Instagram,1,Entertainment,19.8737852944016,1,9.074069543220723,Medium,39.61913414311059
22,Male,Germany,3.087561072957428,TikTok,2,Education,6.116574012103534,0,7.699522741730949,Medium,61.81854379768952
16,Female,India,1.7233767658767112,Instagram,2,Socializing,34.111152669382335,1,9.860718104741863,Low,60.59127201425845
21,Female,Australia,3.187482516563448,YouTube,4,Education,5.0,0,6.247219912022935,Medium,15.039154506621934
17,Female,Germany,5.588992632589738,TikTok,1,Entertainment,26.44570531760955,1,4.332556171957306,High,15.553090169879788
14,Male,Germany,2.1333851274751687,Instagram,3,Entertainment,10.568843971493145,1,7.698973321603813,Low,49.4600982620198
23,Male,Brazil,2.406772582095236,Instagram,1,Content Creation,18.501876538205064,0,8.821806590910825,Low,52.16075246606596
17,Female,Australia,3.8301238111552536,TikTok,4,Socializing,16.837809909972478,1,6.735872682388157,Medium,75.78519875508488
18,Female,UK,2.710319849912778,Instagram,1,Socializing,16.587963236435975,1,6.722648155111088,Medium,54.97813285858982
13,Female,USA,2.782665036355016,Instagram,3,Socializing,22.3911047151431,1,8.384884914521422,Medium,28.446957216646062
21,Female,USA,2.75103115709066,Instagram,5,Socializing,40.203460236569626,0,7.05299716494597,Medium,31.90086059509636
17,Male,India,4.72288811465058,Twitter,5,Content Creation,22.317837948781364,0,6.330111605518853,Medium,44.49888508929544
24,Male,India,3.5955942019540843,Instagram,2,Socializing,25.41752193110313,0,6.1255675934877685,Medium,24.30872392648584
16,Female,India,5.798226506703103,TikTok,4,Socializing,42.40992018568209,0,6.7710988087905,High,69.3271093155106
15,Female,Brazil,3.181975036515265,Snapchat,1,News,19.458516342767386,1,8.796752011819507,Medium,51.422353660374895
14,Male,USA,4.430839331787224,Snapchat,2,Entertainment,36.99651880369372,0,7.798885925918007,Medium,97.3356318592152
26,Male,USA,0.5,Instagram,2,Socializing,31.3942070885655,1,10.0,Low,0.0
20,Male,India,1.4390893549302253,Snapchat,1,Socializing,5.0,0,10.0,Low,39.51054493241872
18,Female,India,3.2958628414860383,Instagram,4,Socializing,16.924298085261718,0,6.225266214300472,Medium,29.62676408663447
27,Male,India,4.146343092685098,TikTok,1,Education,23.824799182960504,1,7.013320987129978,Medium,19.20563153563508
27,Female,Brazil,3.506506323322025,TikTok,1,Entertainment,21.430595311291835,1,7.475361604283187,Medium,28.9836145377544
25,Female,Germany,4.295432230883288,YouTube,5,Socializing,24.70840666758793,1,5.742051322053051,Medium,43.00882120565041
27,Other,Canada,3.528953170284265,YouTube,3,News,16.29096627966224,0,6.621595860528477,Medium,48.73258510605152
26,Male,UK,4.166284204859853,Instagram,4,Education,25.3587545765636,0,6.329638889892841,Medium,61.60081494994255
23,Male,India,4.239647725033752,Instagram,1,Content Creation,26.86301294398393,1,9.05080545220196,Medium,66.67603700700253
26,Female,USA,3.134824317544464,Instagram,2,Entertainment,21.955305325051636,0,6.110351779785365,Medium,37.93073730973604
17,Female,Germany,5.697368039577801,Instagram,3,Entertainment,15.237548360550564,1,4.364415877857066,High,58.377849736637486
13,Female,India,3.496495180192065,YouTube,2,Entertainment,31.51945855374895,0,7.098736528671126,Medium,67.86359731019
24,Female,India,2.9992004554117333,Instagram,4,Entertainment,28.75889130853444,1,7.830015828193365,Medium,46.754553708043645
25,Female,Brazil,6.408362503191281,YouTube,3,Socializing,5.0,1,5.180042787345451,High,69.27814566889563
13,Female,India,1.786887383961861,TikTok,4,Entertainment,34.15961217043698,0,7.64366741553316,Low,16.412173517652846
19,Female,UK,2.9347605921926,TikTok,5,Entertainment,13.642668539004172,0,7.336200047858311,Medium,35.50878259311073
27,Male,India,0.5,TikTok,5,Socializing,27.323067585461995,1,9.424229207403195,Low,37.690308304666246
17,Female,UK,6.445066473365291,TikTok,1,Education,38.58003237012804,1,3.9722392727070863,High,25.59803175287051
18,Female,USA,2.30195514141726,Twitter,1,Education,21.39480274283388,1,9.84698275859947,Low,31.629014267257464
19,Female,India,3.198597863941864,TikTok,3,Entertainment,33.93337428344586,0,7.03733022785231,Medium,44.79773419769122
15,Male,USA,2.3350079880623418,YouTube,5,Content Creation,19.425209992183767,0,8.169137841087382,Low,25.103951370156693
16,Male,USA,4.16804465403046,Instagram,5,Entertainment,16.87102568650608,0,6.206660805397403,Medium,12.190343067606722
19,Male,India,2.460109770430193,TikTok,4,Education,48.1512934026272,0,7.007346149410997,Low,13.75087918661204
17,Male,UK,5.340936085322952,TikTok,1,News,38.06571171063143,0,6.200102965090247,High,43.10406877530367
24,Female,UK,4.886790912192314,TikTok,2,Entertainment,27.62425140661432,1,6.961557557872193,Medium,61.74016773325496
23,Male,India,5.984319488892055,TikTok,3,Education,21.27262903006609,1,5.255368328824257,High,34.02052466712783
14,Female,India,4.700601016095558,Instagram,1,Education,45.801311515571975,1,5.939064601450702,Medium,48.09630322517047
16,Male,India,5.396220737772632,TikTok,2,Education,34.42066656137836,1,5.883274140492809,High,15.299921108737912
19,Male,USA,3.357159165532014,YouTube,3,Entertainment,26.3603223177319,1,8.315272605758986,Medium,19.149076147220608
13,Male,India,2.538181571302838,TikTok,3,News,5.0,0,8.056866877994047,Medium,51.31501449757744
14,Other,India,6.173773091594849,YouTube,1,Entertainment,25.86973416996972,0,4.301399732211925,High,32.735573147764654
17,Male,Canada,4.716988309964408,Snapchat,1,Entertainment,16.76193810380327,1,8.430346671079667,Medium,36.45711777558316
23,Male,India,4.974258135677219,YouTube,1,Socializing,20.69374154015739,1,7.007704763548379,Medium,25.221020996319844
14,Male,Germany,1.4619939576590668,YouTube,5,Entertainment,13.726943570236422,0,10.0,Low,55.126510817198906
23,Female,USA,3.670506916754552,Twitter,4,Education,19.467326030170803,1,5.68706258506197,Medium,53.45747490446814
25,Female,India,2.1077982993037034,Instagram,3,Entertainment,38.52009277740012,1,7.713708581510636,Low,30.188365319784356
27,Male,Canada,2.3656413895324717,Snapchat,5,Socializing,19.399630583817988,1,9.461457827035543,Low,40.4185724284053
14,Female,UK,2.436865146393361,YouTube,4,Entertainment,30.609245258633955,1,6.58830139157437,Low,68.14079723899411
23,Male,USA,4.66283344629379,Instagram,1,Education,27.488111200007225,1,6.300800323107373,Medium,28.202064167917733
14,Female,India,2.638744088050186,TikTok,2,Education,32.054972197757685,0,5.074324969680939,Medium,50.672844535409325
23,Female,USA,2.318032524926337,TikTok,2,Education,19.657191407124987,1,7.466513062141986,Low,27.96658552249776
20,Male,India,3.773845854644794,Snapchat,4,Education,15.277600822545164,0,5.449915563546906,Medium,0.0
23,Female,India,4.2533960843523735,Snapchat,3,Education,39.0417266892008,0,6.99033061516774,Medium,62.25591214719007
21,Male,USA,5.138005401963952,Instagram,5,Entertainment,24.673816655973997,1,6.230712165118522,High,29.375483088352325
22,Female,India,2.355834783843678,Instagram,2,Entertainment,28.12074737960326,1,7.873372041265207,Low,32.81292126763577
17,Male,USA,2.4702776680399268,Instagram,3,News,38.3994188164679,1,8.39322229078173,Low,16.590423892518555
24,Female,Germany,1.729062761542954,Snapchat,4,Socializing,13.46904154299768,0,8.718156061563748,Low,50.06525655655104
25,Female,India,2.258827833554085,Instagram,4,Socializing,23.166129829793093,1,9.361099599728004,Low,41.42104582463903
17,Male,USA,3.88335186730514,YouTube,1,Socializing,21.53936035680697,0,8.524200943835794,Medium,55.64737500241966
13,Male,India,3.812283570078944,Snapchat,1,Entertainment,29.47284546766296,0,8.259004867010297,Medium,30.39047256067248
21,Male,USA,4.180773962421489,Instagram,3,News,22.61720567019643,0,6.608495980099944,Medium,36.8543725550506
15,Male,India,3.559296492551879,Snapchat,3,Entertainment,26.549489511912817,1,7.563771277257458,Medium,46.21267698679302
14,Male,Brazil,3.502582051414852,Instagram,4,Entertainment,29.86207636744179,1,6.687056722780219,Medium,53.57991894143096
13,Male,Germany,4.115093414365545,YouTube,3,Education,25.383225461567115,1,5.853476253969031,Medium,39.22252885897638
20,Female,Brazil,2.65121637127233,Instagram,3,Entertainment,28.83696207067652,1,7.187093044337368,Medium,53.63433549159245
15,Female,USA,4.8284012123812845,Twitter,3,News,28.72481980110653,1,5.939834863243624,Medium,33.24042470355623
22,Male,Canada,2.56165244003779,Snapchat,5,Socializing,20.205528596572314,0,6.990100820533087,Medium,53.79286000010382
19,Male,India,3.1870798910798857,Instagram,1,Entertainment,39.08771576536485,0,6.341742126414483,Medium,16.458926761473066
18,Female,India,3.5604408131273884,Instagram,5,Socializing,24.63809190812099,1,7.240651618177886,Medium,26.73406918578479
13,Female,Germany,2.7676988731634413,Snapchat,5,Socializing,24.362100086266395,0,7.341371393489488,Medium,34.27724566853033
22,Male,India,2.635042291412556,Instagram,5,Socializing,31.361531271963635,1,6.306120169958211,Medium,33.00634245427382
16,Male,India,4.353361277343668,Instagram,1,News,34.00351649956509,1,7.167509456889835,Medium,34.48622511254249
25,Male,UK,2.0293763109524976,Twitter,1,Education,28.76586327947595,0,8.470004879348842,Low,31.42027559081725
17,Male,India,4.489417667655299,TikTok,3,Education,22.94082374607543,1,7.1474423224904,Medium,12.42057370397806
15,Female,Germany,4.918390338550863,Twitter,2,News,6.0549045215271455,0,5.322020140685834,Medium,0.0
21,Female,India,6.629168361936772,YouTube,1,Socializing,18.026220317342094,0,4.649328275951795,High,33.06905231996725
27,Male,India,5.493786812868411,TikTok,2,News,36.31795426880024,1,6.3645704433114245,High,37.7718532266278
19,Male,Australia,5.899658398510059,YouTube,2,News,16.765499871726405,0,3.290313418645463,High,37.300657489758684
25,Female,Germany,2.979923216875908,Twitter,1,Socializing,19.844704954554608,0,7.985159052665593,Medium,18.65058320584556
17,Female,Germany,2.755399565371339,Twitter,4,Socializing,11.177301275736877,1,6.44707158883538,Medium,51.95637767237709
16,Female,Canada,2.9028923486241216,Snapchat,3,Socializing,25.180816791224647,1,7.850204359619325,Medium,4.95182245628714
13,Male,India,2.536498009991864,TikTok,2,Education,35.94868385440763,1,6.75013519792172,Medium,0.0
13,Male,India,5.546151213741966,YouTube,3,Socializing,10.60928980519516,0,5.921426029201746,High,43.99994974306644
20,Female,USA,1.6481646670443402,YouTube,2,Socializing,29.985808810191468,0,8.341885766070408,Low,27.0414637394789
14,Female,Germany,3.8466989189680536,YouTube,3,Entertainment,5.0,1,6.542951623487981,Medium,42.0644960053733
21,Female,USA,2.781727240977556,Instagram,5,Education,24.427834791946864,0,7.558708069625709,Medium,71.35390509045679
20,Male,USA,1.4153141832652407,TikTok,3,Entertainment,11.567549435377227,0,9.545151762781297,Low,15.795907485633585
19,Male,UK,3.79064638464584,Snapchat,4,Socializing,15.211009707465754,1,6.271882274259269,Medium,52.09859542412158
14,Female,India,4.564354891787354,Instagram,4,Entertainment,16.946202455953646,1,5.409324012027954,Medium,24.615235840595453
23,Male,India,3.720825946602512,TikTok,5,Entertainment,36.21355629707858,0,7.094284095518209,Medium,56.8920947813715
26,Male,USA,1.4649742308854412,TikTok,1,Entertainment,26.5594747779198,1,9.66578056314976,Low,49.19330866927201
18,Male,India,3.034115285288008,Twitter,2,Socializing,20.30795439555069,0,8.727024265955574,Medium,11.064532367964546
13,Female,USA,4.36256218189234,Instagram,3,Entertainment,43.31620353296808,1,4.822386900924405,Medium,33.15478724285628
13,Female,Canada,4.814715957235665,YouTube,1,Socializing,22.18842932970792,0,7.407955269841757,Medium,37.711078892351054
21,Male,Canada,4.596996382260277,YouTube,3,Education,16.576923087229382,1,5.399570104592236,Medium,46.337347943110245
15,Male,India,4.747445010823267,Instagram,4,Entertainment,32.28093697143326,0,5.889804927901475,Medium,38.18476121502986
13,Male,India,0.5,Instagram,1,Socializing,37.66528369564119,0,9.885824134371369,Low,38.12536358618862
14,Male,Germany,5.585403367146761,YouTube,2,Entertainment,15.684065177404603,1,4.3917316484830415,High,41.92571704922483
21,Male,Canada,4.210880833228988,Instagram,4,Entertainment,36.12847442107489,1,7.778251334609821,Medium,45.357883964691645
13,Male,Canada,5.226683840196373,Instagram,5,Socializing,35.493363991463625,0,4.144331816176562,High,54.05197030207884
23,Male,India,5.633568171318383,YouTube,2,Entertainment,16.10872787325159,0,6.158736861270164,High,38.41437820262362
15,Male,India,3.349890817036877,Instagram,2,Socializing,28.623007249313165,0,8.203840386472793,Medium,65.96311400764296
25,Female,Australia,0.5,YouTube,4,Entertainment,18.21497834225608,0,10.0,Low,26.337003984115643
19,Female,Brazil,0.9314306154630176,TikTok,4,News,26.365532654327737,1,10.0,Low,38.97181735210338
22,Female,USA,5.820732064022588,Instagram,1,Entertainment,11.17926260536959,1,5.653460779621927,High,40.365266307026936
26,Male,UK,2.8169536541550784,Instagram,3,Education,16.915651887396713,1,6.186591398466742,Medium,61.37419459530143
21,Female,Canada,2.599147408239503,TikTok,2,Socializing,15.747068191007642,0,7.713017604092422,Medium,59.03540143182586
16,Male,USA,5.139795192958475,Instagram,1,Education,21.69373794260674,0,4.974870681148546,High,82.887623459319
21,Male,India,4.783583184316857,YouTube,2,Education,35.71019987815108,1,6.564003338958681,Medium,65.53268824861709
23,Male,India,1.7816022154590212,Twitter,5,Education,15.1373040399097,0,9.09340782298463,Low,57.643141584985656
26,Female,India,3.59824609833604,YouTube,2,Content Creation,33.02766039659569,1,9.515889748598417,Medium,52.5046832488635
20,Female,Australia,1.9852027404730124,Instagram,4,News,23.93232967895853,1,8.67843275746289,Low,51.591025056730686
14,Female,Brazil,3.2176971792357016,YouTube,2,Entertainment,21.78338072048858,1,5.819570957708842,Medium,29.83238608148114
23,Male,UK,5.0777257140688405,Instagram,1,Entertainment,36.60640003688294,1,6.618850603814595,High,66.67966566734889
17,Male,Germany,4.152693550749104,Twitter,5,Education,19.07969476014836,1,5.22071712403748,Medium,10.850470041970816
18,Female,Germany,4.054550177842687,Twitter,3,Socializing,28.146422829136974,1,7.295777946374189,Medium,55.465239943063
15,Female,India,4.194545851543305,Twitter,5,Education,5.0,1,6.956550233791771,Medium,50.33887589077593
24,Female,USA,2.6080407300923385,Instagram,3,Socializing,28.437179891269697,1,7.634590528185768,Medium,26.562628337869945
22,Female,USA,3.847665798848709,Snapchat,2,Content Creation,26.27005399585362,1,6.927448981355369,Medium,69.52678355967771
25,Male,USA,5.8536525726887385,TikTok,4,Entertainment,27.3731575531979,1,5.592824371596223,High,70.30788897755592
27,Male,India,1.913718636874795,Snapchat,1,Entertainment,38.791005476929264,0,7.999540081825479,Low,8.082707081171755
17,Male,USA,4.040136655522351,Snapchat,2,Content Creation,22.87781656583059,0,7.966253443436211,Medium,21.3640185174042
25,Female,USA,4.571175186628908,Instagram,5,Socializing,35.961046859923925,1,4.785300878459257,Medium,66.86617349795871
20,Male,Canada,2.630326690922851,TikTok,2,Entertainment,22.435830911056783,1,7.400741039014084,Medium,22.79350881293375
16,Male,India,4.3358091498300615,TikTok,4,Socializing,36.92776406126385,0,6.859416141788698,Medium,82.16877498627409
20,Female,Canada,2.4572352733059613,YouTube,4,Education,24.9328365082578,1,8.733938711552458,Low,55.74120007577434
15,Male,UK,2.7198166990817305,Instagram,4,Entertainment,5.0,1,8.240366668320954,Medium,52.49734548199898
15,Male,India,4.227119001878047,TikTok,2,News,29.42419044070298,1,6.908248496646221,Medium,60.8452834621869
23,Male,USA,0.5,Instagram,4,News,25.65123485581486,0,10.0,Low,46.69767183673592
17,Male,Brazil,5.584006721589041,Instagram,1,Entertainment,10.641394302353683,1,6.573822029962342,High,44.280184868992805
16,Male,USA,5.738520783668585,TikTok,1,Entertainment,8.819491412355156,1,5.62287628262021,High,11.896415607215893
26,Female,Brazil,1.6591453979527246,YouTube,2,Education,43.56998045619369,0,8.171361014137213,Low,22.53594737132773
24,Female,Canada,0.5169160898944636,Instagram,2,Entertainment,23.7099401142568,1,10.0,Low,48.74581307690066
16,Female,Canada,1.3626730641877547,YouTube,4,Entertainment,27.842304623931483,0,9.502438199999464,Low,45.38182828725093
23,Male,Brazil,3.7460259636784654,Twitter,3,Entertainment,19.466769347038515,1,8.184408077635702,Medium,77.62847275409676
23,Female,India,0.6816483989829392,Twitter,5,Entertainment,11.408304436615063,0,9.3626775086976,Low,65.43723299909611
13,Female,India,0.9245970837411924,TikTok,1,Content Creation,45.89108694370706,1,9.68297634775866,Low,37.15927973862655
20,Female,India,2.196039539359943,Instagram,5,Education,33.78134233278422,1,8.140957235120311,Low,20.06091378781577
13,Female,India,3.0286954133533763,YouTube,4,Socializing,24.756963906875253,0,8.080516657754112,Medium,26.54391433115779
23,Male,USA,3.399908370364212,TikTok,4,Socializing,36.301264716210895,1,6.921738734644972,Medium,0.9594219488437687
27,Female,USA,0.5,YouTube,3,Socializing,11.609375543275126,1,8.031384506668436,Low,29.871346955486217
14,Male,Canada,1.8355698795398776,YouTube,3,Socializing,16.319034131730717,1,8.49272459815506,Low,21.894971860996183
24,Male,Germany,2.9321899805041234,YouTube,3,Socializing,31.92897053232114,1,9.397265391197342,Medium,61.62200051320852
27,Female,Australia,0.661445815141775,TikTok,5,Entertainment,36.49482406839762,0,9.443995733057582,Low,39.79451263036886
21,Female,USA,3.8364096044868594,Twitter,3,Entertainment,19.72423544234231,0,7.971958575789592,Medium,18.957811406978827
19,Female,India,1.08848036171318,Instagram,4,Education,13.63157615114859,1,9.668333972651272,Low,69.99159962964276
19,Female,India,2.058688076874926,TikTok,5,Entertainment,10.666314098064827,1,7.4002091192224,Low,46.09201817905793
13,Female,India,4.66266072249827,TikTok,5,Entertainment,13.332105925451993,1,5.799815091103012,Medium,34.3384400464718
18,Male,India,4.10147438845655,Instagram,2,Education,24.640167506214503,1,6.197755887544873,Medium,40.77189057615036
17,Male,India,4.147430732447882,TikTok,3,Entertainment,25.69528603764947,1,8.131102541451058,Medium,30.91956649124456
13,Female,USA,0.8537880575538823,TikTok,1,Education,29.552257424007664,1,8.062201966559009,Low,40.91020797453457
16,Female,India,2.276848514813974,TikTok,4,Education,32.217533187887305,1,7.742673262625535,Low,41.719180709779415
21,Male,UK,7.086011070582417,YouTube,1,Education,26.368921156122838,1,4.830826865378974,High,20.46145405747304
17,Female,India,4.193487795455255,YouTube,5,Socializing,17.363746771270733,1,5.411753548131876,Medium,68.68872478023633
20,Female,Canada,2.672559478099084,TikTok,3,Socializing,30.694216598949424,0,9.720897678631667,Medium,24.455922866360662
17,Female,USA,7.322908236475636,YouTube,4,Entertainment,11.507066377131135,1,3.4982755392211065,High,32.62586720445595
22,Male,India,3.533992749067924,Instagram,1,Entertainment,28.907163628462385,1,7.305496298698728,Medium,31.46343602490898
17,Female,USA,3.026439410958517,YouTube,2,Entertainment,27.99875697069592,1,7.723631849368706,Medium,23.85688464018275
14,Male,UK,3.266814933395208,Instagram,1,Socializing,20.025671149866803,0,7.256862299311383,Medium,37.80348453304289
20,Male,Canada,4.184167922040174,TikTok,3,News,32.02249221182107,0,7.568498283261376,Medium,26.42444669280796
24,Female,Canada,3.243961826123163,TikTok,1,Education,14.411211745437765,1,5.5700338179929885,Medium,10.913513328847756
27,Female,UK,4.611680146446286,TikTok,4,Socializing,27.35825617351433,0,5.101592312250181,Medium,55.172583793194605
14,Female,USA,5.343404860303194,Snapchat,5,Entertainment,36.32823815771594,0,3.903629484710969,High,30.331436933051016
23,Male,Canada,2.4387715784176245,TikTok,3,Education,29.034297019399578,1,8.16699854023615,Low,76.48610797916058
15,Female,Germany,4.047209214290421,YouTube,1,News,16.645787986525704,0,6.93743312299883,Medium,40.305219303318175
25,Male,India,2.7597625877324856,Instagram,5,News,35.45070564258073,1,7.596591699427939,Medium,15.917402433368494
27,Female,India,3.229908627621351,TikTok,2,News,16.051738116472432,0,7.4777831239383135,Medium,70.21068830118958
16,Male,Germany,2.869912236398846,Instagram,5,Entertainment,16.811866550633322,0,7.346779762157873,Medium,11.81895043255792
21,Male,USA,4.139249088570726,Twitter,1,Entertainment,24.60522903067069,0,7.430682714189685,Medium,0.0
21,Male,India,4.579248099723351,TikTok,4,Entertainment,34.08364231124774,1,5.986583578429644,Medium,33.948328910861775
17,Female,Canada,4.033405915214733,TikTok,2,News,27.82068825830079,1,7.178862926090755,Medium,80.02232786489444
21,Male,Canada,3.0805222863022528,Instagram,3,Socializing,30.656624796899763,1,7.213818818648848,Medium,74.49470013073847
13,Female,India,6.408626067713198,Instagram,4,Entertainment,23.48677829787781,0,4.903129211713155,High,32.13799161347945
27,Male,India,4.245149423222745,Snapchat,4,Socializing,19.70565439575029,1,6.243392417008592,Medium,36.97559112494603
18,Other,USA,2.5488855386257843,YouTube,2,Education,27.98563041740345,1,8.480453565950889,Medium,20.526939047637367
18,Female,Brazil,5.8045574028214375,Instagram,1,Socializing,30.326652448177786,0,5.227372967320972,High,43.54095054218501
14,Male,Canada,2.851244111950775,Snapchat,3,Entertainment,26.01006216973442,1,8.779840661059973,Medium,57.46919462664469
17,Female,Germany,4.748998961306819,Twitter,3,Socializing,23.94171822207438,0,6.787903448652143,Medium,36.545844492992096
15,Male,Canada,5.02144183694576,Snapchat,1,Content Creation,24.9922611404698,1,5.755520161805561,High,0.0
24,Male,Germany,4.750816786436904,TikTok,5,Entertainment,28.70613284738279,0,5.760142201743975,Medium,38.97409002382896
21,Female,USA,2.8640232203678258,Instagram,2,Socializing,38.95162724887044,1,6.244129228838194,Medium,7.079278967592792
23,Female,Canada,3.1120254345748872,TikTok,4,Education,25.183964030169687,0,7.817044664963223,Medium,39.280846779624575
18,Female,Brazil,5.096505166736611,TikTok,5,Entertainment,32.76934173417873,1,3.327692815008114,High,71.5544136879394
23,Female,Australia,5.169273355034147,TikTok,2,Entertainment,20.561502391220444,1,5.815047002647482,High,52.867465307514735
17,Female,Canada,3.658601649534095,Snapchat,2,Socializing,31.40099055532089,1,6.211626873642033,Medium,31.730919316208198
20,Male,Australia,6.954662359854089,TikTok,2,Content Creation,9.444201864748493,1,4.359949001116245,High,58.57607462820938
14,Male,India,4.365163973060599,Instagram,2,Entertainment,29.18346842124088,0,7.280848610959648,Medium,28.898560118181525
20,Female,USA,5.847523687877832,TikTok,1,Education,34.21395879559772,1,4.84848685620369,High,19.28378462738664
20,Male,USA,3.546857829622009,TikTok,1,Socializing,16.03133576776009,1,6.332731618838833,Medium,52.82252201074891
13,Male,Canada,1.6233878956612453,TikTok,5,Socializing,26.66428057682842,1,10.0,Low,33.141277126784026
23,Male,UK,4.137084764801465,Instagram,4,Entertainment,28.00949523314821,1,6.631976744052086,Medium,68.31931674069072
26,Female,Germany,5.807677540950645,YouTube,3,Socializing,19.750912731403623,1,4.900771016475204,High,22.09078995076699
25,Female,India,3.946427232044089,Instagram,2,Entertainment,24.342658107616096,0,5.954432911320094,Medium,97.21631136373576
23,Male,Brazil,3.0991221008908743,YouTube,3,Entertainment,44.11184581935704,1,7.930781649475607,Medium,21.038516005103773
22,Male,USA,3.67046066602615,Twitter,3,Education,33.34880125910357,1,7.688999673699666,Medium,41.3568529383068
17,Male,India,3.3906100994338093,Instagram,4,News,21.538499128626643,1,9.040196475014977,Medium,46.56819612910666
17,Male,UK,3.92667546563421,Instagram,4,News,24.660945578531965,0,5.141881136815504,Medium,59.56805810242349
25,Female,India,0.5,YouTube,1,News,24.11201580637321,1,10.0,Low,19.522885256820363
25,Male,India,2.323702681551449,TikTok,3,Education,10.091608378007669,0,6.780293414591645,Low,14.391190069311657
23,Female,India,2.135647841434652,YouTube,2,Entertainment,8.80917347810469,1,9.074779273440946,Low,65.34868648245812
13,Male,India,4.617036711069751,Instagram,5,Education,13.80595841014623,0,6.656176278357342,Medium,51.76524029050952
27,Male,Germany,4.2181292428418615,TikTok,5,Entertainment,35.95395660970446,1,5.057983229368821,Medium,82.47458017332167
21,Male,UK,5.301973412568905,Instagram,4,Entertainment,33.40816471033342,0,4.441331332625446,High,49.34961481912514
19,Male,Australia,3.338720305078169,TikTok,4,Entertainment,10.86800791825292,1,7.589281107610503,Medium,38.09770618112741
17,Male,Brazil,2.597028522616724,Snapchat,4,Socializing,11.158764443551885,1,9.165347078048416,Medium,44.06829423844395
27,Female,USA,1.4548426732634048,YouTube,2,Education,18.024487703456096,1,8.015095153650428,Low,50.45709153879965
22,Other,USA,3.8709491085348886,Instagram,5,Entertainment,32.21374406385341,0,6.0030130374984365,Medium,32.53955790573048
18,Male,USA,3.533175937332069,YouTube,2,Entertainment,14.187418543864933,0,7.708457932362096,Medium,9.88221282565398
16,Male,Germany,2.720649107573409,YouTube,5,Education,23.673833056691056,0,8.128822021391787,Medium,16.676417434329007
27,Female,Australia,3.176616113017307,YouTube,4,Education,26.2719921756184,1,6.960860263334546,Medium,0.5937370041095775
21,Female,Brazil,5.079696532945695,YouTube,1,Socializing,36.48620627210854,0,5.494860954630354,High,41.062204641512366
22,Male,India,3.466438907009949,Instagram,2,Entertainment,31.648637970473523,1,6.121776481349352,Medium,76.96955296930308
24,Female,India,5.658249302088789,YouTube,1,Education,17.776041682155146,0,4.866509647841956,High,64.75893138175002
17,Female,Australia,5.045223075088543,Instagram,2,Socializing,26.58635807892849,0,5.458579308280703,High,27.971176524682733
25,Other,USA,3.21378106707134,TikTok,1,Entertainment,35.63326151528112,1,7.35869058887493,Medium,40.81464697580951
22,Male,USA,1.9518544327042409,Instagram,4,Entertainment,19.66638164536317,1,8.216965380764373,Low,57.16853157587333
26,Male,India,3.137156162858351,TikTok,1,Socializing,30.643836296053493,1,7.144181841953112,Medium,51.05564572304805
26,Male,Canada,5.1404699702152765,Instagram,1,Socializing,17.466888519082502,1,5.734361766546692,High,61.286852233237184
20,Male,USA,4.253700804812744,YouTube,5,Education,20.640267300737243,0,5.888556128893442,Medium,48.688051427691626
25,Female,India,6.976485896554873,TikTok,1,Socializing,16.618542742554666,1,5.075806633634628,High,44.63150223869624
16,Male,USA,4.594942153023139,TikTok,1,Entertainment,24.757969607066904,0,7.261983993718819,Medium,31.809607723381305
14,Male,India,5.230333144240783,TikTok,5,Education,13.494636725425014,0,3.578197624806117,High,73.73141684803058
25,Female,Brazil,3.528136614505558,YouTube,3,Entertainment,33.33112666326265,1,7.612866952948498,Medium,40.91721569675081
22,Other,Brazil,3.242857341634323,YouTube,4,News,27.19262657697989,1,5.528671426663042,Medium,36.48757811958964
23,Male,Canada,1.5461071425026396,YouTube,2,Education,7.785976586660386,1,8.124802978819746,Low,48.07509967074401
17,Female,USA,3.8710388117463705,Instagram,4,Socializing,23.461112515538392,1,5.871370764519275,Medium,52.7234549603814
20,Female,India,1.403392730838597,TikTok,5,Education,40.48849594634447,1,9.1876080224937,Low,35.866024640514354
13,Other,Germany,2.183362021578457,Instagram,5,Entertainment,15.672574670516584,0,7.827585479252547,Low,57.0192983524326
23,Male,Brazil,3.4463272040788238,YouTube,4,Entertainment,25.71386092716061,0,8.353466636423738,Medium,1.7840171055021727
23,Male,USA,4.49130615099984,TikTok,5,News,14.37655587538935,1,6.7172834173983205,Medium,28.56213433432574
25,Female,Brazil,1.6570119415344364,YouTube,1,News,25.805422640546027,1,9.379976983199397,Low,47.74971515828232
16,Female,India,2.4957066729809263,Twitter,3,News,20.328612988944883,1,6.497732250173113,Low,40.119804582360665
16,Female,Germany,4.500208728365384,TikTok,5,News,36.06392682722776,0,6.315664334009036,Medium,43.69626387006273
18,Female,India,5.2048696552849085,Twitter,5,Socializing,20.092673729074704,0,6.427345079883937,High,32.02132166338604
20,Female,India,4.613247947609283,Instagram,5,Entertainment,11.730775438026615,1,6.580950395235346,Medium,62.90070725835746
20,Other,India,5.804275232111297,TikTok,1,News,31.560199970789043,0,6.731578026047308,High,35.6265125810309
15,Female,India,3.213892998160267,Instagram,5,Education,19.151059484286453,1,5.531579884484533,Medium,28.22632574375487
16,Male,Germany,4.019157660850229,YouTube,3,Entertainment,29.41614283675377,0,6.2483989398186175,Medium,33.374886186758175
26,Male,India,4.612287118660153,Twitter,2,Socializing,25.59198356529488,1,7.883017023438755,Medium,16.648181678481095
27,Female,Germany,4.3063596371461,Twitter,3,Socializing,31.04183643864915,0,7.874391069485927,Medium,54.117563728851565
22,Other,India,3.485251475518837,Instagram,5,Education,19.310806791297782,1,6.014402578894519,Medium,12.994780478959086
21,Male,India,5.6083075234183255,Snapchat,2,Entertainment,22.696698753132058,1,4.479548856731889,High,57.167804368873846
27,Female,Canada,4.162624881628211,YouTube,4,Socializing,51.57224695885993,1,7.097254772401356,Medium,31.002600123697416
19,Female,India,3.62593640980282,TikTok,4,Education,23.470667454390785,1,7.399895040231408,Medium,47.112761140626645
18,Female,USA,2.5573524506330205,YouTube,3,Entertainment,18.248214150036404,0,8.69026728915445,Medium,38.47251652487841
20,Male,India,3.598102695343181,YouTube,1,Entertainment,24.24357518175149,1,9.000294779368648,Medium,14.00270085075839
19,Female,USA,2.839895961597892,YouTube,1,Education,17.149779126923615,0,7.498650887973961,Medium,62.387604805445086
26,Male,Canada,2.813929901051888,Twitter,4,Entertainment,36.113240879062985,1,9.20235588835264,Medium,21.68651723760827
15,Male,Australia,3.532314919433514,Twitter,3,Socializing,26.278655537335823,0,7.317472278463761,Medium,34.54438932686588
17,Female,Brazil,5.13612516800363,Twitter,5,Socializing,30.845403456342304,0,3.906608254185895,High,29.233912073366163
24,Male,USA,2.6368003139403102,Twitter,4,Entertainment,23.768547540456577,0,9.174793530932776,Medium,32.968879746181
19,Female,Brazil,3.210616496775744,TikTok,2,Socializing,42.132794720441,0,6.552055655391035,Medium,48.36708613958888
16,Male,USA,1.8055553836378384,TikTok,1,Entertainment,42.009075266130274,0,8.088107377728535,Low,35.666358899646966
26,Male,Australia,5.064283992666919,TikTok,4,Content Creation,12.85310988449142,0,5.572815173742416,High,45.726475264532574
20,Male,Germany,4.701527609816429,YouTube,3,Education,21.46664445434536,1,7.304702139013708,Medium,56.56338357320787
27,Female,Brazil,3.3189687033700466,Twitter,5,Content Creation,24.550227995904702,0,7.2393745712366036,Medium,46.81744614402041
22,Female,USA,3.194844058178147,YouTube,1,Education,40.61014442227078,1,7.725352631913538,Medium,37.19330818672989
20,Male,India,1.3858333251047743,YouTube,3,Socializing,17.067773644161452,0,10.0,Low,48.38255548328474
13,Male,Brazil,2.393002244426251,Instagram,5,Entertainment,33.374172479445335,1,9.724384827471845,Low,44.82364103970181
25,Male,India,5.049841009825496,Twitter,2,Socializing,31.37248608657924,1,6.827443623064338,High,36.00107655594856
23,Male,Brazil,0.9845709631171128,Instagram,1,Entertainment,38.276313179877626,1,7.456401787438352,Low,47.87323245116912
19,Female,Brazil,5.090378435577831,YouTube,5,Entertainment,37.18445337065995,0,7.252707025343338,High,48.18637242985684
16,Male,USA,6.105973452176471,Instagram,2,Socializing,11.878456319082405,0,5.088633291355215,High,39.17542202033721
26,Male,India,2.5247121031111925,Twitter,4,Entertainment,12.210611815904342,0,7.8915934851672995,Medium,33.53776053923073
17,Male,Brazil,1.9498367704464323,TikTok,2,Content Creation,21.28685470955869,0,7.965945117605564,Low,5.180919376233632
15,Other,Germany,2.9733718079052585,TikTok,3,Entertainment,34.37830991898721,1,8.265027219459265,Medium,42.49646669129205
18,Female,Canada,4.751408427520687,YouTube,3,Entertainment,17.601103674627456,0,6.362196373682033,Medium,73.74899809552997
18,Female,India,4.787911287668164,TikTok,2,Education,21.646607945419145,1,6.674168904727778,Medium,37.91353367691498
16,Male,USA,2.567981712594729,TikTok,3,Entertainment,16.402679721664796,1,8.427955233163983,Medium,42.65083959626
16,Male,India,6.356162798464717,Instagram,4,Socializing,30.26750808972318,0,5.802125875128725,High,42.40231459873578
25,Female,India,4.014869150341896,YouTube,4,News,47.82643470939807,0,5.972693156162267,Medium,48.11673295609239
16,Male,India,4.517953484121759,Snapchat,4,Education,28.510402371635845,0,5.554450549557052,Medium,62.20240319318431
24,Female,India,1.127838359261598,TikTok,2,Entertainment,34.09080739605167,1,8.472895393379698,Low,29.49951336423186
18,Female,India,2.9811467712408977,TikTok,1,Entertainment,28.401823602002743,1,6.850524525472983,Medium,17.162476791804096
21,Male,Germany,2.806392146927771,Instagram,5,News,22.43541463214549,1,7.63405422709357,Medium,43.829258055963386
25,Male,Germany,2.045194898203204,TikTok,2,Entertainment,22.254559857185452,1,9.244113183505204,Low,31.142851968141407
13,Female,Germany,3.4891311841201342,Instagram,1,Education,16.796655962110293,0,7.866210250022763,Medium,4.195362878590828
17,Male,Brazil,4.734380700534005,YouTube,2,Socializing,19.16441532862156,1,5.174239633482513,Medium,31.42435082835391
18,Male,Brazil,2.4956386211325947,Instagram,3,Education,27.5302329052806,0,5.67879768547491,Low,46.58367550833122
19,Male,India,3.0331165879735664,Instagram,2,News,24.69921899673372,1,7.470775359379029,Medium,62.72567203073604
15,Female,UK,5.649877918939396,YouTube,4,Entertainment,11.767588416384154,1,6.985675336459917,High,32.026488111788794
20,Other,Germany,2.941421128932724,Instagram,1,Education,47.41882800455528,0,8.062521006566357,Medium,0.0
24,Male,India,1.6265512870724197,TikTok,1,Education,37.13649949893956,0,9.970877761142972,Low,43.41805283887771
21,Female,Canada,4.490880514543127,Snapchat,4,Socializing,21.351718639744263,1,8.041802653133404,Medium,23.536537418218813
26,Female,Germany,4.366025890954759,YouTube,3,Entertainment,22.048573355609715,1,6.326835713520382,Medium,57.27927527441935
17,Female,Canada,2.0691036007822587,TikTok,3,Socializing,20.270561937169525,0,10.0,Low,63.776993929725705
13,Female,India,4.075245332067066,Snapchat,2,Socializing,20.72160128463386,1,7.566927980974398,Medium,45.66876934477758
16,Male,Brazil,4.066125725501323,Snapchat,4,Entertainment,18.443570287522213,1,6.304680096879912,Medium,11.730340710123668
24,Female,India,3.7584093479455127,Instagram,4,News,25.758554430962505,1,7.50209671572519,Medium,23.40227469443465
19,Female,USA,3.219982805109601,YouTube,2,Entertainment,41.57803027239531,0,6.933675916882955,Medium,82.68805148926265
15,Female,Brazil,1.999845075732236,Twitter,5,Socializing,14.180131841331292,0,10.0,Low,54.89954430430403
20,Female,UK,3.622274866786738,TikTok,3,Education,17.020122339519148,0,7.770878056876591,Medium,20.70404981316017
16,Male,India,3.2186520418650586,Instagram,3,Entertainment,56.18279280685529,1,8.213464264733128,Medium,22.25574576298972
13,Female,India,2.767857729532293,Twitter,1,Entertainment,18.787710599378688,0,7.186174404537906,Medium,38.87295093926256
17,Male,USA,6.2824492802636405,Snapchat,3,Education,21.433594555950396,0,5.2175624919223385,High,43.03327565728414
18,Female,India,4.328364882706225,Instagram,2,Entertainment,29.220188201431107,0,5.6946487362062,Medium,39.35651854930248
20,Female,India,2.12840398754304,Twitter,2,Entertainment,32.00369055877319,0,8.47465590864893,Low,11.454414792528269
13,Female,Canada,1.892294436497962,Snapchat,2,Entertainment,37.43781642322913,1,7.750405508296632,Low,35.44981716860078
18,Male,Germany,2.143670145806628,TikTok,4,Entertainment,21.653990375564263,1,8.35649331207057,Low,68.1297317595164
13,Female,India,3.866355265405376,YouTube,4,Entertainment,28.70444897229804,1,7.232529794330032,Medium,80.54228959095278
18,Female,India,2.198462659416016,YouTube,3,Socializing,5.28252101114478,0,6.841147215915593,Low,35.630748386334055
17,Female,India,6.629026382552619,TikTok,2,Entertainment,17.736617508734316,0,4.2814338830725305,High,24.919628619985374
21,Male,Canada,6.503413667958869,Snapchat,1,Socializing,16.153151314965797,1,6.494300550666756,High,23.038935047928145
23,Male,India,2.8221411502901312,TikTok,1,Socializing,16.12617558203627,0,8.308632183889134,Medium,46.99816548957976
21,Male,India,3.274123261989184,Snapchat,2,Socializing,34.2638821614452,0,7.512071257504485,Medium,28.845806469436354
26,Male,India,2.8664238073039514,TikTok,3,Socializing,8.243185931508144,0,6.4819153265463525,Medium,41.88343010877786
14,Female,Australia,3.4151038382311705,Instagram,1,Content Creation,26.654317274052787,1,6.360417990530466,Medium,41.66467942241786
23,Male,UK,3.437731823875974,Instagram,4,Education,40.052213969818055,1,7.3981582308533,Medium,36.84785876290072
22,Female,India,2.674152176371356,Twitter,3,Content Creation,24.915331275061853,0,9.290479880090778,Medium,19.037526473691003
15,Female,India,5.635494629988541,Twitter,5,Socializing,15.066637136867868,1,4.446573159660529,High,38.8184358964805
19,Male,Brazil,3.886717066838184,YouTube,1,Entertainment,36.28788439677305,0,5.643932314329973,Medium,19.043853936202943
19,Female,Germany,2.134263125510336,YouTube,4,Socializing,18.24854043865718,1,6.404157045196227,Low,32.689164515939915
22,Female,USA,5.567465574377699,Snapchat,5,Socializing,19.653259419458408,0,4.583146062450213,High,41.57296555857827
20,Female,UK,4.31516502985021,Instagram,4,Entertainment,24.05432661337089,1,7.1485333706857,Medium,70.99662071413361
23,Female,Canada,3.918141929083361,Snapchat,1,Entertainment,21.92682017617851,1,8.517398182623582,Medium,3.451893638855488
24,Female,USA,2.270347384799494,YouTube,2,Entertainment,9.959554114239811,1,8.840066282683777,Low,31.406694915142584
14,Female,Brazil,3.503373709285972,YouTube,4,Socializing,20.4231135510458,1,7.880119587412063,Medium,40.28462743640527
14,Female,India,4.316612450713639,TikTok,4,Entertainment,24.314718384445055,0,5.532623206098359,Medium,29.54562753541522
20,Male,Brazil,3.0186861264882774,Twitter,4,Entertainment,13.15121410476846,1,8.056385414451194,Medium,0.0
24,Female,USA,5.810483743671636,YouTube,2,News,39.90731704717752,0,4.718710309054454,High,38.34445315104377
26,Female,USA,4.686139014387172,YouTube,4,Entertainment,11.417784590571468,1,5.596650480201548,Medium,20.228729651459137
16,Male,Canada,2.5917910384266376,Instagram,4,Entertainment,35.8198289220015,1,7.656474230376927,Medium,52.715016763459474
21,Male,India,2.0356421178781328,Twitter,2,Entertainment,46.76609194105904,0,8.400677447387933,Low,52.24982777812872
13,Female,India,5.988214271590513,Instagram,1,Education,16.479904600879358,0,6.239165059338344,High,52.249758881897584
15,Male,India,4.013129078192,YouTube,5,Entertainment,18.960822242127144,0,6.556602175941337,Medium,32.02055197788091
13,Male,UK,2.8946067729875318,Instagram,1,Entertainment,5.791354901434541,0,5.812734481123553,Medium,51.5712047383588
18,Female,UK,2.755701028815418,Instagram,3,Education,17.022547953176435,1,8.54310420993342,Medium,67.6223088114059
13,Male,USA,3.7869763121033766,Snapchat,2,Socializing,42.38321889244086,1,6.357701438624102,Medium,78.73740572734226
20,Male,India,2.3504764794459216,TikTok,5,Socializing,24.06961790125892,1,7.7709030234883665,Low,24.0935619063346
13,Male,India,2.595685956429076,YouTube,5,Socializing,26.60407262937991,1,7.529694261720932,Medium,45.42783462405527
25,Male,Canada,2.858421681292926,Twitter,1,Content Creation,26.956631227765257,1,6.63917025649927,Medium,62.22717182936597
21,Male,USA,3.0780068328876133,TikTok,3,Entertainment,19.53781878172967,1,6.312452468928647,Medium,34.07495812775001
24,Male,Brazil,3.8301250832912777,Instagram,1,Socializing,18.072185799907945,1,5.301882855809998,Medium,33.05228297825636
20,Male,India,4.664431187356417,Instagram,2,Entertainment,22.96706887997543,1,5.237860381387009,Medium,36.96945845738929
16,Female,USA,3.1614855098810515,Twitter,3,Content Creation,32.13938704381328,1,8.867315517651484,Medium,60.91640786893862
15,Female,India,4.230747791569408,Snapchat,3,Education,35.027018798034504,1,6.229662736354806,Medium,21.333964589208755
14,Female,Canada,1.478850268240134,TikTok,3,Socializing,47.65251053288726,0,8.184888110127742,Low,22.733645174386417
13,Male,USA,4.350711376398999,TikTok,4,News,25.083101302635782,1,7.646405751478515,Medium,69.58907957747448
22,Male,Germany,5.598766014653887,TikTok,5,Entertainment,33.82070130052708,1,3.263147972773432,High,30.374940847624146
19,Female,Australia,1.892323885870411,YouTube,5,Entertainment,24.259090531308377,1,10.0,Low,20.17055650256021
23,Other,USA,1.5772850864613706,TikTok,3,Entertainment,15.655197292591478,0,9.72447144318627,Low,27.658404319907877
27,Male,USA,2.8580806856421006,TikTok,2,Entertainment,25.34632029215577,1,9.603353069928604,Medium,79.6851605749895
20,Female,UK,2.864764355629424,Snapchat,3,Education,37.60685699143296,0,6.045973728994216,Medium,9.051751930194705
21,Female,India,4.021260458729134,Twitter,5,Entertainment,24.814666347123183,1,6.117286782310252,Medium,37.31704528611107
13,Female,India,2.80839594100443,YouTube,5,Education,28.317471608275923,1,8.125458974088481,Medium,34.45646573378941
23,Male,India,3.5751072771998973,Instagram,1,Socializing,10.516513546864807,0,7.494743190684587,Medium,36.65584709548868
14,Female,USA,1.297549689366153,YouTube,1,Education,14.669934553617306,1,9.555440391347586,Low,21.41661207487896
16,Female,India,3.2791761392423675,TikTok,5,Education,32.28468909474178,0,8.642175352891382,Medium,25.13291080070479
23,Male,Canada,2.333529604994637,Instagram,3,Socializing,18.15315936250108,1,7.0615651410798765,Low,42.168544755877306
24,Female,Germany,3.727000537078103,Instagram,1,Education,25.28293639608792,0,5.765329869631295,Medium,13.535401269357893
17,Female,Canada,3.474738508627193,TikTok,1,Socializing,32.55412995464671,0,7.603107097057473,Medium,45.03367361095286
22,Female,USA,1.0556056871501989,Instagram,3,Education,26.06859010043419,0,8.387633421964333,Low,48.2843616859875
19,Male,UK,1.6387534613071315,Instagram,3,Education,5.0,0,7.832153307326301,Low,41.05186376748741
13,Male,Germany,0.9715170262049306,YouTube,3,Socializing,11.45342426106069,1,7.920172103274066,Low,18.3735567484578
20,Male,India,3.086514519247786,TikTok,1,News,27.14386646699066,1,8.331887319711731,Medium,38.49002235518001
16,Male,Germany,4.727618220642916,Snapchat,2,Entertainment,31.227572780136825,0,5.161722396854213,Medium,29.42553055883717
25,Male,USA,0.62875507199651,YouTube,1,Entertainment,13.706630326440138,1,9.706735801563449,Low,57.673439895499
14,Female,India,3.416317828401511,TikTok,1,Education,27.792763845094424,1,6.888901467200792,Medium,61.83267711841226
19,Male,Australia,3.2364693468983035,TikTok,3,Entertainment,26.988496623740488,1,6.7972092663149954,Medium,50.376398092424445
25,Male,Germany,2.680654414836077,Instagram,1,Education,30.198304801718912,0,5.348083556098856,Medium,62.578399547765926
23,Male,USA,3.456396393748163,TikTok,5,Entertainment,5.055904260668271,1,7.903154964733497,Medium,39.66315541146303
13,Male,USA,2.921235799958879,Instagram,5,Socializing,26.90078246932168,0,8.882639839411196,Medium,18.34177369440186
18,Female,Australia,6.477952386073525,Instagram,1,News,22.631231376009683,1,5.205083633857275,High,39.24235833032914
18,Other,USA,3.4083354198593234,YouTube,1,Education,33.5736736982504,0,7.937909537410599,Medium,37.65361592644943
20,Male,USA,4.286409266737433,Instagram,2,Entertainment,33.574144118636,0,6.936118969199631,Medium,3.059944664073207
17,Male,India,4.963483127329539,Twitter,5,Entertainment,13.90150825361448,1,7.628749252587548,Medium,39.45243047617771
17,Female,USA,3.828686134301686,YouTube,2,Entertainment,23.394119097844428,1,7.2359052849245025,Medium,50.69401549278971
19,Female,USA,5.407701409639117,YouTube,4,Entertainment,19.78670983732097,0,4.537394185818872,High,61.06916536646976
20,Male,UK,1.717211090628476,TikTok,5,Education,22.12941870399203,1,6.921981567447329,Low,60.71169537405749
25,Other,USA,3.707050212737879,TikTok,2,Entertainment,8.678851168454905,0,7.285035770099531,Medium,42.13710360682588
13,Male,India,4.262420631397464,TikTok,1,News,30.91834873164169,1,6.790029385487936,Medium,42.42465320310481
24,Female,Brazil,7.876348260826795,Instagram,4,Entertainment,36.700624871309984,0,3.784058121569748,High,28.56784272868648
15,Male,USA,4.532084703252452,TikTok,3,Content Creation,34.674825915719865,0,5.574295109818672,Medium,0.0
21,Female,Canada,2.70274348329628,YouTube,5,Socializing,38.2376294978793,0,5.497420380501795,Medium,97.35288237041394
27,Female,Germany,3.036331447822406,YouTube,5,Education,13.385553532145112,1,7.621175441027495,Medium,62.89175986553611
16,Female,India,0.5,Snapchat,1,Entertainment,23.61841001998789,0,8.30015662159124,Low,32.36516227907333
20,Male,India,4.482375823901698,Snapchat,1,Entertainment,52.9427071267999,0,8.33852206274461,Medium,40.4449624434169
27,Female,Germany,2.969458433460349,Instagram,1,Education,37.48735701191848,1,7.736139251979113,Medium,10.199126029926443
15,Male,India,3.011804895479152,YouTube,3,Education,8.004865214181592,0,7.59113885436668,Medium,22.940761618819327
16,Female,India,3.9581171973501608,YouTube,2,Entertainment,30.896304701511877,1,5.87062092320198,Medium,67.55882618978048
27,Male,India,7.15526670832573,Snapchat,4,Entertainment,18.970128232643997,1,3.8435590771466734,High,69.32708690483159
13,Female,Brazil,4.458079919637575,Instagram,2,Socializing,18.11204388664289,1,5.412469739549461,Medium,53.75152781233063
23,Male,Germany,3.804263536117241,TikTok,4,News,40.45219717842556,0,5.153519662607646,Medium,48.10221420530465
14,Male,Brazil,2.091230063300241,YouTube,3,Content Creation,17.14855070559338,1,8.003098441979516,Low,66.26109662188463
19,Male,India,3.9024814028716097,TikTok,2,Socializing,27.238952023700723,1,8.70984870692484,Medium,20.880253824716856
22,Female,Brazil,5.589416871988261,TikTok,1,Socializing,31.95422368563294,1,6.452380429258277,High,30.512306722539048
15,Other,UK,6.003749696630189,TikTok,5,Entertainment,31.57953521962484,1,6.949263445817421,High,86.94734290861624
20,Female,USA,3.2835741217012746,TikTok,2,Entertainment,9.514257229080425,1,8.206233671135935,Medium,35.41964887309652
20,Male,India,2.001651507302455,Twitter,2,News,8.60612051233651,0,9.008783001766124,Low,23.003390168999758
27,Female,USA,2.6461225219532167,TikTok,2,Entertainment,18.03050623530329,1,7.240124517183101,Medium,30.889777575816236
27,Male,India,0.5,Snapchat,1,Socializing,20.03455924395942,1,10.0,Low,60.39325470397482
23,Female,India,0.5,YouTube,3,News,44.27787781419093,1,10.0,Low,50.73804583768028
21,Male,USA,5.960336736922569,Instagram,1,Entertainment,32.42208019950383,0,4.809641795451803,High,44.68603449149361
27,Male,India,4.5150349769501545,Instagram,5,Entertainment,18.665265781342,1,5.230242018518501,Medium,49.35327174110704
16,Female,USA,5.210249883557246,Twitter,3,Education,5.0,1,6.160973930231264,High,0.0
24,Female,Germany,2.9694881798098134,TikTok,1,Content Creation,33.84035328561838,1,7.121423170017941,Medium,2.5083083464935
24,Male,Germany,2.1071669855886883,TikTok,4,Entertainment,32.2261552917911,0,7.973631396134157,Low,44.14777174620248
20,Male,India,2.838758639867487,Instagram,1,Entertainment,28.349352805654824,0,7.8630308154812285,Medium,46.49659301556223
13,Female,Brazil,0.5,Instagram,4,Socializing,26.435683403871234,1,8.230768081621193,Low,26.57443823267348
16,Female,USA,4.090057448556332,Instagram,5,Entertainment,28.36469972409618,1,7.139802459589692,Medium,55.86177020888504
17,Male,Canada,6.347657108555955,Twitter,2,Entertainment,22.769910693324423,1,4.419663491032025,High,67.00862895623791
21,Female,India,2.886395954673005,YouTube,4,Entertainment,19.93850529908769,0,8.923273514576957,Medium,3.938248137094334
15,Female,USA,5.634027873538327,Snapchat,2,Socializing,29.524027651236125,1,5.345007082747536,High,67.73477896737754
19,Male,India,2.7714093613573447,TikTok,4,Entertainment,30.60631953959841,1,9.021961110075368,Medium,69.86380413460301
20,Male,UK,5.040753613111719,YouTube,4,Entertainment,21.23496952618329,1,5.006234132821292,High,34.25086254702541
17,Male,USA,2.6292427047580165,TikTok,2,Entertainment,14.787153414661896,1,9.080992960617984,Medium,54.13206349316945
19,Female,USA,5.494915329916441,TikTok,4,Entertainment,24.09934982881285,0,4.597697863049709,High,34.46103589370162
23,Female,India,3.4653684598757133,Instagram,1,Education,13.633575771351458,1,5.696897600993915,Medium,46.88687136098873
21,Male,India,5.152097315721436,TikTok,4,Entertainment,38.283456469991,1,5.068925682233969,High,82.25091572899959
19,Female,India,2.6407085858359363,Instagram,5,Entertainment,14.54369436956734,0,8.506810381712521,Medium,62.99623196553905
20,Male,India,3.8281051704308338,Snapchat,1,Socializing,31.77799937430208,1,7.5704706031384,Medium,61.50975700159088
24,Female,India,4.491333570678648,Instagram,2,Entertainment,28.988149448132315,1,4.763179349571947,Medium,26.03281886016473
19,Female,USA,5.723278913263936,TikTok,3,Entertainment,16.306301121429005,1,5.885640073547833,High,29.104969019394037
21,Male,UK,3.132504510826344,TikTok,1,Socializing,16.585653616593486,1,8.195954874058858,Medium,66.62593565285647
24,Male,Brazil,2.4097388100401647,YouTube,2,Entertainment,16.6880487448599,0,8.202633694242925,Low,36.4594832571861
14,Male,Canada,4.977216246386822,TikTok,4,Entertainment,8.564777774705394,0,6.626943812938224,Medium,34.597633778197704
23,Male,Australia,4.5951178687263,Snapchat,2,Entertainment,26.18518881794297,1,5.32460944844656,Medium,21.7272073639154
18,Male,India,3.303203716957276,YouTube,1,Education,22.16112775950422,1,8.781392762226494,Medium,41.679446607122685
15,Female,India,2.377206007094336,Instagram,5,Socializing,23.62995419815892,0,7.8187436132289,Low,48.24956104084167
27,Male,India,1.9488947138853487,Twitter,3,Education,21.17966130555976,0,9.566714913763295,Low,61.335704488285536
21,Male,India,1.513960300319158,TikTok,1,Socializing,30.490420643693632,0,8.797804235268776,Low,52.65803482860671
20,Female,UK,3.567617030201684,TikTok,3,Socializing,35.01575080502094,0,8.111317732764501,Medium,0.0
15,Male,India,4.0961894518601945,YouTube,1,Entertainment,20.895989288204383,0,7.597340317789753,Medium,22.7903611629004
23,Female,Australia,5.100947314599159,TikTok,4,Content Creation,16.843445567571038,1,4.738795999278399,High,32.50584366150975
14,Male,India,2.5385300116820124,Snapchat,5,Socializing,18.27607971295886,0,7.814374110425802,Medium,0.0
17,Female,India,2.0969255692703634,YouTube,1,Entertainment,46.025248951832495,0,7.958815040454939,Low,63.62341648073419
26,Female,Brazil,3.313413971309745,Instagram,5,Entertainment,34.43249654302271,0,6.25770906712396,Medium,24.4595861026393
25,Female,India,0.5,YouTube,1,Education,29.02475095143886,1,9.022897636819,Low,53.63712978926985
27,Male,India,2.781318017830096,TikTok,2,Entertainment,25.24962150158501,0,8.299371809004121,Medium,41.65368959938287
27,Other,India,3.4972446276692035,YouTube,5,Entertainment,27.02654630822891,1,8.23586025444396,Medium,40.32243689864698
26,Female,UK,7.538484984390079,Twitter,4,Socializing,23.09561283971992,1,6.105984605246874,High,25.198101616250977
25,Female,India,4.145448832143611,TikTok,3,News,8.726174794538466,1,4.878421257802371,Medium,32.24944052824807
18,Female,Canada,3.489823222603046,YouTube,5,Entertainment,30.240753680190387,0,7.937389309082479,Medium,45.82136425670446
23,Male,Brazil,4.649351908097959,TikTok,5,Entertainment,18.086105911257864,1,5.672270555984417,Medium,40.06277793408165
23,Male,India,1.8267802129850452,Snapchat,4,Entertainment,18.28293181175785,0,8.53871263495165,Low,35.95175995655776
23,Female,India,4.177277722974755,Twitter,4,Entertainment,29.6755943307718,0,7.771891841056504,Medium,35.696431111971165
20,Male,UK,2.195441284921668,TikTok,3,Socializing,21.92009827596078,0,6.559078684162873,Low,34.45885847370804
21,Female,India,4.480833823505561,Snapchat,3,Socializing,13.1084877784939,1,5.444124133652067,Medium,2.723713422369705
26,Female,USA,2.676516035737112,YouTube,5,Entertainment,37.4539545166593,0,8.730142710908037,Medium,1.608267282020968
22,Male,India,3.847077122327658,YouTube,2,Entertainment,20.135205338516624,0,7.851507400350043,Medium,63.50113336583583
19,Female,India,6.534270186946692,YouTube,2,Content Creation,16.72301767624743,1,4.421956636088089,High,50.80393364377407
23,Male,Brazil,1.5918048526149182,Instagram,5,Entertainment,28.759440415398345,1,9.655480834583182,Low,55.68014325142336
20,Male,India,2.257720064341524,TikTok,5,News,27.67908871786365,1,7.475421511231176,Low,24.069781939201263
27,Female,India,4.651602964277549,Instagram,2,Socializing,27.17751441184888,0,7.0310421413503175,Medium,22.545919075731465
20,Male,Canada,2.157278152798689,YouTube,3,Education,21.371345760904177,0,7.547255715474173,Low,46.26990479916533
24,Male,USA,2.5090746744625623,Snapchat,1,Education,15.28067313070742,0,8.08239378217743,Medium,57.24776457655142
15,Male,India,4.421206459287649,TikTok,3,Entertainment,31.243410158383647,1,7.677976223914708,Medium,39.275289643475766
25,Female,India,3.7035198477069113,Instagram,2,Socializing,40.08168201663052,1,7.394158243668297,Medium,45.19393118620694
23,Male,India,3.6736203072463898,Instagram,3,Socializing,32.03026662455234,1,5.843616830961102,Medium,44.779223752788994
22,Male,India,4.161988120654384,YouTube,4,Entertainment,37.81068990462423,0,6.645093218769636,Medium,33.70840980446657
14,Female,India,4.828869548075101,Twitter,2,Content Creation,14.782393872725375,1,6.761456462416547,Medium,55.35648247378585
23,Male,Germany,3.712473859229509,YouTube,1,Education,8.495085844834854,0,7.123536352839935,Medium,36.59646392013565
14,Male,India,3.657154993897936,YouTube,3,News,19.320659845046546,1,7.0081837696255,Medium,72.84887677707565
13,Female,India,3.00623341851771,YouTube,2,Education,24.08101506845349,1,7.354720974958626,Medium,59.28867541553781
18,Male,USA,2.32996916938778,YouTube,5,Socializing,27.38137243267631,1,8.992587248679449,Low,11.825989486081568
27,Male,USA,3.19155168395986,Twitter,5,Socializing,32.92373939941975,1,7.334464533991671,Medium,32.21513340080563
21,Male,India,2.40779330615002,Instagram,5,Socializing,34.165011648539526,1,7.098170028837954,Low,26.152621877430704
16,Female,Brazil,4.693688120152684,YouTube,4,Socializing,26.431454214873323,1,5.502945523706349,Medium,43.80618392687676
17,Male,India,1.0613280295728504,Instagram,5,Education,13.139880258100913,0,8.009220118044134,Low,42.45537825269856
25,Male,USA,2.2317317601817326,TikTok,2,News,28.643068904680963,0,6.419229719452996,Low,43.73718961791764
26,Male,UK,4.942790391606739,Snapchat,4,Entertainment,32.312836821881945,0,5.685852520135414,Medium,33.60294644316329
16,Male,Australia,2.331561071810585,TikTok,5,Entertainment,34.84629237522721,0,9.431678983406258,Low,6.257401136980569
24,Female,India,4.251984496694559,Twitter,5,Entertainment,26.975994581738995,0,5.977532503547664,Medium,44.50347731294632
15,Male,USA,4.389309029404383,TikTok,2,News,28.03185590425612,1,5.850134788453572,Medium,51.18770180051904
24,Female,UK,3.4406564969721614,TikTok,5,News,36.27345915814057,1,6.954597658095883,Medium,42.66899838093898
26,Female,UK,5.487585984618226,TikTok,1,Entertainment,25.22749482115258,1,3.85667298466516,High,95.15941058114689
23,Female,India,2.01796802323121,TikTok,4,Socializing,14.518775637202134,1,8.324346795895877,Low,48.2073597007852
21,Female,USA,3.271468476106593,Snapchat,4,Education,28.26440736100789,0,6.860340862161097,Medium,59.41221008106702
15,Female,Canada,6.422443468773369,TikTok,2,Socializing,39.63077045431628,1,3.1698254595622526,High,88.08378358533038
22,Other,India,4.047607757723059,TikTok,5,Socializing,37.59431690011556,0,7.226567780557088,Medium,58.600765307013006
25,Male,Canada,5.528759655362322,Instagram,2,Socializing,14.421625024698898,1,5.33516897771458,High,42.24620310543169
20,Female,India,2.93809843775909,Instagram,5,Entertainment,22.16466073487973,1,7.061268648260043,Medium,13.136944169514674
13,Female,Germany,5.656213297629321,YouTube,3,Content Creation,12.257186793359631,1,5.875109312755197,High,33.20677438284016
23,Female,India,1.639407395235284,Twitter,4,News,54.724341031252585,1,8.291885524870544,Low,66.82806686234782
27,Female,India,3.831804897892805,TikTok,1,News,26.635116078715644,1,6.510063639503132,Medium,32.18432146609362
19,Male,India,3.408402706275297,Instagram,2,Socializing,28.90248388802121,1,5.317396198078066,Medium,53.781197089542
17,Female,UK,5.404084937021013,Twitter,5,Entertainment,27.31156349952664,1,6.883378550899921,High,74.85579497048766
22,Female,India,3.968996126656621,TikTok,1,Entertainment,14.017078124289226,0,8.130823239024625,Medium,23.405615310594808
21,Female,UK,4.476476324287373,Instagram,2,News,30.885602064040125,1,6.592182658172606,Medium,28.64646732968768
22,Female,India,0.8362072538888738,Snapchat,1,News,35.002769723290456,1,8.928758422912784,Low,40.19540731831037
27,Female,USA,3.5942103182861858,YouTube,2,Entertainment,12.800851192388002,1,5.473380135289974,Medium,0.0
13,Male,India,4.8041219007438265,Instagram,1,Education,13.470041825557155,0,6.472813217218632,Medium,82.02070221049424
14,Female,USA,2.670678341067469,YouTube,1,Entertainment,42.059791264070014,1,8.11792681549853,Medium,76.5934457585245
21,Male,Germany,6.8379258460011085,Instagram,2,Socializing,29.17391832572289,0,4.095649220531895,High,45.3209722419441
25,Male,India,3.808524224535695,Snapchat,3,News,32.157307822058115,0,6.648425132270638,Medium,31.934180512600875
14,Male,USA,2.2930599973531,Snapchat,2,Entertainment,12.78756056353211,1,8.346196319412893,Low,28.96733414307983
26,Female,India,3.899422940570735,Twitter,2,Socializing,30.63016777929924,1,7.347957647932857,Medium,21.702749670807652
15,Male,India,7.34549348041361,YouTube,2,News,31.483364100716745,1,3.351948423375642,High,14.352783425769283
20,Female,Germany,3.861158774141591,YouTube,5,News,40.11044341611144,0,6.8503058322514825,Medium,6.684904004416417
15,Female,Canada,1.4130491715598803,Twitter,3,Entertainment,35.87045432692261,0,8.29207399768541,Low,43.88285509389846
20,Female,USA,2.876522272039672,Instagram,1,Entertainment,14.33859323835554,0,6.781046902208654,Medium,65.60141731599828
23,Female,India,4.199992483984249,Twitter,4,Socializing,29.42440616398419,1,4.649134961308606,Medium,38.98434476916417
15,Female,India,3.120616484479066,Snapchat,3,Entertainment,34.41210039173323,0,7.328542045720284,Medium,54.11330825154672
26,Female,India,3.588455284615676,YouTube,2,Entertainment,28.818429445198586,0,8.58948944676931,Medium,27.05225729112073
24,Female,Brazil,4.065527917053927,Twitter,1,Entertainment,19.47860746212616,0,8.46466197082997,Medium,56.43872687077312
13,Female,UK,1.6035692170701306,TikTok,1,News,15.51494658098423,1,8.36731612803037,Low,53.83824547880657
17,Male,India,3.619043948061377,Instagram,4,News,28.279325247389263,0,6.978917537853031,Medium,78.20834113574966
16,Female,USA,3.2174299401803306,Instagram,1,Content Creation,13.700613108150286,0,8.228006672992167,Medium,25.140975744280617
20,Male,India,2.20703581407214,Twitter,2,Socializing,22.45204965114914,1,5.980653208646125,Low,14.961462062632013
23,Female,Canada,1.2761226228195417,Snapchat,1,Entertainment,31.905012711217186,0,9.418506980458648,Low,85.7108834234211
15,Female,India,4.456459887387315,TikTok,3,Education,35.652510482669804,0,7.478460174185901,Medium,10.05936093817521
20,Female,India,4.332802489647186,Instagram,2,Education,26.27525783686641,1,7.915020947483135,Medium,22.12114209707536
22,Female,India,3.5802586598158057,YouTube,2,Entertainment,29.21345226412118,0,6.724076685054548,Medium,34.37786973890376
27,Male,Canada,2.762184412001281,YouTube,3,Education,11.795888053698723,1,9.237687336108037,Medium,15.0938844947638
22,Male,India,1.7533785960982289,Twitter,3,Entertainment,14.921809470298102,1,9.254185074208122,Low,34.03766542305856
13,Male,Brazil,4.657042217687848,TikTok,4,Content Creation,18.10244351371505,0,4.654821157500917,Medium,26.21010814570484
13,Male,India,5.657128081365807,Snapchat,1,Education,15.69204779649383,1,4.656952522883663,High,77.97198053733673
26,Female,Australia,1.7592317177973835,TikTok,3,Socializing,25.634607241933097,0,8.001698791113784,Low,29.45428982828344
25,Male,USA,4.283554949814244,YouTube,2,Education,27.099091927447013,0,8.562003644181134,Medium,37.38783519326836
21,Female,India,1.0654669630383395,YouTube,3,Socializing,12.450501840788109,0,9.820988033429057,Low,68.47130293171287
18,Female,Germany,4.034122277821752,Instagram,2,Education,25.691146860040995,1,7.396208213090315,Medium,51.47958471841149
14,Male,Canada,3.389173365810158,TikTok,4,Entertainment,7.066006656171247,1,6.054229205153145,Medium,73.95480325494076
25,Female,UK,3.7079936396679702,YouTube,5,Entertainment,31.445444977905296,0,8.025677262623054,Medium,29.063420772970304
22,Female,USA,4.606243887267199,Instagram,5,Socializing,28.726510992424807,1,5.902747384806445,Medium,95.01633579528048
21,Female,India,1.3536356475829967,TikTok,5,News,8.257764915917399,0,9.540001276891529,Low,30.772187120823105
13,Female,Brazil,3.891878466611359,Twitter,1,Entertainment,30.468622093560377,1,7.390162904618773,Medium,50.770004799354126
24,Male,India,2.3769216700692546,YouTube,4,Socializing,24.927334357279303,1,9.462078924295472,Low,34.31364187734375
17,Female,Australia,2.189941241344437,YouTube,3,Socializing,34.26078146879019,1,8.829848068968047,Low,35.1567277998692
18,Female,USA,4.003344909375878,Snapchat,4,Entertainment,34.43939928759275,0,8.566041092640903,Medium,28.61554856007469
13,Male,Canada,7.532474098913722,Twitter,2,Entertainment,15.226641232810303,0,2.9033390131229124,High,15.702611915238144
21,Other,India,2.676094648724127,TikTok,3,Entertainment,29.100715884473043,0,6.928232938178266,Medium,41.30772832753252
23,Male,Canada,4.4628039310380725,Instagram,5,Entertainment,36.59487884253305,1,5.363571162184059,Medium,15.019715414848651
25,Other,India,1.9029953445902097,Instagram,3,Entertainment,23.97422104779677,1,9.189054672413176,Low,67.40019094031024
24,Male,India,2.733454590092362,Instagram,2,Socializing,27.257254754128947,0,8.430447410404865,Medium,34.76378998028837
19,Female,USA,4.351837887360824,Instagram,5,Socializing,17.218358698000568,1,8.538539403567666,Medium,21.96285461760877
16,Male,India,0.613889609788794,YouTube,3,Socializing,30.316266005408025,0,8.103162472696424,Low,31.05329720957049
23,Female,USA,2.160002017407533,Instagram,1,Entertainment,21.030252809604384,1,6.5143640889722585,Low,56.57288933704424
25,Male,USA,3.5798241320573534,Instagram,2,Entertainment,19.703904348795163,1,7.679424506865612,Medium,55.00271462305054
25,Other,USA,2.063654909685459,Instagram,2,Socializing,24.543751998076807,1,8.912467517221033,Low,12.240931701901964
20,Female,India,5.929665963691512,Twitter,5,Entertainment,21.828038345499504,1,5.250011875118018,High,28.161364499283447
22,Female,UK,2.7075270413394232,TikTok,3,Education,35.696435516449824,0,8.001237074234812,Medium,39.44300107654994
21,Male,USA,2.6558953727829278,Instagram,5,Entertainment,41.07367906478329,1,9.2519519885383,Medium,74.02041120498158
17,Female,India,5.327808128633525,YouTube,3,Entertainment,23.802283011068027,0,5.931071775156775,High,21.036299922615505
20,Female,Brazil,4.393014798172425,TikTok,4,Education,25.99093500344708,0,7.146593889263938,Medium,21.094652404331985
14,Female,Canada,1.0050991189566352,YouTube,2,Entertainment,44.69640829759564,0,9.394874390578572,Low,39.4379655820192
21,Other,Australia,2.854353735383547,Instagram,3,Socializing,7.103481555531239,0,6.819353162998595,Medium,0.0
14,Female,USA,2.9439633902829385,YouTube,5,Entertainment,24.867522827255986,1,7.2874543676163155,Medium,75.78614877348798
19,Male,Germany,6.029840623133069,YouTube,5,Education,26.18600283751641,0,7.815382928725179,High,49.22779707482393
15,Male,India,4.233426768546072,TikTok,2,Education,12.000189501427949,0,6.47413069411045,Medium,35.96484232796088
18,Male,USA,2.9633805763211063,Twitter,1,Entertainment,6.9123289332769,1,7.456682780588024,Medium,45.18513526334253
23,Female,India,2.402614195360932,YouTube,4,Socializing,34.77851830059215,0,6.972906305821964,Low,5.022717260567468
25,Male,USA,3.281400816089906,TikTok,3,News,13.535989773843566,0,7.679895100987729,Medium,8.213579657568534
22,Female,UK,1.6051984765358174,Snapchat,5,Socializing,16.8057086469724,1,9.570052848193964,Low,41.86087574147474
16,Female,India,3.0742093966614994,TikTok,4,Entertainment,20.84483604934165,0,7.60385432381515,Medium,27.55077339210462
27,Male,USA,3.313507021528721,YouTube,2,Socializing,31.613273171434464,1,5.867306826520197,Medium,78.69715067017054
27,Female,Germany,1.9902888234668028,TikTok,5,Entertainment,24.09996708716873,1,8.470309468319805,Low,21.60353075821316
25,Female,Germany,3.868619561225471,Instagram,1,Education,27.100720467633536,0,6.0087405758756525,Medium,30.895705643031647
18,Male,India,3.642140067614175,Snapchat,4,Entertainment,23.60002814854953,1,6.440179420916925,Medium,41.03551204310294
16,Female,Brazil,3.271263802766219,YouTube,2,Education,37.691561692640406,1,8.19350965299642,Medium,34.489314744590686
20,Female,USA,3.4696150602295983,Twitter,2,Entertainment,28.3700261738907,1,7.972408972100899,Medium,42.42796996781395
18,Female,Canada,5.134157372412812,Twitter,3,Socializing,18.98538700160851,0,5.218422701966757,High,50.11545059455258
19,Male,USA,3.395234359042208,Instagram,2,Socializing,9.10364982633158,1,6.04626842673256,Medium,0.0
14,Female,Germany,1.784596258110712,Instagram,1,Entertainment,30.73832750630026,1,9.475330861952312,Low,26.840493602647584
16,Male,UK,3.7659389827544616,YouTube,4,Socializing,36.811865066754535,1,5.321033785238277,Medium,53.09741599336851
26,Male,India,4.496840049413224,YouTube,1,Socializing,13.31215198688091,1,6.530601708251393,Medium,27.121814703215925
21,Male,Australia,3.697552873942363,Snapchat,3,Socializing,26.62844695562704,1,6.8793538729818,Medium,74.50373708796316
19,Female,India,2.165177249273934,Instagram,4,Socializing,32.25444312280192,1,7.990532634561892,Low,12.52871276533515
19,Male,Canada,7.139684003754293,Instagram,1,Entertainment,30.430927721221607,1,6.255867226560373,High,56.55634500881671
27,Male,Canada,4.432317051689784,TikTok,4,Education,41.71405821196083,1,7.226080114138703,Medium,0.0
14,Other,India,1.585942272085024,Instagram,3,Entertainment,32.50319280026332,1,9.192198685732658,Low,74.2160258880426
17,Female,Germany,4.3360331483001335,TikTok,1,Socializing,23.731098267723567,1,6.929974800089793,Medium,50.44366918900222
17,Female,India,4.229423663329191,Instagram,4,Education,35.718449108438264,1,6.547826729354322,Medium,64.11617594707195
21,Male,Brazil,2.6132273223052,TikTok,2,Entertainment,12.041637050015645,1,5.7150005179078125,Medium,81.3380921293785
20,Male,Canada,1.3624047936849202,Snapchat,2,Education,26.840742028758434,0,8.885564586704906,Low,42.7744296924667
17,Female,USA,2.8170819410967063,TikTok,5,Content Creation,24.96326576612507,1,6.885071326104572,Medium,19.57448244714532
20,Male,India,4.8093036325301615,Instagram,5,Socializing,38.15719941120997,0,8.282334411792446,Medium,35.864056092243395
22,Male,Germany,3.4989167288069547,TikTok,2,Entertainment,24.59602018555232,1,7.550365241687287,Medium,46.40320126798126
16,Male,India,2.99057274033182,YouTube,1,Content Creation,27.96314465171904,0,6.952867322522291,Medium,45.1675977694787
20,Male,UK,4.155262411759191,YouTube,3,Education,19.41615000708898,1,6.231618736467601,Medium,23.05530849666255
26,Female,USA,3.254349126310771,YouTube,4,Entertainment,29.23302155210451,1,7.700049254664795,Medium,0.0
27,Female,USA,2.208773922401668,Instagram,4,Entertainment,13.761221899789597,1,7.710294190606529,Low,26.41640395473328
17,Female,USA,4.258190256223863,Snapchat,4,News,32.20824861795341,1,6.465278037094149,Medium,68.06407975565529
19,Male,India,4.708204930889763,Snapchat,4,Entertainment,28.209831698610188,1,5.782722341986598,Medium,21.623989932131423
14,Female,India,5.329876839198889,TikTok,2,News,23.63604279632824,1,5.070992805637446,High,26.740792442036252
22,Female,Canada,4.250473294238512,Instagram,4,Socializing,18.351267185462223,1,5.696547854112987,Medium,38.42958269599808
13,Male,UK,1.1098950983030136,TikTok,4,Entertainment,11.457061455124949,1,7.977051725698195,Low,16.47598465401801
18,Male,India,3.704009397453244,Twitter,5,News,28.454868893424784,1,6.692548002320703,Medium,23.16047233138002
24,Female,USA,2.081356504065865,TikTok,3,Entertainment,26.507488941420984,1,6.747924440608459,Low,30.71108632113416
26,Female,India,2.3834750040139907,YouTube,3,News,35.4875551490513,0,8.99262366860142,Low,27.83595582628564
13,Female,Brazil,3.2608203873013366,YouTube,4,Entertainment,13.075176261024364,0,6.758594257685244,Medium,40.36807686963717
14,Male,Australia,1.78378433087882,TikTok,3,Education,14.18781541480504,1,9.62430005653722,Low,13.131824250497855
20,Male,UK,3.358039988592475,YouTube,2,Entertainment,19.04593307401649,0,7.716622358523694,Medium,22.100930548082825
21,Male,Australia,0.7200619817076186,YouTube,2,Socializing,27.52817267810136,0,8.20782616836774,Low,22.88960421675328
15,Female,Canada,3.318610973823949,Twitter,4,News,15.222274075546276,1,10.0,Medium,17.659102658356915
25,Male,Canada,2.32058967275844,YouTube,2,News,5.6164427187847465,0,7.730857670713609,Low,0.0
25,Male,India,4.584746192524289,Snapchat,4,Entertainment,27.499626385554777,1,5.512887080923343,Medium,32.22338056172011
21,Female,Canada,4.519908604575839,TikTok,2,Education,19.95563600591968,0,8.023387360409318,Medium,35.988414381717135
17,Male,Germany,4.19108846287609,TikTok,2,Entertainment,28.51905243849861,0,5.816952118285085,Medium,47.424179889135424
27,Male,India,5.048353918060161,Twitter,1,Socializing,13.416211235604791,1,5.083243119302063,High,22.462618423425223
26,Male,USA,3.5147142767204897,YouTube,1,Entertainment,13.651954895807856,1,7.812711433370517,Medium,25.520049066495258
23,Male,USA,1.6050908501144692,TikTok,4,Education,15.38775872673477,1,8.017577066470892,Low,39.57563773533022
13,Male,India,3.0790323253884484,YouTube,2,Content Creation,22.28123345171664,0,6.928026789542338,Medium,7.7274419186500864
13,Female,Canada,3.8016688793461295,Instagram,5,Socializing,19.14752694810329,1,6.864364834079071,Medium,57.74080826117781
26,Female,India,3.700554192064646,YouTube,4,Entertainment,26.392547850020986,0,7.64422408954749,Medium,48.01867586941805
16,Female,Germany,3.5936316739118004,Instagram,2,Entertainment,29.752635485157164,1,7.349421666954482,Medium,35.171656024854386
13,Female,India,2.762507551304581,TikTok,4,Socializing,32.81827587633288,1,7.865038898136976,Medium,18.84371855443368
22,Female,India,3.54346251098739,YouTube,4,Entertainment,16.5711365096283,0,6.2372874834831,Medium,34.247628858909046
26,Female,Australia,3.3293421175978217,Twitter,2,News,11.17957382922673,1,7.4422834090446,Medium,7.891054414094555
22,Male,Brazil,3.151272354885416,YouTube,5,Education,37.59546641242864,0,6.23373894278758,Medium,45.43225623827293
22,Male,India,3.1256997631290546,Instagram,3,Socializing,20.328575071867228,1,8.478030224606758,Medium,33.67059517733474
13,Male,India,4.854668559281402,Twitter,3,News,37.77464591036209,1,7.816633241102197,Medium,26.02483798695848
19,Female,Canada,3.4433127688960767,YouTube,5,Education,18.416875004203963,0,7.493978860759828,Medium,52.237124878394496
24,Male,Germany,4.904680175738227,Instagram,5,Education,32.046366428330565,1,3.6704556956510985,Medium,28.59603139129744
24,Male,USA,3.59619777633385,Snapchat,2,Entertainment,29.775958503865034,1,6.374609832945935,Medium,31.958053811288103
24,Other,India,1.9928115579883936,Snapchat,3,Entertainment,16.482563107668312,1,8.083003203468081,Low,50.13532878071164
19,Male,India,0.9112077709766409,Instagram,4,Entertainment,19.901270816316377,0,8.151409678309333,Low,41.7670054171578
13,Male,UK,5.557345151691466,YouTube,4,Socializing,15.534644306390655,1,4.551569612661044,High,24.653425279469637
27,Male,USA,5.316769215390758,TikTok,3,News,25.22010728695923,0,6.456180955074596,High,28.06999961862356
14,Male,UK,6.458719538145359,Twitter,4,Entertainment,35.46547720910406,1,5.3721850073038,High,73.12195263594941
17,Male,Brazil,3.818356938466346,Instagram,5,Socializing,13.312424857426006,1,8.374395683142506,Medium,25.30885822457965
16,Female,Brazil,3.34292544516677,Instagram,1,News,15.682857074254994,1,7.192075550958146,Medium,32.37917587630041
20,Male,USA,2.04668220250685,Instagram,2,Entertainment,47.56762956691158,0,7.821117361256233,Low,25.637107410622285
21,Female,India,2.962223290718052,YouTube,2,Socializing,42.437297441746935,1,9.48547300618231,Medium,38.510279270037096
20,Male,UK,3.9024525050449617,TikTok,4,Socializing,24.26610637658824,1,4.887216922052131,Medium,21.515130318585022
23,Male,Germany,3.4717398112621742,Instagram,4,Socializing,25.737455596761524,1,5.279877030149536,Medium,43.20894700194552
21,Male,UK,0.5005176316217597,TikTok,3,Socializing,13.360305236657986,1,9.08491724013478,Low,45.57572670767508
13,Female,India,2.583533633089201,Instagram,4,Education,16.88221751320217,1,7.936643808660098,Medium,78.54014011456661
16,Male,Canada,4.269355646864218,Twitter,4,Entertainment,30.40147854181193,1,6.757115693349369,Medium,38.88097341454392
16,Male,USA,3.0901411605054654,TikTok,3,Entertainment,34.544019902092046,1,8.696144287798427,Medium,14.409010657184332
26,Male,USA,2.8076675337771864,Instagram,3,Entertainment,44.64533872119084,1,8.213340510692376,Medium,93.48760259172428
27,Female,India,2.6587121564344165,Instagram,1,Education,39.75295405653353,1,8.572201854285412,Medium,33.859411559429155
24,Female,India,1.873532797006256,TikTok,4,Content Creation,38.01506133441606,0,6.414922526968079,Low,9.798893682342
19,Female,Germany,4.234840862346298,YouTube,5,Socializing,6.961744018930336,1,7.413594614830568,Medium,83.50117596702046
13,Other,USA,5.268126022500722,Instagram,4,Socializing,11.859685805855763,1,4.265599486027603,High,42.55563085485234
15,Male,Brazil,7.321677028566099,TikTok,5,Content Creation,31.09433002812452,0,5.3512341801399295,High,79.3075460503185
19,Female,India,4.752233818338423,Instagram,3,Entertainment,10.19106603425984,0,7.222917987177681,Medium,33.42937683327038
15,Male,India,0.6392138188617174,Instagram,4,Socializing,30.92198328268544,0,9.09126410433334,Low,26.11143877673581
25,Male,Canada,6.509742523152646,Instagram,3,Content Creation,40.677597584904575,0,4.161117851335695,High,29.812597870335686
18,Other,UK,5.851709737222506,Instagram,4,Content Creation,17.171154050277863,0,4.080641134814553,High,75.96573144448558
17,Male,India,3.5032834910923976,Instagram,1,Education,17.60040363195531,1,5.887965817664445,Medium,27.70722248704401
18,Female,Australia,3.036092856628449,Snapchat,5,Entertainment,32.39339074298823,1,9.26582420502988,Medium,77.35258386769581
19,Male,Australia,6.530154453939559,Instagram,4,Entertainment,14.104084695712904,0,5.52314373936954,High,46.443443450497554
18,Female,USA,2.4991172811319577,Snapchat,1,Entertainment,9.82358468053697,0,6.824657229488674,Low,60.99127366677827
23,Female,India,4.7001265139222905,Twitter,4,Education,28.965423182300334,1,4.587456989171135,Medium,66.69628714137346
20,Male,Germany,5.474575433057263,Instagram,1,News,24.428192034031,1,4.850365419793633,High,27.9424477653178
27,Female,USA,3.2201260528185967,Twitter,4,News,25.60398472408535,0,6.794838112734882,Medium,42.615604352805725
21,Female,Australia,3.8642501872961863,YouTube,3,News,22.46749350986408,1,6.634886448898208,Medium,20.886714920542797
25,Female,India,7.431259390365639,Instagram,2,Entertainment,24.71867374210371,0,2.373972148123516,High,16.162616023578963
24,Female,Brazil,5.005157600266119,YouTube,4,Socializing,22.20294220186466,1,4.523396039775238,High,81.32157084125139
18,Male,UK,3.028486932654152,Instagram,4,Socializing,33.213695487566,1,7.922483480775103,Medium,33.92114578614056
25,Female,UK,2.4985737995378687,Instagram,2,Entertainment,31.95196793808634,1,7.970855920249843,Low,43.32388047633708
20,Male,Germany,4.640985680722422,TikTok,1,Socializing,24.36122703291913,0,7.539633821014169,Medium,43.11770038037191
24,Female,India,4.92214509591356,Snapchat,3,Entertainment,40.148606563587,1,5.260684280485179,Medium,56.16285123140605
22,Male,USA,3.660112901349321,Instagram,5,Entertainment,26.083469062879196,1,8.733197853943024,Medium,39.94301456079171
21,Male,USA,4.768680155141754,TikTok,1,Socializing,5.0,1,6.370837639657593,Medium,3.840661700279661
23,Male,Brazil,3.0863537899558136,YouTube,5,Socializing,5.0,1,7.1506926091870335,Medium,46.53613604037612
20,Female,Canada,2.454467234470464,TikTok,4,Entertainment,30.194353524689312,1,6.555040550335637,Low,41.67763103435975
18,Male,USA,6.9626165945524505,TikTok,1,Socializing,22.36915603192101,0,3.7759012960984633,High,42.172221941159066
24,Male,Brazil,2.6690383249321785,YouTube,3,Entertainment,15.353787559944728,0,6.809642541589507,Medium,41.658085809429934
17,Other,USA,4.9427457389957805,YouTube,2,Entertainment,20.110417688546995,0,5.434642605561513,Medium,60.75753835920527
27,Female,India,3.251043051533916,Snapchat,5,Socializing,22.187720788966818,1,7.958951949756766,Medium,13.284377216636509
16,Male,Canada,0.5,Instagram,4,News,20.712986946109936,0,10.0,Low,28.935026514139125
21,Male,India,6.035764024901068,Instagram,3,Socializing,17.3032076079163,0,6.131164438810589,High,21.65812167972516
18,Female,India,4.378397630827402,Snapchat,5,Entertainment,40.07927423534813,1,7.507168101057264,Medium,34.34161405681628
21,Female,UK,1.311292479739667,YouTube,2,Entertainment,48.28690299136302,1,9.29613649070508,Low,31.81554355949718
24,Female,India,3.3692960689336235,YouTube,4,Entertainment,26.749773009372586,1,7.518730798701544,Medium,48.45120018806893
19,Female,Australia,1.5652928110570952,YouTube,1,Entertainment,15.244942173078618,1,10.0,Low,65.35697554935751
20,Female,USA,4.587073463616088,YouTube,4,Entertainment,19.530012317311485,1,4.157292478424028,Medium,54.70364169758372
23,Female,Brazil,0.5,Twitter,4,Entertainment,30.594564699183685,0,10.0,Low,36.83956305301409
17,Male,USA,3.4114988325416458,TikTok,2,Socializing,24.58370599178576,1,7.589459487708762,Medium,17.17612982384557
14,Female,USA,2.197630369665018,Twitter,1,Entertainment,43.46836916850216,0,6.90252635028588,Low,31.18824847935748
14,Female,India,5.425486942186794,TikTok,2,Socializing,13.921876452462172,1,6.52389315140923,High,7.394107207912157
18,Male,Brazil,2.6858407403993443,YouTube,1,Entertainment,15.43529147293118,1,7.954015273399036,Medium,18.64472202563957
15,Male,USA,3.0238687759995644,TikTok,3,Entertainment,21.607981372819005,1,8.018833383031602,Medium,60.24899740647317
23,Female,Germany,2.0856219315906896,YouTube,3,Socializing,29.57985586250645,0,9.121605639742429,Low,2.16814514143757
26,Male,India,3.2111470166126423,TikTok,4,Education,33.13937692355689,1,6.89591845836733,Medium,30.67570054639719
14,Female,Brazil,4.232450669494226,TikTok,4,Education,30.37920983149482,1,6.254768527993953,Medium,38.28841911991219
13,Female,USA,5.729041214588481,Instagram,1,News,10.371792546267432,0,3.596705388079409,High,60.990202241925694
23,Female,India,2.782165741793628,Instagram,3,Education,28.538486766258536,1,9.355396588846824,Medium,53.74667889599842
19,Female,India,4.853422634530375,Twitter,4,Education,10.818529554789222,1,6.929713940083386,Medium,58.62026331540882
27,Female,India,3.807769480818893,TikTok,4,Entertainment,24.54273240624125,1,7.596959841367682,Medium,47.77312405962241
19,Male,India,7.11508928518731,Instagram,1,Socializing,20.008372977700784,0,4.309807589379821,High,64.77675527908534
26,Female,India,3.736035786097615,Twitter,4,Socializing,29.99686459968332,1,7.145187650092372,Medium,35.399448352213405
14,Male,Brazil,4.004346152303402,Snapchat,5,Entertainment,36.18417041452851,0,7.398470469137395,Medium,52.952148366223305
14,Male,USA,2.398114186706671,YouTube,2,Entertainment,45.83252799226524,1,8.17189665834869,Low,59.72203884195863
13,Female,India,0.5,TikTok,5,News,12.521780317045929,0,8.464645094128587,Low,12.036255640860986
13,Male,Canada,4.1017780364322505,Instagram,4,Socializing,33.92180435756323,0,8.600798556305293,Medium,24.65321536886804
22,Male,Canada,2.914629003793232,Instagram,5,News,29.678931745557257,1,8.95420239516464,Medium,83.64423279891184
21,Female,Canada,5.364835070676026,Instagram,3,Entertainment,26.232459542181267,0,6.665584384354187,High,70.20916774100985
22,Female,USA,1.5425473878169902,YouTube,3,Education,14.441444835957997,1,8.755717190967744,Low,17.844632204755438
18,Male,India,1.9769224818287432,Snapchat,3,Entertainment,46.77490693178593,1,8.833871776779812,Low,46.4182403824369
16,Female,Australia,2.179058459449841,Instagram,1,News,28.687975697350712,0,8.172346167939711,Low,0.0
24,Female,UK,2.780745505905438,YouTube,5,Socializing,41.62009028522598,1,6.544689060439104,Medium,49.414681107860176
14,Male,USA,5.339317275147571,TikTok,3,Socializing,23.78613021498972,1,5.943778476982839,High,45.9648373928077
16,Male,India,5.1983022611658765,Twitter,1,News,33.462003770449726,0,5.673801486864466,High,18.15601729947884
14,Male,Canada,5.420905324058321,YouTube,2,Entertainment,27.95745777503159,1,5.283202803210744,High,17.53590998809866
20,Female,India,6.0158341739149455,TikTok,2,Entertainment,34.42422871105919,1,4.505400997719812,High,61.59946205643556
15,Female,Australia,3.6497604529356975,Twitter,5,Entertainment,13.05297960709872,1,5.004672727872389,Medium,26.502461162111004
18,Male,Canada,2.8723067471487824,Twitter,3,Socializing,26.80187873957056,0,8.160366618011633,Medium,45.37727408899583
13,Female,USA,4.9783860253747765,Twitter,5,Entertainment,17.080280003087438,1,6.666354137431284,Medium,48.27866125415566
26,Male,India,5.222630778140292,Instagram,2,Education,30.03963586362677,1,5.16756798992803,High,26.53026571946461
25,Male,Brazil,4.900941134886176,Instagram,4,Entertainment,21.1804693896266,1,7.119827047577593,Medium,49.24872057748991
27,Male,Australia,1.9957844722379807,YouTube,4,Entertainment,33.54994870816488,1,6.290686462215215,Low,42.73289227263714
23,Female,India,4.024751654715471,Instagram,2,Socializing,36.60364694517357,1,5.3986202704093404,Medium,27.05565964025961
19,Female,India,2.7038995297771367,TikTok,3,Socializing,25.107572627921044,1,8.3962655503731,Medium,54.78088912550514
17,Male,Germany,2.73330264486361,TikTok,5,Education,44.742642678074105,0,7.592120512274427,Medium,47.4159530641231
22,Male,India,5.76940704960302,Twitter,5,Socializing,26.2100590720802,0,3.440384821540041,High,50.75444214653682
26,Male,Brazil,0.5,YouTube,1,Education,26.47296168414981,1,10.0,Low,30.590212623494796
17,Other,USA,2.110444243346051,Instagram,2,Entertainment,52.1321465218993,0,8.889190942984499,Low,32.516850474058856
20,Other,Australia,2.698958545655896,Twitter,3,Education,28.48090227493118,1,6.367638481058314,Medium,58.353559409231785
13,Male,India,2.600520980709109,TikTok,1,Socializing,22.15492409118529,0,8.163117157081471,Medium,49.73622775741906
24,Male,Australia,0.5,TikTok,5,Socializing,31.0076094499978,0,9.579233204069997,Low,17.580958884391585
14,Male,India,3.793536052805393,YouTube,1,Entertainment,9.28525810150143,0,7.594424200034426,Medium,61.71703415753586
19,Female,Germany,3.116926518504465,TikTok,1,Socializing,10.189407445242132,1,7.978431357797348,Medium,48.14892698412678
15,Male,India,5.301364778440288,TikTok,3,Socializing,25.089634512734253,1,6.917793557984533,High,79.27056899329996
17,Female,India,3.448922759636679,TikTok,4,Education,29.23438676504325,1,6.514296953152117,Medium,44.14064585172989
22,Female,Canada,3.013180176925657,YouTube,3,Socializing,13.812521755330929,0,6.50046527967071,Medium,39.47292093796493
16,Female,Canada,3.6535729435229896,Snapchat,1,Entertainment,22.243051500914508,0,6.429308048561652,Medium,29.31269740583867
17,Female,India,1.279372497913401,YouTube,4,Entertainment,20.569941661754346,1,8.852547924801476,Low,43.1348716839074
22,Male,India,3.325769215518246,Instagram,3,Entertainment,22.741448374807064,1,7.578607485358576,Medium,43.34015725451979
26,Male,Germany,3.005375279094545,YouTube,2,Entertainment,40.62406257602268,1,9.267251707662712,Medium,1.0773109939520111
27,Male,USA,2.0560942061064145,Snapchat,5,Entertainment,34.494477815436696,1,10.0,Low,49.95169236079261
17,Female,India,5.61976391192329,TikTok,2,News,7.407721849415271,1,6.047260883927507,High,42.36258904927631
25,Female,India,3.588108629930636,YouTube,1,Entertainment,21.64000777783064,1,6.07678532208234,Medium,50.30483970898327
24,Female,India,3.874493991407627,YouTube,1,Entertainment,19.224819393611263,1,8.607309374424574,Medium,44.94532847408529
26,Female,Canada,4.90704524106059,YouTube,4,Socializing,24.70992462693586,0,5.092626301732389,Medium,8.16960432240862
21,Male,Canada,2.7867146138073133,Twitter,3,Entertainment,10.549535239430568,0,6.766403402265757,Medium,61.82936639198097
18,Female,Brazil,3.728651331219908,YouTube,3,Socializing,17.917439532635463,1,7.157143674226597,Medium,73.64955358749248
25,Male,UK,4.535514101998747,YouTube,4,Socializing,13.418454158740923,0,6.25737494643956,Medium,67.96645139761397
27,Female,Germany,5.286231714145787,Twitter,4,Entertainment,31.36393092234355,1,4.903234295054461,High,40.98115251596742
20,Male,India,6.29664245925258,YouTube,1,Entertainment,8.790393829038639,1,6.153259915949947,High,40.81169057464337
27,Female,Germany,4.551296257089204,Snapchat,5,Entertainment,24.444074467606374,0,6.407550381416257,Medium,11.522942106478853
13,Female,USA,4.022194637477892,TikTok,3,Socializing,27.61920971401476,0,5.574013183285637,Medium,38.98459087538298
17,Female,India,7.362838793524791,Instagram,2,Education,27.92842627682738,0,4.694457007038865,High,33.82678889822722
26,Female,India,3.322524879687609,Twitter,4,Education,7.886462816673031,1,6.297328419769883,Medium,38.573102714473336
26,Male,India,5.14855774540313,YouTube,1,Socializing,34.27496353068696,0,7.094404777099609,High,0.0767321968016432
21,Male,India,3.4473803897964306,TikTok,2,Entertainment,29.94225671913645,0,7.8684950997472605,Medium,27.07710795682449
26,Female,India,3.012820100926309,Instagram,2,Entertainment,17.153127924173504,1,7.876751944460797,Medium,43.713028934793456
15,Male,India,3.7839610405990234,Instagram,4,Entertainment,5.202622560394673,0,7.821730152171451,Medium,56.41545626610812
25,Female,India,2.765376722958037,TikTok,3,Education,28.49677603179064,1,8.903232852356847,Medium,41.42706663359482
17,Female,India,3.586901478932716,TikTok,3,Entertainment,12.390459358340385,0,7.615777254566677,Medium,8.543298127515303
21,Male,India,1.3234547782557922,TikTok,4,Socializing,29.848227570531165,0,9.589339280164072,Low,40.84146964823646
18,Female,Brazil,2.742958745925896,Instagram,2,Education,25.09272945040297,1,7.079957191846871,Medium,48.45390833405196
13,Female,Germany,1.689354250430116,YouTube,5,News,22.503312288163418,0,6.42917118615515,Low,41.3190062390386
22,Female,Brazil,3.7737718557601294,YouTube,1,Entertainment,15.889547831789889,0,6.689536796703002,Medium,9.169058280026618
14,Male,Canada,3.446908654938274,Instagram,4,Education,11.834299792989167,0,7.927346859424128,Medium,61.11943066060134
23,Male,India,5.443684869771627,YouTube,2,Socializing,14.711084115004706,1,4.931560496764427,High,12.92415151118056
23,Female,Brazil,1.4330810019131266,TikTok,2,Education,8.362659359982882,1,9.84624956857255,Low,64.41083439036792
17,Female,UK,3.29327705968914,Twitter,1,Content Creation,41.63367955381569,1,5.866658648626544,Medium,36.016205144328914
16,Other,USA,1.870543288622688,Instagram,5,Entertainment,16.369909993804356,1,8.705783921489164,Low,9.08768230951953
14,Male,India,0.7160166875805514,YouTube,2,Entertainment,21.44624237547819,1,9.750233748415573,Low,27.289408188822268
27,Male,Germany,1.8197626335727852,YouTube,4,Socializing,33.351853187642774,1,7.029733090631958,Low,26.60809232963725
17,Female,Germany,3.8118716181231007,Instagram,5,Entertainment,48.2707554899643,1,7.121203329592987,Medium,48.547615633678646
25,Male,USA,3.4649711528999823,YouTube,5,Socializing,33.229894317414754,1,7.54631274656029,Medium,37.409161883742605
21,Female,India,0.5,Instagram,2,Entertainment,9.847834737015448,0,10.0,Low,27.12745019883375
19,Male,Germany,4.12767288426422,YouTube,2,Socializing,26.991567944420837,0,5.48233410834289,Medium,30.196285175778836
22,Male,India,4.549008126575908,YouTube,2,Education,22.12203992852895,0,6.45927412201639,Medium,21.59373231364279
24,Male,Germany,3.3872015251335714,YouTube,2,Entertainment,23.913327732159114,1,7.026751241257306,Medium,52.3833277930194
19,Male,Germany,3.3403157479128565,TikTok,4,Entertainment,16.446890782567795,1,9.06519837417875,Medium,28.29550282186568
27,Male,USA,5.510519499299897,Twitter,3,Education,27.644369602826163,0,6.2722399348734745,High,51.53330199858223
18,Female,Germany,3.409489041045957,YouTube,3,Entertainment,22.888442564626565,1,7.078325630704964,Medium,24.455547598701248
18,Other,India,6.208958641312156,TikTok,4,Socializing,35.03252012803666,1,6.980422913745149,High,27.866689343573626
21,Female,USA,2.524037667264875,YouTube,2,Entertainment,41.00509638858838,0,7.562636016762797,Medium,69.52465806788166
13,Female,India,5.0976775366292575,Instagram,4,Socializing,23.390630545607934,0,3.8194677554205896,High,0.0
25,Female,UK,2.514489728060654,Instagram,1,Entertainment,28.739360926122263,0,9.046330120435789,Medium,48.6539982410317
21,Male,Canada,5.422390322826461,Instagram,1,News,51.14193925449152,1,5.683727412265324,High,48.32502964709974
14,Male,Canada,2.2393234719226776,Twitter,4,Education,20.729912132616867,1,10.0,Low,22.67868471434324
26,Female,USA,2.6773937335599944,Instagram,2,Socializing,22.685026838524607,0,7.14616098475156,Medium,43.86514826500832
14,Male,USA,0.5730084139833451,Instagram,1,Socializing,33.238730226731285,1,7.415070443427552,Low,39.76623338038097
18,Male,Brazil,3.238624796456423,Instagram,2,News,20.75000849872944,0,7.591119601329998,Medium,9.759781127919052
21,Male,UK,4.436817378066449,Instagram,4,Socializing,11.322598725792258,1,6.521624565300915,Medium,34.04803236850569
24,Male,USA,1.3318688908235097,TikTok,2,News,34.40655525150916,0,8.675119258878278,Low,33.11488673341114
24,Female,Canada,4.608476932608777,Instagram,5,Content Creation,17.88158329706569,1,5.607738510251262,Medium,30.3407395178772
19,Other,Brazil,5.394766876366826,Instagram,5,Education,8.501270854459094,0,5.552317632941044,High,42.626082865448325
13,Male,USA,4.403643222978521,TikTok,4,Socializing,15.489211651681158,1,6.011927194420686,Medium,69.8748233837653
16,Female,India,4.088190217457279,Instagram,3,Entertainment,33.24459269817058,0,5.100764954221807,Medium,27.779607763978422
20,Male,India,3.3771906551656983,Instagram,3,Education,5.0,0,7.914420142192784,Medium,19.920748712648034
16,Female,Germany,4.261946722307625,YouTube,2,Entertainment,21.95591098205816,0,6.413082378261845,Medium,66.87094957907362
19,Female,USA,2.979217925978236,Twitter,5,Socializing,31.216154420128586,0,5.33394670641429,Medium,67.31498858647156
26,Female,Germany,1.9130580841776608,TikTok,3,Education,27.38594119065742,0,9.437165393700012,Low,28.139281496186427
19,Female,Brazil,3.5086921282985224,Instagram,2,Entertainment,43.95468835030353,1,8.165774391952318,Medium,51.21676342710889
20,Male,India,5.444808748524901,TikTok,1,News,14.748636286766876,1,7.038698162145188,High,35.551103460046065
21,Male,Australia,2.2716755552276,TikTok,2,Education,28.57853830616004,1,9.090459912351866,Low,0.0
22,Female,UK,7.06587570357209,TikTok,1,Entertainment,7.632254334852021,0,3.3002417119918013,High,40.59803556567926
23,Female,India,5.169928668883207,YouTube,5,Entertainment,31.573463167456666,1,6.1354889861720645,High,26.10408577141525
16,Male,UK,5.062331586772652,YouTube,5,Socializing,32.679996881486765,0,6.449217246910579,High,20.282435371825724
17,Male,Brazil,3.2687955752412075,Twitter,1,Socializing,18.93149758214464,1,7.220894805740954,Medium,16.8448770974588
24,Female,Brazil,5.328109842804305,TikTok,3,Content Creation,21.08515812349021,1,4.80542418389429,High,45.4927553074334
25,Female,India,4.401492912178163,TikTok,3,Socializing,21.603926936605696,0,4.94444850258867,Medium,9.766409606919716
21,Male,USA,2.409827476739996,Snapchat,5,Socializing,33.28547100353297,0,8.803947524423295,Low,0.0
16,Male,USA,4.862160864508276,TikTok,3,News,24.34812143698157,1,4.402662379297112,Medium,50.25912996681896
15,Male,USA,4.473699713715642,Twitter,5,Entertainment,14.653914840600397,0,6.123815837152744,Medium,52.319196220469024
23,Male,India,2.8584209123924667,Snapchat,5,Content Creation,23.110818890729064,0,7.416311876811327,Medium,22.84412850542724
14,Male,India,4.586179152000394,YouTube,4,Entertainment,8.20456790867756,0,6.019509885106738,Medium,31.6748868450064
26,Male,UK,3.064570742748593,YouTube,4,News,29.505419097673,1,6.969455094845176,Medium,1.7678223938552406
25,Male,UK,0.5,TikTok,4,Entertainment,20.81524300475532,0,9.735044998603186,Low,4.674325980969307
19,Male,USA,2.0774329200373454,Instagram,3,Content Creation,46.57909555067028,0,9.700908371045635,Low,14.90222841077669
14,Female,UK,1.8657881865869488,Instagram,2,Content Creation,35.28174207167663,1,8.446167713019912,Low,0.0
22,Male,USA,2.974896150008844,YouTube,3,Education,28.50502558764937,1,8.685675537494658,Medium,24.166743706559075
16,Male,Canada,3.2333833253425914,TikTok,1,Entertainment,15.447611035192889,0,6.623378681921345,Medium,91.42808296650566
15,Other,India,2.6005601058746515,Instagram,4,Socializing,25.84240248275223,1,8.412243419323726,Medium,75.67792062334357
13,Female,USA,4.762748321522906,Instagram,2,Entertainment,25.223219403998343,0,5.642236448598252,Medium,70.95325173839008
27,Female,Germany,2.9908861639595936,YouTube,5,Entertainment,31.90218459853231,1,9.1241888346476,Medium,37.11004653488947
18,Female,UK,2.6643281858205654,Twitter,4,Socializing,12.727448932324076,0,8.075519427377655,Medium,40.89453195526403
21,Female,USA,2.271160373234542,Twitter,5,Entertainment,27.35352003135476,1,7.283583311579271,Low,41.39493174115587
13,Female,USA,0.8891915086525635,YouTube,1,Socializing,23.774581784855645,0,9.192059562147358,Low,0.0
14,Male,USA,5.947279663137381,TikTok,2,Entertainment,20.376130629170635,1,5.861285913716913,High,70.5127421806368
18,Male,India,4.126935012736176,YouTube,2,Content Creation,34.94550807350001,1,7.456541006728962,Medium,49.853751455469
18,Female,UK,2.356000304344925,Snapchat,1,Socializing,28.81146461329277,1,7.579798094385731,Low,33.14959080498284
23,Male,USA,3.9646563490600975,Instagram,3,News,30.35668818404296,1,5.522728716119208,Medium,38.28876769788676
14,Male,India,2.644513138721491,TikTok,2,Content Creation,20.72013054261954,0,8.217838143052667,Medium,24.392873754894254
13,Male,UK,1.3876326590589052,Instagram,4,News,27.924998673047465,0,8.33544560444745,Low,41.26609879127747
26,Male,India,3.587198328998724,YouTube,3,Socializing,47.16768621100468,1,7.728370080978552,Medium,43.90064302656084
14,Male,Brazil,4.646066921125558,Instagram,4,Education,17.02857244177826,0,6.703316984962787,Medium,48.1487090344274
14,Male,UK,5.2574469479223085,Snapchat,3,Education,15.089580838534824,1,5.8028896949194175,High,50.00730064587324
19,Other,Brazil,4.382434604821645,Instagram,1,News,19.84005109685043,0,6.425509167617106,Medium,28.013524311422756
23,Female,Brazil,3.109113018363689,TikTok,4,Education,37.71076665242461,0,8.015126904652755,Medium,30.121211307997854
26,Female,India,4.348231994152243,Instagram,4,Entertainment,24.36788983967041,0,6.432434776122144,Medium,42.34848723490625
21,Male,India,1.9710649845515449,Instagram,3,Entertainment,24.279045647492545,0,9.72141276510033,Low,21.57797329481392
23,Female,USA,4.228183377252752,Instagram,2,Entertainment,20.42705276047034,1,6.534293761637155,Medium,61.39014607759151
21,Female,India,4.951135969946175,YouTube,2,Education,16.949750714965344,1,6.484462098878301,Medium,8.534953123574024
13,Male,Brazil,2.1892536528962667,YouTube,5,Entertainment,13.126802406083296,0,9.037366973459982,Low,51.549653815297965
13,Male,Australia,3.323590615610781,TikTok,2,Entertainment,43.6139940889025,1,7.489795378818417,Medium,42.05187418542339
14,Female,UK,2.684234361912339,TikTok,2,Entertainment,23.67291011072876,0,8.221306822642699,Medium,17.6823388488282
19,Male,USA,1.0908686675916544,Instagram,1,Entertainment,42.2784155880346,1,9.801404650223732,Low,32.41015324395709
27,Female,Brazil,2.2388513724304087,Instagram,3,News,13.234494114096911,0,9.773833180341342,Low,11.400141156503537
27,Male,USA,4.737172117903008,Instagram,5,Entertainment,12.438641678173257,1,3.479547615899562,Medium,29.90278208074724
26,Female,India,3.3658451118718062,Instagram,2,Entertainment,29.778560494978464,1,6.519001870955031,Medium,58.11448990584833
23,Male,India,1.0973199112621268,Snapchat,1,Content Creation,27.859890720714613,1,7.339379919706314,Low,49.96769240255455
23,Female,India,6.374866763428516,Twitter,1,Entertainment,24.374036210953456,1,4.491597053148992,High,41.89666203714544
27,Male,Germany,5.827474784329926,YouTube,3,Education,22.98838052546782,1,4.38645239341786,High,66.37658338717208
23,Male,Germany,3.072188342152235,YouTube,3,Education,14.82926417496724,1,7.113803303522146,Medium,20.791180576387937
27,Male,India,6.162332005386755,TikTok,5,Entertainment,18.181982504512757,0,6.094420682566533,High,62.23222485541047
25,Male,India,1.977012132419652,TikTok,5,Socializing,35.117486335662505,1,7.810277952077931,Low,43.68850291574132
27,Female,Germany,4.229656784887091,TikTok,5,Entertainment,22.96171649366637,1,5.906830465301593,Medium,50.738579265980185
21,Other,India,5.263745330435191,Twitter,1,Socializing,17.563146702294045,1,6.773294953654845,High,33.40427342798718
24,Female,India,1.4088554901323045,TikTok,5,News,30.91133611427873,1,9.11981610195705,Low,26.38439808800054
14,Male,India,4.099860069774668,TikTok,1,Socializing,31.445049086830227,1,7.294191860265963,Medium,41.38458848365902
16,Male,Canada,6.01431943144712,Twitter,5,Entertainment,15.862364997098224,1,6.492371817923965,High,42.1862663589818
22,Female,Germany,1.947935012602923,Snapchat,5,Entertainment,26.31732099862055,1,8.735661250180822,Low,36.104985210625664
26,Male,Germany,4.818795290940929,Instagram,1,Education,36.72282071685054,1,4.623953736290218,Medium,48.9012370783585
19,Female,India,1.316727652025128,Twitter,3,News,16.214928871260597,1,9.234291401648209,Low,23.99742107270263
18,Male,Australia,5.175158821248531,TikTok,2,News,25.01630182552735,0,5.225427007733261,High,54.78998967897732
22,Male,India,1.9229124571224496,TikTok,4,Education,21.625356146144263,0,8.203206960413281,Low,76.62155237439578
16,Male,USA,4.431609530328228,YouTube,4,Entertainment,24.3489983604959,1,7.310991851305334,Medium,65.30848563299062
19,Male,India,2.633027710150052,YouTube,4,Entertainment,18.925614506530817,1,9.403683483114971,Medium,31.004623738431675
24,Female,USA,4.205036804099239,Instagram,1,Entertainment,26.5428072070433,1,6.066691311325398,Medium,14.241619897891772
18,Male,Australia,3.3869524891502016,Instagram,4,Socializing,34.56639258078754,1,6.545637154929824,Medium,28.10989752749797
17,Male,USA,2.2082573995436863,YouTube,1,Education,46.63425210172555,0,10.0,Low,56.92270533582085
22,Male,India,4.797186853552001,YouTube,3,Socializing,33.38585392335345,1,6.4780964858455565,Medium,45.50942829957239
13,Female,India,0.7581653774310175,Snapchat,4,Socializing,36.19362016069621,0,10.0,Low,28.447277617275976
21,Male,Australia,2.6175026019986567,Twitter,1,Education,19.74840904772866,0,8.524075644183021,Medium,0.6084895685021081
18,Female,Australia,1.7325624844830605,Twitter,5,Entertainment,26.507306971484667,0,9.357109120343845,Low,75.13621160554871
24,Female,India,2.466494673820592,YouTube,5,News,8.832613518414771,0,6.817465898104024,Low,13.07405600978466
26,Male,USA,1.7084061974371296,TikTok,5,Education,21.823673852432613,1,9.453738725941305,Low,51.85724810082752
25,Female,Australia,2.7420854179097947,YouTube,2,Entertainment,15.161777272967855,1,7.647966697024811,Medium,50.71540032463475
20,Female,UK,1.603074550468102,TikTok,2,Entertainment,20.46293585445905,1,7.806769788931403,Low,2.948760453874172
26,Male,Germany,3.7911012556083303,YouTube,2,Socializing,34.49064745073744,0,6.27162780218374,Medium,43.196339110448
17,Male,Germany,2.683875579151147,Instagram,2,Socializing,30.57109080314926,0,8.66708005993095,Medium,0.0
20,Male,India,3.85738125387537,Twitter,3,News,26.939592154699216,1,7.000420775873459,Medium,72.69714629968342
26,Female,Canada,1.9801244083312923,YouTube,2,Socializing,36.39806119283016,1,8.114355351518247,Low,75.59738414300622
21,Female,India,4.578105525189713,TikTok,1,Entertainment,30.72831429878052,1,5.064073670948344,Medium,55.02517571375316
20,Female,UK,2.9420567097107173,TikTok,5,Entertainment,38.3253559977999,0,6.558005143293742,Medium,36.86625427819115
26,Female,India,2.1817159247072944,Instagram,2,Content Creation,29.309114254360985,1,6.415450894289026,Low,51.95733692343046
21,Male,India,4.299594235968441,TikTok,2,Education,25.6475649620691,0,5.496934123157013,Medium,37.36322328599565
20,Male,Brazil,4.50283734951366,Instagram,3,Education,11.918653256566438,1,7.131246684666275,Medium,0.2230645873938215
16,Male,Brazil,3.892005599065498,TikTok,3,Education,26.893223286682822,1,6.503086238168434,Medium,60.48487284464636
26,Male,India,4.019805526229146,Twitter,4,Socializing,37.46129217980094,1,6.621952665385635,Medium,59.96918548984125
18,Male,India,2.9477656083193584,Instagram,4,Socializing,15.042262909500202,0,7.984429587068607,Medium,30.066603236192947
16,Female,Brazil,1.944438917776171,Snapchat,2,Entertainment,29.40824495868518,1,10.0,Low,67.60319545047108
26,Male,Canada,1.66631632555313,Instagram,3,Entertainment,7.488323098673035,0,7.0525453381184615,Low,32.47084938001101
26,Male,UK,1.6383696399239889,YouTube,2,Socializing,33.580144971086256,1,8.829956521989292,Low,24.13265602805205
14,Female,Brazil,2.3987791287134046,TikTok,3,Entertainment,29.968369906733592,0,8.197473094901081,Low,40.90746471572475
17,Female,UK,5.081639538522646,YouTube,1,Entertainment,10.022520888889655,1,5.666840550205577,High,61.28135831212207
21,Female,UK,1.7531859955905906,Instagram,3,Education,21.10037752797517,0,6.381600773118016,Low,38.83265741732091
17,Female,India,1.357138347597982,Instagram,5,Socializing,5.0,1,8.556822537160064,Low,59.65229410331401
22,Male,USA,3.1553370514910566,Snapchat,4,Entertainment,37.31964095322581,0,6.183107455689363,Medium,51.29285858878349
21,Male,India,2.872514092588057,YouTube,1,Entertainment,23.13505419429385,0,7.574344129789698,Medium,13.635354304824272
14,Female,USA,2.889198308085089,Instagram,5,Education,27.32087580678109,1,7.048054311727006,Medium,63.69567835384558
27,Male,India,3.2394717524742016,Instagram,2,Entertainment,24.631055935244504,1,7.427209405272672,Medium,0.0
23,Female,Australia,1.50898383993477,Snapchat,5,News,27.34657534485259,1,8.385101739496442,Low,43.67466669630743
14,Male,UK,4.473044395788719,Twitter,2,Socializing,11.238176541499188,0,6.405250550789656,Medium,28.60575487996997
13,Female,India,5.052676687505407,YouTube,2,Entertainment,9.55118571105205,0,5.17238682903082,High,45.45437705220994
15,Female,India,1.0438184439923663,Twitter,3,Entertainment,18.790799261604786,0,10.0,Low,49.294571973251664
26,Male,Brazil,3.762602388657072,YouTube,1,Socializing,13.596527897574637,1,5.465470116828118,Medium,49.21634694243753
18,Male,India,3.7299295915440576,TikTok,1,Socializing,16.11570829064977,1,5.898645675262801,Medium,20.879268135924075
23,Male,India,1.0986711193350942,Snapchat,3,Content Creation,22.74476534777188,1,9.870265426992344,Low,22.19969645572402
26,Female,USA,4.7350259288006615,TikTok,5,Socializing,34.02573555015624,0,5.189255991883165,Medium,37.36271954707416
16,Female,India,2.2012739190133432,YouTube,4,Entertainment,21.15479197813546,1,8.75776734973269,Low,58.30389090727422
25,Female,Brazil,4.873253392160909,Twitter,4,News,22.56344588413501,0,7.215295602961149,Medium,14.298069252180788
27,Male,Germany,3.838609282099354,Snapchat,3,Entertainment,14.006917117374272,0,7.344032876432836,Medium,35.4390234242798
19,Male,India,3.636605259660684,YouTube,2,Entertainment,23.96579742256877,0,7.777371735515512,Medium,28.78435280702753
21,Other,India,3.979065316290008,YouTube,3,Education,38.38954687901153,1,7.4896811982962515,Medium,73.96933730797774
17,Male,Canada,5.901194686169879,Twitter,1,News,22.96703451818641,1,7.529179573388232,High,23.56201524229292
13,Female,India,3.089262855542456,YouTube,3,Education,36.89043502968595,1,8.637039842505416,Medium,62.61117626928957
26,Female,USA,2.681944160188711,TikTok,5,Education,24.82790873973243,1,7.895071489242583,Medium,50.15563556314552
23,Male,USA,4.018707350759187,Snapchat,1,Entertainment,19.87038360412653,1,6.533366791483296,Medium,53.5881145708736
16,Male,Germany,0.8628063946543394,YouTube,2,Entertainment,28.055052660574525,1,9.984956947035553,Low,39.337463462507806
15,Male,Brazil,3.1922423782472804,YouTube,2,Entertainment,40.83672335042114,1,5.567391711973734,Medium,50.74500451042216
15,Female,India,4.922936987903549,Snapchat,3,Education,17.660311311658585,1,5.965090549814483,Medium,11.445408228822306
25,Male,Germany,4.190670115956015,TikTok,5,Socializing,33.78449408968844,0,6.357482160787154,Medium,21.19729121371937
27,Male,Australia,2.514046898603455,TikTok,5,Entertainment,17.618972915457974,0,7.643286530258627,Medium,38.93057705084199
13,Male,Brazil,2.3212851985196234,Twitter,1,Education,28.960649771755183,0,8.435980572392936,Low,18.2228938124962
16,Male,India,4.945869544781421,YouTube,3,News,25.194445090285743,0,6.297800246397228,Medium,0.0
16,Female,Brazil,3.684748984314364,Instagram,1,Entertainment,22.77443846569717,1,5.812030613831918,Medium,26.524472277943435
25,Female,Brazil,5.965426888974611,TikTok,4,Socializing,17.56650825103808,1,6.296111726385635,High,21.56720383111881
21,Male,Canada,3.703319435429688,YouTube,2,Entertainment,18.966442355856447,0,6.776738912455708,Medium,50.138311469376205
22,Male,USA,5.391115625565676,YouTube,1,Education,5.0,0,4.510622020299664,High,19.305326941039684
17,Female,India,3.609775713106667,TikTok,3,Socializing,20.82512936987935,0,7.573706332660398,Medium,40.158764058484095
27,Female,Germany,1.9849808730943752,YouTube,3,Entertainment,46.22383440157118,1,8.830750239437554,Low,42.22208190151219
23,Female,Canada,1.6747326226348669,Instagram,1,Entertainment,29.3786468121424,0,8.333326197556978,Low,60.44099786633426
15,Female,India,2.389241758815177,YouTube,1,Entertainment,24.262396846376564,1,7.698013155790472,Low,14.10900679249103
21,Female,Canada,3.353859374448315,TikTok,4,News,10.13023060759826,1,6.365508406920961,Medium,29.41952273599485
21,Female,USA,1.4235962786679046,TikTok,5,Socializing,35.084811282751886,1,6.928042396809951,Low,42.49783985392615
17,Female,India,3.9684042616174944,TikTok,2,Education,29.91846376175373,1,4.831398290781874,Medium,49.60968754460179
22,Female,USA,5.820039416961133,Twitter,5,Entertainment,34.2722996472758,1,3.636551375753585,High,45.55614769586731
27,Other,Australia,3.103810621864063,Snapchat,5,Content Creation,25.208977006994942,1,7.222381375710327,Medium,64.501065179823
22,Female,India,3.0732495746602218,TikTok,2,Content Creation,17.864901782919222,0,7.83164880706909,Medium,58.25131017930099
26,Male,USA,5.48684801310975,TikTok,3,Content Creation,37.47565756445832,1,4.489082334171766,High,31.4454918800729
27,Female,USA,6.514989561949342,Twitter,2,Entertainment,5.0,1,4.417476524527005,High,34.18910090141421
19,Male,Germany,6.73955797705508,Twitter,4,Education,26.535215705532615,0,5.469905932629434,High,25.70307890462913
16,Female,India,2.249138986800901,Instagram,2,Socializing,16.631886629211238,1,7.072585825025899,Low,34.2217209633715
17,Male,Brazil,2.66974371136327,Instagram,5,Education,17.794876990153107,1,8.682595714827727,Medium,38.790177639212274
25,Female,Germany,5.060754182990926,Snapchat,2,Socializing,12.71889928317174,1,6.55989490446758,High,60.87840248666296
20,Female,Brazil,5.352213089459624,YouTube,1,Entertainment,25.23104593320493,1,5.602044065062382,High,31.03345953086153
13,Male,India,1.2950730946677087,Instagram,3,Entertainment,28.86550519198405,1,9.595447003218952,Low,24.380253939438845
15,Male,USA,1.4795426567491563,Instagram,2,News,21.983363069002674,1,8.498883869144276,Low,58.22410419575582
20,Male,India,3.5428532351753463,YouTube,3,Entertainment,10.588138468536776,1,5.771277004111432,Medium,53.16901856581181
22,Male,India,3.5205369297352616,TikTok,3,Socializing,42.60219887679291,0,7.562084207829786,Medium,24.977160387894266
20,Female,Germany,4.84591596944982,TikTok,5,Entertainment,41.82968833047303,1,7.380522894420705,Medium,41.67614039439023
21,Female,Brazil,2.7183305553691195,Instagram,2,Education,25.64273832280618,1,7.659273648056022,Medium,30.688974969590365
21,Female,UK,6.210434381356712,YouTube,2,Entertainment,26.433251806734223,0,6.10352676728311,High,17.684091204241817
14,Female,India,5.546333572358498,TikTok,4,Socializing,28.99075222271636,1,6.719084915497499,High,8.120217177652307
16,Male,Canada,2.398981354596727,Instagram,2,Entertainment,12.755561980743671,1,5.973844001903508,Low,48.15238877109476
16,Female,Brazil,2.9606954166042008,Twitter,3,Education,33.11616106345346,0,8.225379138329384,Medium,58.46308560205827
21,Male,Brazil,3.0057183557216804,Instagram,5,Education,8.902993614410917,0,5.242000934308605,Medium,29.4844404762841
26,Female,India,3.4421650376945307,TikTok,1,Entertainment,18.770307017548845,0,7.534241830428725,Medium,47.96558797400292
23,Female,India,2.853633084180477,Instagram,3,Content Creation,32.05480601665967,1,7.518431387401135,Medium,30.1604732592658
27,Male,India,2.130462382983997,Instagram,5,Socializing,18.0083912820942,1,8.890611726521968,Low,22.05108750807469
15,Male,Canada,5.170193577340427,Snapchat,2,News,24.76848084830599,1,5.922200280261896,High,74.77767246397111
25,Female,USA,5.284259609157155,TikTok,2,Socializing,15.084098096982462,1,5.803453939576617,High,40.50626309371833
23,Female,Germany,3.888702622600452,Instagram,3,Entertainment,21.150944671363018,1,8.886483652176466,Medium,19.90666166778293
16,Male,India,2.775493602591166,YouTube,1,Education,29.64451468713376,1,7.024597165093518,Medium,43.199396176723454
13,Male,India,2.495078819488013,YouTube,5,Education,12.022080799447822,1,9.11875892284004,Low,29.63691993597101
25,Female,UK,3.2406531144782176,YouTube,3,Socializing,24.983641409757716,1,5.455991872080644,Medium,56.22968117630836
16,Other,India,2.7441681199689327,TikTok,3,Education,35.85153892064258,1,8.317444090399281,Medium,54.90934129569331
27,Female,USA,3.510810967388733,Snapchat,2,Entertainment,42.4530670307467,0,5.861145750516819,Medium,63.89762233076183
20,Male,Brazil,4.935777256338563,Instagram,5,Education,39.6907225645611,0,5.962289315830247,Medium,36.52565253773592
14,Male,Brazil,3.217068993562079,TikTok,3,Entertainment,27.576260348817435,1,8.085461989426385,Medium,14.252807239536075
23,Male,Germany,0.5,Snapchat,2,Content Creation,20.387434502589517,1,8.189506125715099,Low,24.247309725597308
15,Female,USA,3.769764294882137,Twitter,3,Socializing,20.99693116784189,1,7.674956232453454,Medium,0.0
27,Female,India,3.179116615598715,TikTok,5,Socializing,6.947649767509823,0,8.22056375146682,Medium,24.15799501556745
18,Male,Germany,3.5400825424222164,TikTok,2,Socializing,6.2416582095993824,1,7.826457835226163,Medium,13.463674653696527
14,Male,Germany,4.621359357209841,Snapchat,4,Entertainment,37.91941698609462,1,4.48061805785087,Medium,11.23677953893062
27,Female,Brazil,1.1134243672676276,Snapchat,4,Entertainment,21.20071886471889,1,8.7757987981897,Low,28.749981171219613
13,Female,USA,2.2986327767272643,Instagram,5,Education,52.15959048734956,1,7.969508005434183,Low,63.340862119115855
24,Male,India,3.1857959686334265,Instagram,3,Entertainment,33.705002042539064,1,8.02788044415274,Medium,13.480859471029785
20,Female,India,1.7931366062693197,Instagram,2,Education,21.958798766938045,1,7.600236262681576,Low,67.03251365967424
17,Male,UK,6.446636771739846,Twitter,1,Entertainment,17.23666120402315,1,3.298178537846999,High,51.54022623611198
24,Male,USA,2.0540935986986213,TikTok,2,Entertainment,20.529652632466984,1,9.820749637674416,Low,53.29168531341448
18,Female,USA,5.669891990669244,TikTok,1,Socializing,24.246681200858923,1,5.505930014242862,High,51.12096990988185
21,Female,India,0.5,Instagram,1,Education,15.417826973070945,0,10.0,Low,36.26263183140088
15,Male,Canada,3.652762300353921,Snapchat,2,News,28.76474567726289,1,7.433782624961299,Medium,37.247372853188985
13,Male,USA,3.92121304417082,YouTube,3,Entertainment,46.42749949497333,1,7.223344337092969,Medium,22.79213624371103
21,Male,Germany,1.87983425516162,YouTube,3,Socializing,17.631789065777333,0,9.07236140863413,Low,31.91460872462606
23,Female,Brazil,3.970269997072329,Snapchat,2,Entertainment,21.52176296687948,0,6.044518418267962,Medium,40.9873672007797
21,Male,UK,1.9951314658490584,Instagram,4,News,20.4930726327899,1,7.562879656434498,Low,53.60673189084033
27,Female,USA,4.135504527210782,YouTube,1,Socializing,18.06288799505689,1,7.277296477775743,Medium,43.93970278870159
13,Male,Germany,3.7398648356211033,TikTok,3,News,9.724662768650788,1,7.600271519113217,Medium,35.3627626128345
23,Male,India,2.966447427674052,TikTok,4,Entertainment,22.27933821117759,1,8.385338518447046,Medium,32.905953847443044
27,Female,Canada,4.718311487504657,YouTube,4,Socializing,22.142723781336617,1,7.950701017423903,Medium,49.274985504959794
25,Male,India,2.911284927182035,Instagram,5,Entertainment,18.416026780612384,1,8.641785123446947,Medium,8.0559798899146
17,Other,Australia,1.4824069527699733,Snapchat,4,Entertainment,30.801927378760155,1,9.90778017829992,Low,26.80591694640507
13,Male,India,3.552923583644476,Snapchat,5,Entertainment,28.666482551226352,0,7.344338931835843,Medium,21.476019189803363
25,Male,India,1.5586471903143857,TikTok,5,Education,37.904399825245,0,9.290354790930513,Low,47.67606168675694
16,Male,USA,5.003846295476622,Instagram,3,Entertainment,31.613758263989247,1,5.571665414012932,High,17.395793307855605
27,Male,India,3.613689033587271,Snapchat,4,Socializing,25.557842119454705,1,7.460127629879167,Medium,56.77595802013754
24,Female,USA,3.341314901773716,YouTube,1,Education,14.330272960708385,1,8.543202507936876,Medium,57.34943579447192
14,Female,Australia,0.9314579598309836,Instagram,1,Entertainment,30.144351496356197,0,8.155883753817424,Low,43.88310739274645
24,Female,India,4.963665262257585,YouTube,4,Content Creation,32.5200867340618,1,6.208242062063845,Medium,23.500441354777568
26,Female,UK,4.099929712236555,Snapchat,2,Socializing,39.34195436104393,0,6.052635911745564,Medium,45.17413904051283
24,Female,UK,5.642622691636543,Instagram,4,Education,22.154246059553547,1,4.887937815165095,High,2.652104025164313
24,Female,USA,3.51604875537368,TikTok,5,Entertainment,27.40162991096365,1,7.45661716679364,Medium,18.655661150880047
14,Male,India,1.5872802222743334,YouTube,5,Education,48.366186221368594,1,9.238443204411794,Low,35.39723713372436
13,Male,India,3.3640646222690864,Instagram,2,Education,22.97453587603861,1,6.978364645613394,Medium,8.744127182634855
23,Other,USA,3.1689503581629364,YouTube,5,Education,17.917342781004937,1,7.981041403376237,Medium,44.08026595903643
13,Female,India,2.2063189616857093,TikTok,1,Entertainment,13.89886795561324,1,9.447951435960167,Low,47.29516962197387
14,Male,India,4.625778102360588,Instagram,1,News,20.60207514236567,0,6.795339064068098,Medium,48.27889781362652
24,Female,Germany,2.278999970115726,Instagram,5,Education,33.19536020534112,1,7.589978140833278,Low,0.0
20,Female,India,5.226793531889851,Twitter,5,Education,32.248137523118466,1,5.2387589742959,High,22.81194788427486
19,Female,Germany,4.488344378229614,TikTok,5,Socializing,34.23380293335198,0,6.680531492074829,Medium,38.86658373197779
18,Male,UK,2.8163048318512995,TikTok,2,Entertainment,5.0,0,8.499626035267736,Medium,57.57824856634561
27,Male,Canada,2.06943575144878,Snapchat,3,News,44.77967112623396,0,7.519655522950117,Low,71.91710149231653
16,Male,USA,3.140574461377711,Instagram,3,Entertainment,25.97629823709181,1,7.525069610186456,Medium,60.00742710937487
22,Female,USA,3.364912872465605,Instagram,2,Entertainment,45.68238348101062,1,7.862987810247051,Medium,71.56373999628178
17,Female,Germany,0.6986110643571886,YouTube,2,Entertainment,20.98293858026657,1,8.367727772033055,Low,58.68387662661927
20,Female,India,2.304668050577307,Instagram,2,Entertainment,23.20489772871009,1,8.38250024964663,Low,63.45385209342504
16,Female,Germany,4.945418363454147,TikTok,1,Education,5.8894930351892185,0,4.882023496291314,Medium,62.68102304521682
15,Female,Canada,6.199716858828452,TikTok,2,Entertainment,26.434989215565714,1,4.712277571012329,High,44.7009522021573
25,Female,Germany,2.443709830759331,TikTok,4,News,17.704147144369408,1,8.440129789331817,Low,25.066619744812883
17,Female,Germany,2.57916936738195,Snapchat,1,Education,30.93488387891545,0,7.948328574910481,Medium,38.95860312345105
23,Male,Brazil,5.767333954833547,Instagram,5,Entertainment,21.889995152053807,1,4.519104883960185,High,44.5683583094854
26,Male,USA,6.407794918655643,YouTube,4,Education,6.676618748037129,0,7.565632295619001,High,27.404650682033456
16,Male,India,2.5990384314796864,Instagram,5,Entertainment,24.996004241291715,0,8.178309283587826,Medium,22.17513691929765
15,Female,USA,1.115387611686403,Twitter,5,Entertainment,30.640661082250503,1,9.386348607152115,Low,37.53688644246206
27,Female,USA,3.6033887501421487,Instagram,3,News,32.26224232636187,1,4.87172519550728,Medium,2.920259246172151
18,Female,India,1.2638864651960375,Twitter,2,Entertainment,30.804497748591796,1,9.34505811643725,Low,10.60092580226414
26,Male,India,7.50486127938696,Instagram,3,Entertainment,15.438843086537544,1,3.62101075622734,High,62.09974676663823
16,Female,Australia,4.580088530885761,TikTok,5,Education,24.3857072955211,0,5.848067876444784,Medium,20.475496926950733
17,Female,India,3.998786164685258,Snapchat,1,Entertainment,24.911401414329845,0,6.27437895023668,Medium,43.11074684508684
22,Male,India,5.639955297235589,Instagram,1,Education,31.683437208296443,1,6.835587798901904,High,54.98881103081284
19,Female,Brazil,2.318160302433512,Instagram,4,Entertainment,29.140913534741934,1,7.657258832802265,Low,84.51853712381102
20,Female,USA,4.462661544304848,TikTok,5,Entertainment,5.0,0,6.310784452899695,Medium,74.57959398663839
22,Male,UK,2.0949637754296826,TikTok,4,Entertainment,24.13560580125445,0,9.143083902376652,Low,45.23518707756047
16,Male,USA,5.187240523654386,YouTube,5,Entertainment,5.0,1,6.294140625406771,High,21.10550049426484
20,Male,USA,5.839681567206581,Instagram,4,Education,22.747598120155043,1,5.798420021582765,High,65.49355492414578
13,Female,USA,2.6284054015887444,Instagram,3,Education,23.869134006614622,1,8.801615210874882,Medium,71.08853418073232
18,Female,USA,3.938909361760171,Twitter,2,Socializing,39.482652335972894,1,5.555151191566427,Medium,49.04397013919066
20,Male,Canada,4.326650755350311,YouTube,1,Entertainment,27.62761623554717,0,5.154753545985467,Medium,24.218595661954406
18,Male,USA,3.095444321007981,YouTube,2,Socializing,39.78092499982522,0,6.491884378092771,Medium,18.385709295679867
19,Female,Canada,4.139351787795193,Twitter,4,Content Creation,36.410006537709634,1,7.395473263184142,Medium,10.45228958725962
18,Female,Brazil,2.3697323427640598,Snapchat,1,Socializing,25.772761409682023,0,8.796347093315205,Low,30.75518971085937
17,Female,Brazil,2.6448161961786174,Twitter,5,Socializing,43.35322168318627,0,7.841763979185069,Medium,45.417830462210254
21,Other,Canada,5.345001728990306,TikTok,1,Entertainment,47.16403917269739,1,5.058601958763744,High,63.14242178091238
19,Female,Canada,4.457762969420642,YouTube,5,News,38.599535772182406,0,6.158592226064421,Medium,21.88269945092345
20,Male,Brazil,4.417982206307187,YouTube,1,Socializing,30.99877121114651,0,7.824542540717644,Medium,43.51131722695916
19,Female,USA,3.1421382001879974,Instagram,3,Socializing,26.274719947294876,0,7.733907066799536,Medium,22.87492785204107
18,Male,India,2.295228908773597,TikTok,1,Socializing,8.657430911232801,0,7.334972272187392,Low,72.3606124566478
26,Female,USA,3.959442543525297,YouTube,1,Socializing,13.754063552374577,1,6.703877132555009,Medium,27.795359647453672
13,Female,India,3.207529852481894,TikTok,4,Socializing,30.38069908516701,1,7.918819435161522,Medium,8.837609192759132
26,Female,USA,3.6103377196085793,Instagram,3,News,17.33600409801344,1,6.730002140901751,Medium,47.704569517191786
13,Male,India,1.0756092978438971,TikTok,4,News,40.36645492091712,1,8.58037743084305,Low,13.973352566203513
19,Female,UK,3.2147291854793987,TikTok,5,Entertainment,35.85714267281962,1,5.7277000992001605,Medium,37.73260997874027
21,Female,Germany,3.6728596015247463,Snapchat,3,Socializing,23.3522532787636,0,7.092715626509079,Medium,42.65809859044175
21,Male,India,6.437541507186492,TikTok,2,Entertainment,21.816057228959394,1,5.052732043928174,High,60.08527812501744
22,Female,India,2.176648154734821,YouTube,4,Entertainment,37.57458400989309,0,7.732247893487104,Low,39.334141585168
27,Male,UK,4.6311522162335805,YouTube,3,Entertainment,22.41541428720764,0,5.736478912290352,Medium,68.68903601148716
15,Male,Australia,3.910670678636423,Twitter,5,Entertainment,13.773515007423557,0,7.759560564238384,Medium,59.04012271847128
25,Male,India,1.6324853208576848,Instagram,5,Education,30.52334087583975,1,9.938142358536687,Low,33.25482034375498
24,Male,USA,3.988059739475728,TikTok,2,Education,10.510103025510393,1,7.289337852238768,Medium,42.882592035233245
27,Female,India,2.206574759140662,Twitter,3,News,24.39054815762817,1,10.0,Low,28.60054895744761
14,Female,India,3.5967212624881824,TikTok,2,Content Creation,35.34693563060233,1,6.688227598606091,Medium,42.74781433020815
27,Male,Brazil,0.5,Twitter,1,Socializing,23.307153995538712,0,10.0,Low,41.78495171658531
19,Female,India,3.80900089178824,Snapchat,2,Entertainment,27.17153144545368,1,7.576372164954896,Medium,3.674832193942557
25,Female,India,6.614273525995607,TikTok,4,Socializing,18.432900530540262,0,2.639222729909663,High,10.94962910880706
23,Female,India,4.2206710204617295,Snapchat,1,Socializing,22.87517481551987,1,6.268657373125474,Medium,45.436671536429
17,Female,India,3.559544427100686,Instagram,3,Entertainment,45.120537370967625,1,7.817262196750002,Medium,65.7173481083758
18,Female,Brazil,4.549023143897758,TikTok,2,Entertainment,27.71002840208511,0,5.849497086092852,Medium,61.47551931397406
15,Female,Australia,3.024890934014118,YouTube,4,Entertainment,18.18028985235884,1,8.141813826638215,Medium,36.0466743358137
19,Female,India,3.759406634761739,Twitter,2,Education,48.47583316141509,0,5.925594285493207,Medium,10.677373892093534
20,Male,India,6.29671530273035,TikTok,2,News,29.00365898509505,1,4.990450672465728,High,88.91660339282731
21,Female,India,3.684250900879881,YouTube,2,News,17.928331661404208,0,6.433167293922846,Medium,40.00292611456705
24,Male,Brazil,3.718837405376036,TikTok,5,Entertainment,37.85143409228969,1,6.8123608434766005,Medium,37.55770896339488
16,Female,Canada,2.787112617633152,Instagram,5,Education,24.403114200333608,0,6.965249853832777,Medium,66.41803289658336
18,Male,Brazil,4.7701593488366125,Instagram,1,Content Creation,9.409793212258965,1,7.692759055123303,Medium,53.39085842895524
16,Male,India,3.5286510523996406,YouTube,1,Content Creation,26.901419813866458,0,8.076521870603894,Medium,50.467530116607
16,Female,UK,5.336632005438359,Instagram,5,Education,13.733182937124075,1,6.664055478791615,High,69.35731732574865
24,Male,USA,1.5244319700041409,YouTube,1,Entertainment,11.19972899974382,0,6.418995433955275,Low,31.23499801967151
25,Male,UK,2.7439719248711927,TikTok,3,Socializing,40.85583754852518,0,9.24612771551284,Medium,37.89988488345352
19,Male,UK,2.2794000900654945,YouTube,2,Education,14.980565947317103,1,8.186365234638759,Low,62.189098952203
17,Female,Canada,4.565736831561701,YouTube,1,Socializing,43.43351915141885,1,6.130871035983327,Medium,41.73036346460433
14,Female,Germany,4.065581075360151,TikTok,1,Education,36.930895161507365,1,8.2376473646955,Medium,27.017588624382118
25,Male,India,3.4214176153991125,Snapchat,5,Entertainment,29.43740205226274,1,6.695543001350545,Medium,15.12817772050206
21,Male,Brazil,2.128607932757824,YouTube,3,Socializing,23.76317307368061,1,9.300324255938456,Low,53.43820139654891
22,Male,USA,5.8076743446448855,Twitter,4,Entertainment,15.232130392403674,1,5.131716672173072,High,8.93011654842416
21,Other,India,2.563772796856414,Snapchat,5,Entertainment,33.72483893654183,1,8.417931027608445,Medium,67.2894063175844
19,Female,India,2.2352203073565877,YouTube,3,News,18.540551876670467,1,7.988841801943924,Low,7.624723181436515
19,Male,Brazil,2.448593910730069,Instagram,5,Education,14.067784837155289,0,8.489873321380344,Low,36.68331394087649
20,Male,UK,1.0799649678888263,YouTube,5,Education,23.18443928559548,1,8.956826374104507,Low,14.199303420174058
15,Female,India,6.833876257454807,Instagram,3,Entertainment,21.10227356983816,1,4.9388302482908095,High,56.270182764234704
14,Female,Germany,2.637634060450983,Instagram,3,Socializing,31.028464087590784,1,7.518844505631927,Medium,22.433912778181544
13,Female,UK,2.524517896353803,Snapchat,2,Entertainment,14.282482567325696,1,8.619049807316316,Medium,46.10756102806497
18,Female,Brazil,3.637413182284447,Instagram,5,Entertainment,23.76430619815063,1,6.081926231925443,Medium,1.3321389313933736
21,Female,USA,3.3155657196387947,TikTok,2,Socializing,27.522078761115623,0,5.908329475194422,Medium,11.205985634677097
23,Other,UK,3.739255955357177,Instagram,5,News,20.753142151689847,1,5.975067370213188,Medium,25.89795817673418
25,Female,India,2.951182899872819,YouTube,3,Entertainment,21.479635872437317,0,6.542506123712823,Medium,28.15465204717993
16,Male,India,3.1929648412638216,Snapchat,1,Socializing,21.676648344697256,1,8.73128806174883,Medium,52.91379635014167
21,Female,India,3.6053187631065793,YouTube,5,Education,32.941576195571784,1,6.012603708752959,Medium,66.79995054918928
26,Male,Australia,4.145344281767286,Instagram,2,Entertainment,23.87988340843238,1,8.662706817736648,Medium,21.99576779432317
19,Male,USA,4.108847825454655,YouTube,3,Socializing,35.3945128109035,1,6.075751123982117,Medium,28.11546383286492
25,Female,Brazil,3.6223686885666777,Snapchat,5,News,7.379643928358753,1,5.561108540552629,Medium,86.30502579712397
27,Male,India,4.50561220981619,TikTok,1,Education,20.420677548535537,1,4.234424516549753,Medium,62.38210055345793
24,Female,India,2.66790816145138,Snapchat,4,Entertainment,14.821947969523276,0,8.857082408271612,Medium,69.4729682555015
19,Male,UK,4.072802530485509,YouTube,3,Socializing,33.830796313016805,0,6.677388703269289,Medium,57.00185522543485
20,Male,Canada,6.034427298775134,TikTok,1,Socializing,22.609682604412228,0,7.093373143101288,High,19.911126289649665
15,Female,India,5.131701173636873,YouTube,1,Entertainment,16.52101759716265,1,5.124019464937181,High,75.65733885639224
18,Female,USA,5.949653131412244,YouTube,5,Socializing,36.28320573355172,1,6.038858506214038,High,20.518009301390048
21,Female,UK,3.1771230103219,TikTok,5,Entertainment,5.0,1,7.013403967993083,Medium,41.301789502860935
13,Female,UK,1.7761088297923142,Instagram,2,Entertainment,20.24750391160569,1,7.432060417864386,Low,37.265242047994455
26,Female,USA,2.244585857949905,Instagram,5,Education,24.23170605437892,1,8.036565750085005,Low,48.22337329947241
21,Female,UK,4.250579182519648,YouTube,4,Entertainment,11.356935446972203,1,6.418627967632091,Medium,23.493506286475256
19,Male,India,2.249504301386489,Twitter,4,Socializing,25.668869824861822,1,9.761511765137506,Low,34.11337210862163
24,Male,Australia,3.6018189720155647,Twitter,5,Entertainment,22.96575530532536,1,7.811748204688592,Medium,38.35251062250138
18,Female,India,2.5440527321959414,YouTube,1,Socializing,21.5459083838754,0,8.967654788220553,Medium,35.6639414553818
13,Male,USA,6.109056673714248,Instagram,2,Entertainment,7.008009580534591,0,6.109095680938046,High,26.742421767478252
13,Female,UK,0.609990722446458,YouTube,5,Entertainment,35.665840146899406,1,8.837100283658204,Low,5.832051689507992
16,Male,USA,0.8570473462643862,Twitter,3,Entertainment,34.84003747240823,1,8.841376501122044,Low,18.510162626864894
25,Female,UK,4.681077078814574,Instagram,4,Socializing,12.471029872115844,1,7.530491461796879,Medium,45.31540772719272
27,Male,Australia,4.5934593655452325,Instagram,2,Entertainment,40.87130507050284,1,6.309796822379259,Medium,59.40611958654304
20,Other,USA,3.112461346848325,TikTok,5,Entertainment,13.969769900810489,0,7.144262722338118,Medium,68.92182616838008
23,Female,USA,2.653043493016697,YouTube,1,Entertainment,17.019721772627314,1,6.013080012486686,Medium,64.30814447241644
24,Male,Germany,5.981572866594686,TikTok,5,Socializing,17.65154656444853,0,5.885186154985933,High,53.10085260472202
25,Male,Germany,2.1438457141052005,YouTube,4,Content Creation,41.836021630417726,0,8.381917052181642,Low,47.04762337676451
27,Other,Brazil,2.961520251828881,TikTok,2,Entertainment,23.26374427348155,1,7.000796912716613,Medium,19.710499711120526
26,Male,USA,5.486483584375952,YouTube,4,Entertainment,33.78003825229558,1,4.974828530226553,High,77.05253448195853
14,Male,Brazil,3.5715569369917968,Twitter,4,Entertainment,34.42846021380397,0,6.417275682753913,Medium,32.76319866565646
14,Male,Canada,5.44159583882755,YouTube,4,Socializing,27.62561779977153,1,5.030055714137615,High,30.505984088833365
16,Female,India,3.428227329100296,Twitter,3,Socializing,23.60473505425337,1,9.634503998426151,Medium,23.28788318117765
22,Female,USA,3.0408223323989274,Instagram,5,Content Creation,40.42498630929335,0,9.40531651925678,Medium,46.08856746598161
21,Female,USA,5.598900240395477,Instagram,2,Education,5.0,1,6.800622252570695,High,25.40002716634617
23,Other,UK,3.231614703846202,Snapchat,1,Entertainment,20.02541321572242,0,7.939164076717221,Medium,58.72879962634835
24,Male,India,2.0202808925408786,YouTube,2,Entertainment,15.004140615254409,0,8.803664996010413,Low,0.0
13,Male,Canada,0.5,Snapchat,4,Entertainment,20.944217214261293,0,10.0,Low,0.0
19,Male,India,2.573086082961122,Snapchat,1,Entertainment,5.0,0,8.198506336990565,Medium,10.991210394480806
25,Female,India,3.233428735351667,TikTok,5,Entertainment,37.86641299265922,0,7.139381048617177,Medium,18.176540407760022
20,Female,Brazil,0.5,YouTube,4,Entertainment,21.632983134381465,1,9.15597708458075,Low,78.8354043264602
20,Male,India,1.8760968706549108,YouTube,2,Entertainment,24.831214834819907,0,8.341589524978767,Low,75.54694238178202
25,Female,India,0.5,Instagram,3,Entertainment,37.40453070222146,0,10.0,Low,48.550462504660224
22,Male,Australia,3.0308161842520565,TikTok,4,Entertainment,7.277455079081378,0,7.78418172127637,Medium,39.96602236449017
19,Female,India,3.50799501890439,Instagram,4,News,17.267256380486003,1,6.495682862743887,Medium,27.195572603761214
18,Female,Brazil,2.4619182495775016,TikTok,2,Education,34.42858803832021,0,7.036983400942181,Low,31.699327077401176
16,Male,Germany,3.0705778921569182,Instagram,2,Education,37.108060022125535,1,7.537586394915831,Medium,48.45607217398087
18,Female,UK,2.75062922585422,TikTok,2,News,27.42104422567287,0,9.310904609072498,Medium,70.27034803966878
22,Female,India,1.9903401088505712,Instagram,4,Entertainment,15.012636077225512,0,7.833699108775954,Low,48.65865365264734
21,Male,USA,5.650464016071744,Snapchat,1,Socializing,30.40071528015418,1,5.111040808883798,High,68.80549475425423
23,Male,USA,5.619656254633615,YouTube,2,Socializing,12.262415617287996,1,6.240537729688977,High,37.53679057222816
17,Female,USA,2.929572293605111,TikTok,5,Education,10.237625400710662,0,7.236528594080526,Medium,45.81946082820453
18,Male,Brazil,3.648188893043673,Instagram,3,Education,5.0,0,6.788496419406137,Medium,52.85878102830917
14,Female,India,3.2985833257681234,YouTube,2,Entertainment,22.6643611908471,1,6.492341480537601,Medium,48.24164822177052
14,Male,India,4.979912978747609,TikTok,2,Entertainment,17.393283567703797,0,6.689677790552138,Medium,62.89253839256656
15,Male,Canada,8.511626145862309,YouTube,4,Education,11.09141867490994,1,2.6535751693026985,High,34.07060568110812
25,Female,India,4.898142417749555,Snapchat,5,Education,18.44957029821994,1,5.558123188774595,Medium,16.044407486396718
26,Male,Canada,4.061008256520781,Instagram,4,Entertainment,28.76664423298012,1,6.966165060100786,Medium,0.0
17,Male,USA,1.2950442578438084,YouTube,1,News,24.327316603472365,1,7.649339753434938,Low,38.77007032259022
15,Female,Australia,3.55427975512301,Instagram,4,Content Creation,28.85763203972328,1,8.254969594274176,Medium,29.93720071157579
15,Female,India,6.266649810359574,Snapchat,1,Education,23.50922929578633,1,6.080949386315249,High,36.14187191640095
20,Female,USA,3.420137917340772,Instagram,5,Entertainment,28.58543387582125,1,7.475501072965751,Medium,49.72113925079329
26,Female,USA,3.9793748513088314,YouTube,4,Entertainment,18.1470847553412,1,6.773042279103365,Medium,19.95387631730662
25,Male,Brazil,3.0701481977623266,Instagram,3,Entertainment,32.3820710817496,1,7.776199001615209,Medium,50.29032904349154
16,Male,Canada,4.748659523556383,Instagram,1,Entertainment,36.89798634085185,0,5.126682320781997,Medium,63.497440016842816
21,Female,USA,4.564922167031916,Twitter,4,Entertainment,21.52338397296483,1,6.701887361013597,Medium,47.14132138142019
19,Male,Brazil,4.41034640292721,YouTube,5,Entertainment,29.34802372971485,0,5.578355244058154,Medium,88.97843948810021
21,Male,India,5.835569200582307,Instagram,3,Education,32.49570184951605,0,5.4108470945767655,High,70.6793130665143
14,Female,Australia,4.978843880659268,YouTube,2,Entertainment,36.65151941053488,1,5.728061572881084,Medium,45.1164255490973
18,Male,Canada,4.78834944588794,YouTube,4,News,40.38638267378634,0,6.849718705879267,Medium,61.393472837703946
24,Female,Germany,2.408209732129169,Instagram,5,Socializing,10.037082866173112,1,7.159015924621116,Low,32.6621679212381
16,Male,India,3.693707369728587,Instagram,5,Entertainment,44.82453034910152,0,6.123196356212319,Medium,58.72717483674172
13,Female,Germany,3.31168545297701,Instagram,3,Education,33.3128519159502,1,6.728115756285325,Medium,33.8078312493778
21,Male,UK,4.277291444177773,Twitter,5,Education,32.26397594795412,1,6.983567052242543,Medium,29.157818869215745
22,Female,India,6.890068713788211,Instagram,4,Socializing,15.81316408760226,1,5.232397710494769,High,0.0
22,Female,Brazil,3.64402608926688,Twitter,3,Socializing,10.307063099220986,1,7.8955747730873265,Medium,59.8290936201426
14,Male,USA,3.49208459405162,Instagram,3,Socializing,17.378804673150306,1,8.39620191358168,Medium,33.07223761734524
24,Female,Germany,4.286654698682554,YouTube,3,Content Creation,19.576195369513165,0,6.336276126651224,Medium,47.30888237524827
19,Female,India,4.434806370364627,Instagram,5,Entertainment,7.78825538385794,1,6.152180620160808,Medium,72.88461657785489
21,Male,India,4.29854842838049,TikTok,5,Education,24.996960999333247,1,8.116996599852548,Medium,54.25625471586866
22,Female,Canada,2.6799697135132456,Instagram,4,News,26.020088037415555,1,9.321872450018931,Medium,62.87080679748328
26,Male,Australia,7.376036908915506,Snapchat,4,Entertainment,23.512235964491307,0,2.4832313413466567,High,61.331382333673645
14,Male,India,2.3588023513706675,Instagram,1,Entertainment,28.869888646711576,1,7.03860260364945,Low,30.16128246827576
18,Male,India,3.9143321113860985,YouTube,5,Education,27.488608210809904,1,6.219508223068444,Medium,39.77275474647268
18,Female,Brazil,4.205210407955937,YouTube,5,Socializing,27.65770802674305,1,6.0482205725069536,Medium,70.03531815263136
16,Female,USA,3.191817939459872,TikTok,4,Entertainment,22.89850662338556,0,7.442573074684864,Medium,16.429083188302798
15,Female,Canada,3.30063622831598,Snapchat,4,Entertainment,17.059661972721916,1,6.725326226067748,Medium,69.28490981938998
20,Female,Germany,4.520444738115925,TikTok,5,Entertainment,8.516721831272921,1,7.510966104462608,Medium,45.25982301399137
19,Female,India,5.32831178744156,Twitter,2,Education,31.64077622778422,1,4.90383982526658,High,56.74798421149474
19,Other,UK,1.4528003216586844,YouTube,1,Entertainment,28.856343097002224,0,8.439448282993185,Low,5.861184041141712
25,Male,India,4.661576081920975,YouTube,3,Entertainment,43.62573685354792,1,4.924210037815215,Medium,50.6331154796489
26,Female,Canada,3.5997425037938937,Twitter,5,Socializing,28.211481629771114,1,7.060869258458224,Medium,14.240896878593077
23,Female,India,5.337239820642732,Instagram,2,Education,51.514341770515735,0,5.786721008419409,High,58.253663286338615
13,Female,Canada,1.4524940151837873,Instagram,4,Entertainment,56.97366801293301,1,9.720751354847064,Low,17.882391806541168
21,Male,Germany,1.342549400506099,Snapchat,3,Education,14.119352994688043,0,7.332298234503211,Low,31.637482702833765
27,Male,USA,5.533776158013904,YouTube,4,Entertainment,6.173051069506656,1,6.016659256773617,High,58.02362432823015
16,Female,Australia,3.409145307795088,TikTok,5,Entertainment,21.79262234270197,0,7.701948947185104,Medium,36.86123875469192
23,Male,India,5.113686366785892,Instagram,2,Education,35.8287178213298,1,7.497099057891368,High,51.21102582543792
13,Female,Canada,3.8287991099012175,Snapchat,5,Entertainment,19.489615359523278,1,7.301771747798325,Medium,49.51460545961511
19,Male,USA,3.295698000867158,Snapchat,4,Content Creation,27.98879151493597,1,7.424120007964082,Medium,32.46093919873924
16,Female,India,3.5408442019537523,Twitter,2,Entertainment,25.48814885157292,1,7.145684886048461,Medium,27.10605844450057
27,Female,Germany,4.533069840339028,TikTok,5,Education,5.0,0,5.938414795454315,Medium,64.54430288366459
24,Female,Australia,3.476491058835318,Instagram,1,Education,19.221872315377567,0,7.586727491852086,Medium,26.28110375451134
20,Female,Germany,3.350793319143868,YouTube,4,News,29.532672653497404,1,9.20171743324076,Medium,31.93151705889529
24,Female,Canada,5.319735091659613,Instagram,2,Content Creation,16.335749241570888,1,6.861732059926742,High,38.07870798750869
19,Female,India,6.496680381108439,YouTube,1,Entertainment,22.581152285901855,1,1.9641726611547687,High,83.65056347024947
26,Male,India,3.00075856658168,Snapchat,4,Education,19.56188705811435,0,8.274033284041877,Medium,0.0
23,Male,USA,4.202945725976429,TikTok,1,Entertainment,40.14767218748873,0,8.675302320144429,Medium,25.511047158672373
25,Male,USA,2.73004896265842,Instagram,1,Entertainment,33.38476602049296,1,7.370096427013734,Medium,43.630739912559534
20,Male,UK,7.071428251545737,YouTube,2,Entertainment,5.0,0,5.555941244135008,High,49.11496508750555
14,Female,Brazil,6.628711547746438,YouTube,4,Socializing,32.86836736096815,0,5.867674904039457,High,1.23399563537604
26,Female,Canada,3.8301182158284,TikTok,2,Socializing,39.98106896144819,1,7.018145995116886,Medium,49.5103269425988
22,Other,Canada,2.581520242644681,TikTok,2,Education,6.726581094523251,1,7.508262309173469,Medium,31.09980584420669
25,Female,India,4.178464699281873,TikTok,5,Entertainment,28.357650966579747,0,7.691232313033275,Medium,57.81433076576256
24,Female,Canada,2.2387619943510577,Instagram,3,Education,21.80781068998395,0,5.885228811573695,Low,25.586493526446656
17,Female,India,2.1013684938181454,TikTok,5,Education,41.899996386826736,1,8.207883763074843,Low,56.76802533988958
13,Male,Brazil,4.536295228032584,YouTube,1,Entertainment,49.5608135794302,1,3.620696292072589,Medium,17.925820386671628
19,Female,UK,2.4105921416812173,YouTube,4,Entertainment,31.69600616177025,1,8.87940947196561,Low,68.81489224183045
26,Female,USA,2.995612415450175,YouTube,5,Content Creation,40.84559269772848,1,8.403076168471117,Medium,28.72537241314233
15,Female,India,2.491149373590279,Snapchat,5,Education,15.18352397559774,0,7.111735160362771,Low,1.7125073819234018
27,Female,USA,3.489566782142065,YouTube,1,Socializing,15.415086165433964,0,7.546221218819224,Medium,28.14378833959545
15,Female,UK,4.323556226770594,TikTok,5,Entertainment,28.834969763012435,0,7.623746086361114,Medium,39.90586310799605
14,Male,USA,3.0264426306804992,Instagram,2,Socializing,21.64829808475348,0,7.471246603984224,Medium,32.10405649131617
19,Female,India,2.6841400428276936,Snapchat,2,Entertainment,13.956033195940217,1,8.227340836207219,Medium,35.394094752977416
22,Female,India,3.954359815785652,TikTok,4,Entertainment,24.96214257317254,1,7.418161697999904,Medium,44.06910981887052
17,Female,India,3.9883931561055226,YouTube,2,Entertainment,32.69476880581307,0,7.63405112075161,Medium,70.37684900673364
18,Female,Brazil,2.522215717274395,TikTok,4,Education,18.885918492755227,1,7.570587536545003,Medium,21.24746014458925
16,Female,Germany,1.7728005120739354,TikTok,5,Socializing,25.500874231541538,0,7.286871276749999,Low,33.72378003416674
27,Female,USA,2.357192383377723,Twitter,5,Entertainment,20.67204748379228,1,7.315652518205994,Low,69.01966922411286
16,Female,India,2.069397773072125,Instagram,5,Education,12.316004949080618,1,7.734015878564661,Low,12.56826605318708
20,Female,India,3.5296033446576485,Instagram,2,Education,40.71427532360075,0,6.182461440425183,Medium,28.686612114325627
20,Female,Germany,5.431711984393249,Instagram,3,Content Creation,32.90155299382515,1,4.582472145538546,High,62.84713633172678
19,Female,Canada,1.7922935189333211,TikTok,2,Education,7.787478924070367,0,10.0,Low,53.02283472110395
22,Male,India,4.54429519560226,TikTok,3,News,31.3394854701642,1,5.896889322754333,Medium,64.19121030505323
15,Male,India,7.035792542969586,TikTok,2,Education,14.176911997840431,0,4.6746031070871,High,15.604725999628425
15,Female,India,1.8920662216294477,TikTok,3,Entertainment,36.00012279397424,0,7.738702358522588,Low,46.176771376790725
16,Female,India,2.3728304839158287,Snapchat,5,Socializing,31.45636322871493,1,7.37362236950558,Low,29.248959201851093
15,Male,India,6.525263803836875,Instagram,4,Education,27.08393585672657,1,4.990029840263914,High,33.753653857469125
18,Male,India,3.4743275374058054,TikTok,2,Entertainment,14.987026098442906,0,6.512741081904892,Medium,32.513145942539914
23,Female,Germany,2.2833341889608016,TikTok,4,Entertainment,29.961739120784102,1,8.264850967556063,Low,18.937733773767228
18,Female,USA,5.09233145458116,YouTube,4,Socializing,27.385525349646844,0,5.3108170756028095,High,53.756788195821954
15,Female,Canada,4.573861961203352,Twitter,5,Entertainment,8.143237356180212,1,6.97510005878177,Medium,24.80859677073036
27,Male,USA,3.59486880965076,YouTube,2,Entertainment,19.510443698188155,1,8.080943543508806,Medium,48.0875345989986
21,Male,USA,2.4546430132673622,Instagram,5,Education,32.490946095819595,0,8.841193387721885,Low,28.335750928707075
27,Female,UK,2.193319406474723,Twitter,3,Education,36.83996989305727,1,8.856492618419185,Low,0.0
13,Male,India,3.9160266160312296,Twitter,2,Education,11.275964260798052,1,6.467519674825261,Medium,46.885263599320254
13,Male,India,2.214128343982515,Instagram,4,Entertainment,29.26532887492978,1,6.693535868146423,Low,48.427196694088224
19,Female,Brazil,3.4243099340847083,YouTube,5,Entertainment,9.736859610216186,0,8.778302406826606,Medium,26.049079108728453
26,Male,Germany,4.0412275163848514,TikTok,5,Content Creation,15.32553722606835,1,4.881197039459256,Medium,52.796677416959895
20,Male,India,2.8490759805852264,YouTube,2,Socializing,24.64381370957784,0,6.76289709986114,Medium,34.70623711516797
17,Female,India,5.597059935615132,TikTok,5,Socializing,44.111065924377,1,5.812478224536375,High,18.821461352003418
20,Female,India,1.7246648769879265,YouTube,2,Education,7.3827283377459985,0,8.782994244397205,Low,39.61803013465271
26,Female,USA,2.741364116872288,TikTok,2,Entertainment,20.20699447490798,1,8.12441858334733,Medium,57.94369178937685
14,Female,USA,3.2481605828285907,Instagram,2,News,26.26988461012943,0,8.33377497887324,Medium,3.647842874738473
15,Female,India,5.522974231797803,Snapchat,2,Entertainment,31.319629856721583,0,5.349591158014919,High,33.631321044158454
16,Female,Germany,1.5089879577644996,YouTube,5,Entertainment,20.310231990655787,1,8.54927078348199,Low,2.91885334467527
15,Female,Germany,3.008705657016272,TikTok,4,Content Creation,25.621550255633,0,8.83441111074108,Medium,41.57912769453813
16,Female,USA,1.06170173485533,Instagram,1,Entertainment,35.48841268018147,1,8.86111311761146,Low,55.15275288881105
18,Female,UK,5.264470629231554,Instagram,4,News,13.647438742171513,0,5.725669505264257,High,9.602465420929768
13,Male,India,3.541558975631532,TikTok,5,Education,34.0107066186535,1,6.739641958735707,Medium,63.52074463627161
25,Female,Australia,2.248100027061455,TikTok,3,Entertainment,28.546425727649112,1,8.660715796480876,Low,47.066713470838216
19,Male,India,3.61826566768277,YouTube,3,Entertainment,30.43760951624124,0,6.576622061092824,Medium,49.91813922061488
27,Male,Canada,3.471131430834383,TikTok,2,Socializing,20.943202231998548,1,6.490101309894367,Medium,52.60929295201333
15,Female,Canada,4.375406904838104,Snapchat,2,Entertainment,38.81850371362797,1,7.1389896247878495,Medium,73.24694155302484
15,Female,Canada,6.145262295107728,TikTok,3,News,19.3642368408972,0,5.701772633844678,High,52.47852050384423
17,Female,USA,4.188405713705374,TikTok,5,Education,6.811186181453934,1,6.106122874161747,Medium,24.35105644701318
24,Female,India,4.52997539025018,Instagram,1,Entertainment,16.8038809122851,1,6.549277455734292,Medium,17.502009030725347
17,Female,India,3.4805186622800366,YouTube,1,Socializing,32.27916511362339,1,9.381392414989856,Medium,3.0849159618695268
27,Male,India,5.329304016620654,TikTok,5,Socializing,29.38572768928604,0,5.460844390092801,High,20.43325128101263
22,Female,UK,4.256978429237545,YouTube,5,Socializing,33.6053364594778,1,6.122384212507332,Medium,30.94513621678358
22,Male,Canada,3.988024830004461,Snapchat,3,Entertainment,39.85678114599735,1,7.611964469151737,Medium,40.10587790627246
26,Female,USA,2.092664511313372,TikTok,1,News,26.85807952393469,0,5.955080089353124,Low,82.49929476182811
17,Male,Germany,4.8041113186527,TikTok,3,Entertainment,32.54300422148604,0,5.752147041274369,Medium,25.582069323602283
19,Female,India,5.553298052560289,YouTube,1,Content Creation,24.63004354480864,1,6.602142559522065,High,64.16404902880198
18,Male,India,2.317553962706839,Instagram,4,Entertainment,15.913702457459168,0,7.977777876365622,Low,37.51165331024451
26,Male,USA,4.373167312638687,YouTube,1,Entertainment,14.08557547882211,1,5.195868219928279,Medium,27.330160002130683
21,Male,USA,3.1258983013191908,TikTok,5,News,29.378406021380016,0,6.063746932310499,Medium,39.03776035112302
20,Male,UK,3.294339800822216,Twitter,5,Entertainment,18.548953380685024,0,6.173274562189204,Medium,35.84036455712153
26,Male,USA,5.662454527144446,Instagram,1,Entertainment,27.19803252304953,0,6.020229728859411,High,55.65323630273886
23,Female,India,4.090597796910161,TikTok,1,Education,17.195281494052566,1,6.956856569929984,Medium,31.367677093331636
17,Female,USA,3.537491795606882,Instagram,3,Socializing,15.224410960354756,1,7.2537696957007265,Medium,40.67344360492347
24,Male,India,2.5708652630029105,Snapchat,1,Entertainment,28.41961900883467,0,7.962788084091695,Medium,68.81727800376959
27,Female,USA,2.003270894393038,TikTok,1,News,37.87685806391888,1,9.666529227909932,Low,37.257343062552046
24,Female,Brazil,3.37356877977812,YouTube,1,Entertainment,25.687160452852336,1,5.731693660177049,Medium,43.225379310382166
14,Male,India,5.105181497863141,YouTube,3,Education,24.23980833672725,1,6.942029390349571,High,25.302526353959237
22,Female,UK,3.3276892385289827,YouTube,5,Education,24.101535758306785,1,7.896527631993718,Medium,43.396718028589696
19,Female,India,3.8489854022440495,YouTube,4,Education,46.12583347479753,0,8.336186648966184,Medium,33.5331132355052
20,Male,Canada,2.8136793023262614,Twitter,4,Education,19.22696475547004,1,8.319296081382157,Medium,0.0
14,Male,USA,2.496350010520375,TikTok,2,Education,5.0,1,9.273777807213966,Low,13.498176053345569
25,Male,Germany,4.339359446180041,TikTok,2,Socializing,31.71407329736125,1,5.965262157202001,Medium,54.80968168126573
14,Female,India,3.61015401332287,TikTok,1,Socializing,18.123848620095508,0,6.29461661893573,Medium,39.43381737907788
27,Female,Canada,5.106075144054882,Instagram,3,Socializing,27.093836357288367,0,5.278408291264443,High,0.0
27,Female,Canada,4.563692410027655,TikTok,5,News,38.497919554727744,0,5.658358345347904,Medium,53.01744491718426
20,Female,India,5.345435550189759,YouTube,1,Entertainment,8.919979985907592,0,6.671911341145608,High,25.362395888896963
15,Female,India,2.995777231979285,Instagram,3,Education,31.38803811435416,1,8.89636516093624,Medium,20.1729153690973
22,Female,UK,3.155526088167693,Instagram,4,Entertainment,7.229145521999449,0,8.40752442728705,Medium,51.71685304482123
24,Female,India,4.504334148218257,YouTube,1,Entertainment,29.844866843433685,0,7.659354413189981,Medium,68.54730894906214
14,Female,India,4.974605849382124,Instagram,2,Entertainment,12.189470292983833,0,7.756661863922814,Medium,68.42553199950083
22,Male,India,2.768971423088348,Instagram,3,News,32.18874339528079,0,8.473536229782248,Medium,23.584926499564187
15,Male,Germany,3.4555394262891754,Instagram,4,Entertainment,16.78993846713677,1,6.25899360606722,Medium,19.805141780475832
19,Female,USA,1.2545124074604534,Instagram,4,Entertainment,5.0,0,9.80856315598426,Low,60.60878097701772
18,Male,USA,2.541496496374613,Twitter,1,Education,26.536043321419708,0,10.0,Medium,33.0187606933569
22,Female,Brazil,5.58384897631483,Twitter,2,Entertainment,36.51076041693356,1,5.478631362657053,High,32.15230225174372
25,Female,India,6.021193039493122,YouTube,1,Entertainment,31.174933887360574,1,5.70274489956053,High,60.78618506240097
18,Female,Brazil,2.2885296681880285,YouTube,1,Entertainment,26.564126271770256,1,6.919469769232288,Low,48.68431448591304
25,Female,Brazil,1.3350502398735564,YouTube,3,Entertainment,28.507380897820536,1,9.576545958464044,Low,65.72680966127886
21,Female,Canada,4.450061362781136,Instagram,2,Socializing,31.707065301739057,1,8.28235639143146,Medium,24.060280071752743
26,Female,India,1.786922360226745,Instagram,5,Education,21.89116849382554,1,9.193524569772643,Low,47.1125054531681
13,Male,Australia,2.717665250985844,YouTube,5,Content Creation,33.858993781008515,1,6.800664336932078,Medium,40.48782808685303
26,Female,USA,1.8752009531503897,TikTok,3,Socializing,5.0,0,8.658019476188791,Low,6.621818813259246
17,Female,Brazil,4.619656510370451,TikTok,2,Education,31.74073680718645,0,6.977420808555355,Medium,35.375589367782496
25,Female,Germany,5.165035668808775,Instagram,1,Entertainment,26.892511044403257,0,5.519553695373825,High,43.269480361750055
18,Female,Canada,1.7941046170531143,Instagram,1,Entertainment,22.113101361372703,1,8.266625026670495,Low,41.9814291061838
16,Male,Germany,4.904619420959458,Instagram,4,Education,49.24611783122522,1,5.06418757124721,Medium,75.58490579849479
24,Female,Canada,5.988214401973412,Twitter,2,Entertainment,11.801379483116005,1,5.663116086488405,High,1.2916533374723471
20,Male,Canada,2.3299154810029368,YouTube,4,Education,11.2222769163368,1,6.946199179904739,Low,44.99849992280784
18,Female,India,2.129344812567474,Instagram,5,Socializing,32.36124944020415,0,7.996232721679874,Low,40.01522709909468
15,Female,Brazil,4.819989928347416,YouTube,4,Entertainment,19.723568153920127,0,5.68251178956823,Medium,56.45454634114924
21,Male,India,4.978754080938613,Instagram,5,News,23.197975341308343,1,5.695358056172769,Medium,52.30665925260979
23,Female,USA,3.5313296877991105,YouTube,5,Entertainment,32.58644754184012,1,7.3956820246635475,Medium,45.94232633528984
20,Female,India,1.0056162934169768,YouTube,5,News,35.24455692676307,0,9.684080321652814,Low,20.33524182477895
27,Female,India,5.018169528561852,Instagram,3,Content Creation,24.011835648639632,1,4.473673226495702,High,73.34376590565591
16,Female,Brazil,4.732361023081581,YouTube,5,News,28.14539921195857,0,4.996668030201415,Medium,45.41116712744111
14,Male,India,2.8476992907900285,TikTok,4,Entertainment,28.709511919357432,1,6.257189305956961,Medium,18.73514797180301
18,Female,UK,5.784746569889784,YouTube,2,News,18.690277684845903,1,5.09916154163486,High,39.57750121623648
20,Female,India,1.1976230121618134,Snapchat,2,Education,15.465106872708908,1,9.496096069717936,Low,39.13292726806397
21,Female,India,5.024267690491673,Twitter,4,Education,33.40362359744209,0,6.66467198361523,High,27.08741022359591
27,Female,India,4.808647679157275,Twitter,4,Socializing,22.095591073553265,1,6.341511648627194,Medium,0.0
17,Male,India,2.0571292903570084,Twitter,2,Socializing,28.52045237406678,1,8.032508721208961,Low,11.596271865774948
17,Male,Germany,3.9695528029314153,TikTok,1,Education,15.32913921514342,0,5.824035392296718,Medium,33.832030942469615
27,Female,India,3.8091310720818674,Instagram,4,Education,15.805565316525316,1,8.081818158458548,Medium,51.18166119729448
17,Female,India,1.922971371635141,TikTok,3,Socializing,18.948410346678354,0,8.982019687542714,Low,21.859050761292856
16,Female,USA,3.017987041119369,Twitter,5,Education,23.73819170819012,1,9.733192559960132,Medium,48.09131580868507
18,Male,USA,3.251014309812789,YouTube,5,Entertainment,27.345783897746724,1,7.916746696031879,Medium,73.69929859822082
19,Female,Germany,5.105244924288735,TikTok,5,Education,14.995211752211407,0,5.040963123684217,High,29.297843004198143
16,Female,Canada,7.925189748274835,TikTok,5,Education,21.25752452815044,1,2.732876147617888,High,12.015519699407914
13,Female,India,3.324462182180932,YouTube,4,Entertainment,16.791108281390898,1,8.475157810430398,Medium,22.165701950588115
17,Male,India,3.2901368817778835,YouTube,5,Entertainment,53.55324499218379,0,6.618578519170744,Medium,50.93870423405422
20,Female,Germany,0.7498499437101991,Twitter,1,Entertainment,22.98900575866959,1,9.675488547747571,Low,24.20878338103237
27,Female,India,1.7404105968939565,TikTok,4,Entertainment,32.45460348373274,0,8.131751591587939,Low,1.359456100583884
24,Female,Germany,4.489496644986495,Snapchat,1,Education,33.315497373547046,0,7.081768608748063,Medium,29.325078357145404
22,Female,India,2.753506051067503,YouTube,5,Education,36.07155891765725,1,9.163212070334264,Medium,18.37144556541856
26,Female,India,1.336423270368687,YouTube,2,Entertainment,38.54570414232106,0,8.714036022755614,Low,54.61579910561545
13,Male,India,2.991594288317863,YouTube,4,Entertainment,33.17261224041708,0,7.784362972466489,Medium,34.17046454680791
26,Female,Australia,4.91551194244772,TikTok,4,Content Creation,27.256788628352787,1,6.345270655782119,Medium,38.00126159203901
27,Female,Canada,5.454836166977658,TikTok,5,Socializing,11.810353461276852,1,4.579910553251952,High,30.47571900832476
17,Male,UK,1.8886164560943608,TikTok,5,Education,32.62464557208686,0,8.25943594003722,Low,23.209821987817797
20,Male,Canada,2.612313782530652,YouTube,3,Socializing,29.526610601004485,1,8.359411901027286,Medium,35.47581454918326
22,Female,India,5.071292557986277,Instagram,3,Education,28.179104735775336,0,4.599394636414919,High,64.5621931798514
14,Male,Germany,4.897214875958454,TikTok,5,Socializing,33.531720451989024,1,5.799579932564083,Medium,59.065683896663415
16,Male,USA,3.3185948585296883,YouTube,2,Socializing,31.10482615192356,0,8.084674277358598,Medium,20.56616397241288
15,Female,India,2.7152492652147373,Instagram,2,Entertainment,17.92545899114632,0,7.865729764123379,Medium,56.10138445867342
18,Male,USA,1.7874261562910012,Instagram,5,Entertainment,37.27852976074317,1,7.188693579913635,Low,20.52775543462908
16,Male,India,2.75264460759612,Twitter,4,Socializing,20.233011415533312,1,6.547093077758947,Medium,52.64718443271416
14,Male,Brazil,4.775441128665863,Instagram,1,Socializing,21.07133951391808,1,7.432005700714281,Medium,2.7398855516260454
20,Male,USA,3.423236337656508,TikTok,4,Entertainment,28.323223867854427,0,8.243313316206274,Medium,8.403586609663186
22,Male,Canada,2.181427877362351,YouTube,2,Socializing,5.083240355312533,0,8.500076355125264,Low,77.42338036571863
17,Female,UK,3.756891552162098,Snapchat,1,Socializing,19.30091492841007,1,6.978113434405475,Medium,44.36460525108959
24,Female,India,3.72357135154336,YouTube,3,Socializing,40.66127568918337,0,5.744256153824269,Medium,65.50056488200592
17,Female,India,0.5,YouTube,5,Content Creation,19.815213845275235,0,9.24361189534686,Low,32.04782708358255
16,Female,UK,3.5187990666776905,YouTube,3,News,24.586421970271367,0,4.471740064942654,Medium,6.799469101313306
19,Female,India,5.365174606851257,Instagram,2,Socializing,19.47585974561892,1,7.230904199969963,High,42.995106606276046
15,Female,UK,3.9438522653624415,Twitter,5,Socializing,25.522563601087175,0,7.150091052780482,Medium,30.521944236797857
17,Female,India,1.2511673984513552,YouTube,4,Entertainment,28.34922249421065,1,9.78211397132009,Low,50.77604709424717
16,Female,India,1.9122802977934632,Twitter,1,Entertainment,33.21312193619824,1,6.96163552667025,Low,31.19184262251653
23,Female,India,2.084008210881009,TikTok,1,Entertainment,34.48582264565507,0,7.136021485530322,Low,36.04749933324109
24,Male,India,4.6512283867707085,TikTok,1,Socializing,26.48426969386172,0,5.728000448983364,Medium,30.77788174679381
24,Female,India,3.2812482948179174,Instagram,5,Socializing,48.85817710351857,1,7.964851587218123,Medium,20.27783845027948
20,Female,USA,3.763085788788529,TikTok,5,Entertainment,37.18023426076604,0,5.14510311573472,Medium,80.93267380721083
16,Female,Germany,4.844967543596944,YouTube,5,Entertainment,33.183434663505786,1,6.12672288788732,Medium,32.359521081284115
26,Female,Germany,4.567425557400931,Snapchat,1,Content Creation,18.27376926390462,1,6.097042501605234,Medium,78.832220346639
22,Male,India,5.1273814491614536,YouTube,1,Entertainment,18.36893283205699,0,6.058492875577622,High,30.606920322797365
21,Female,UK,1.458379349650503,Instagram,1,Socializing,17.999449192827967,0,9.83579303041352,Low,75.03345031055181
26,Female,USA,4.804065060617126,Instagram,1,Socializing,23.10648950616916,1,6.293912168245114,Medium,40.18192899712125
22,Female,USA,3.7760716931569696,Instagram,2,Entertainment,15.379508505420729,0,5.765439817969986,Medium,66.71437470116845
17,Female,USA,0.5,Twitter,3,Entertainment,37.55560429813808,0,10.0,Low,14.061406220899386
21,Female,Australia,2.485762613539313,Snapchat,1,Education,23.378624368266948,1,8.94909510252998,Low,28.257169502909072
15,Male,India,4.183730438323274,Instagram,1,Entertainment,38.73367836402884,1,6.748908149686675,Medium,10.498558681803406
21,Male,India,5.338064893608893,YouTube,3,Education,24.221048518670607,0,6.719545887166602,High,0.0
25,Other,India,6.248543609206816,TikTok,1,Entertainment,19.59405853463516,1,5.916358521456843,High,73.01219465694169
17,Female,India,3.895814253473633,Instagram,5,Entertainment,16.633457935697805,0,6.398356723591057,Medium,27.56192101019324
25,Male,Canada,3.7843609018461097,YouTube,3,Entertainment,17.6548999548211,1,7.275170485087151,Medium,25.406404738428563
26,Male,India,5.861998606394792,Snapchat,1,Content Creation,19.567080184340814,1,5.058242065124476,High,10.278900862333836
20,Male,India,5.094515776579209,Instagram,3,Socializing,30.84115024933596,0,6.460214221069841,High,65.42372064965848
24,Male,USA,4.123335268234191,Instagram,2,Entertainment,43.16137506192151,0,5.3846304352165095,Medium,55.19815222882647
21,Female,USA,5.497273273923953,TikTok,2,Entertainment,31.18949430170811,0,5.777117042981817,High,43.37807725658539
13,Female,Brazil,6.385026914663155,TikTok,3,Entertainment,11.056172229696568,1,5.051594765624291,High,29.74962782031939
25,Male,USA,4.54452496275268,Twitter,1,Entertainment,6.868587970511793,0,6.84720412452667,Medium,47.1364800776619
23,Female,India,2.0250280667049703,TikTok,2,Education,19.901518657331287,0,8.026496744736495,Low,40.46001225669855
25,Female,USA,5.613790584067317,TikTok,4,Education,25.060209032946915,1,6.4573091902526265,High,42.14298437447908
15,Female,UK,4.316467996320757,TikTok,3,Socializing,32.4556341232411,1,5.894656722066712,Medium,42.48195535774926
21,Female,USA,3.434958431079844,Instagram,2,Socializing,21.228241566598538,1,7.607741685482347,Medium,62.53827640577549
20,Male,India,6.92347059977849,YouTube,4,News,19.30003020477629,1,6.197828475761755,High,10.675632554016635
26,Female,Brazil,4.382463609298573,Snapchat,4,Socializing,22.902573121955125,0,6.74154300695605,Medium,34.3550031984675
16,Male,India,4.043255970133778,TikTok,4,Education,16.492736891244775,1,7.284498114115548,Medium,47.99117722540996
20,Female,Brazil,0.5,TikTok,2,Entertainment,17.132178315274924,1,9.031868945159028,Low,17.67119600243027
13,Female,Brazil,3.1173441515397062,Instagram,5,Entertainment,21.555045745475585,1,7.138642673328291,Medium,22.804703904732627
21,Male,Brazil,3.9020926289118494,YouTube,5,Content Creation,18.943992472056987,1,5.646398912954343,Medium,20.58773933343161
19,Female,India,2.35991265626842,YouTube,1,Education,20.681553651693825,0,9.6336133150584,Low,34.532437402971034
13,Female,Canada,3.581547137235677,Instagram,3,Education,5.0,1,7.579286620652482,Medium,15.225789728951916
21,Female,USA,1.8590178065042335,Twitter,2,Socializing,35.5550290094988,0,8.413282610958014,Low,50.723328718926574
15,Male,India,4.3854167976214535,Snapchat,4,Education,20.600402549398684,1,5.9561356153804565,Medium,54.85653485176336
17,Female,UK,4.897438524367422,YouTube,2,Education,25.17800480118316,0,4.947673600436038,Medium,37.45545598059128
17,Male,Australia,3.098829269605541,Twitter,4,Education,5.0,0,7.215198378294621,Medium,24.90893776607578
15,Male,Germany,7.238301319879786,TikTok,1,Socializing,14.510973972912286,1,3.6349048272767455,High,11.936116872148862
23,Male,Germany,4.802597598055832,TikTok,2,Socializing,12.597607081773257,0,6.13401807492889,Medium,62.91660459792013
22,Female,UK,6.110735270163301,TikTok,4,Education,23.90842326694095,0,5.267255830536216,High,29.3643018366274
23,Female,USA,3.2221538641600613,TikTok,4,Entertainment,26.403426005193012,1,9.186522552417417,Medium,23.60030329725991
14,Female,India,3.378099262260525,Snapchat,4,News,44.53228741336207,1,6.08193150014114,Medium,35.36112150576917
15,Male,Australia,4.027615780335708,Instagram,1,Education,30.246130558005863,1,5.572261540967231,Medium,49.87119738035994
17,Female,India,2.243279060743246,Instagram,2,Entertainment,25.09907655547817,1,9.302168415032682,Low,23.78468794034164
14,Male,Canada,2.054494443745564,YouTube,5,Entertainment,33.65247933944868,0,7.1502836741877225,Low,33.974833941148404
18,Male,UK,2.8823706990689755,TikTok,1,News,18.176119665261023,1,7.0585420565168695,Medium,38.16077129969898
16,Female,Canada,2.7436731547547253,Instagram,2,Socializing,16.28143918222497,1,7.458115797051264,Medium,34.01155996419321
25,Female,India,6.691866589095955,YouTube,4,Entertainment,28.89996639823146,1,4.814090740053667,High,33.361819103524425
24,Female,Germany,4.051777381474932,Twitter,5,Content Creation,20.622615173112685,1,6.152617164926364,Medium,39.12764912632556
25,Female,USA,3.369265323554695,TikTok,3,Entertainment,32.082161610813536,0,7.485577533542077,Medium,44.13565740271449
13,Female,Germany,3.5083911701519,Snapchat,1,Socializing,37.47707761559012,0,7.7642072519200624,Medium,73.07539641102784
21,Female,UK,2.714494065223615,YouTube,4,Entertainment,14.46418473970188,0,8.774322051389605,Medium,28.95879486827256
17,Male,Canada,4.150780715971103,TikTok,1,Entertainment,46.09228650243374,1,5.524756390082756,Medium,62.887873314313566
22,Female,USA,5.132843933119775,Snapchat,1,Socializing,38.53574439808592,1,5.443012353585572,High,36.8737433016848
20,Male,India,3.613052440086316,Twitter,4,Education,19.464655781147407,0,6.977144561924761,Medium,31.332799483240976
13,Female,India,1.1811523846012155,Twitter,3,Education,21.29934048567734,1,8.765689697593686,Low,53.11585016104529
17,Female,India,1.542093241355162,YouTube,3,Education,32.37266045083024,1,10.0,Low,68.28376270726721
26,Female,India,4.970738794412839,YouTube,4,Socializing,37.44728203272991,0,5.5159173097341245,Medium,0.0
16,Female,India,5.007100874820903,Instagram,3,Entertainment,29.5702377822182,1,4.893969170895131,High,53.92049682473591
23,Female,Canada,5.547473622945333,Instagram,1,Entertainment,15.29743078976108,1,4.667041826091947,High,33.447159345256026
17,Female,USA,3.8649132452612536,Instagram,4,Entertainment,11.562956942400032,1,7.270205543902659,Medium,39.291987385982615
18,Male,India,4.435157389316033,TikTok,4,Entertainment,8.175690387605211,1,5.939690921990461,Medium,32.28115762060769
22,Male,India,5.322761164785554,YouTube,3,Education,43.8200474474218,0,5.54630336811173,High,25.945392710496883
22,Female,Germany,4.210293551071031,Twitter,2,Socializing,10.60744428129241,1,6.819358511534556,Medium,35.11512683486493
15,Male,Germany,2.1422354437795272,TikTok,3,Socializing,17.111047276522058,1,7.023615532170768,Low,29.501358080151206
17,Female,Canada,2.7016900429904886,YouTube,4,Entertainment,14.221172340453895,1,7.4270056388939025,Medium,20.51456083617444
14,Male,Australia,3.903389934945752,TikTok,2,Education,29.38912231053688,1,5.837372529914376,Medium,94.80394275261912
20,Male,Canada,0.8248453277038603,Instagram,4,Socializing,12.643376288940688,0,9.176692560321817,Low,41.7211014751479
17,Male,Germany,4.18655395986799,YouTube,4,Socializing,9.024932820087413,1,7.081151430547679,Medium,39.61172374772491
16,Female,India,2.6106580840071167,Instagram,5,Entertainment,23.04775969926131,1,5.749827148225527,Medium,40.32028233154493
24,Male,Canada,4.826291607842696,YouTube,5,Education,19.323427774652664,1,6.62620835590764,Medium,73.40179667672656
17,Male,Canada,3.6703684691287006,Instagram,3,Socializing,6.54423558425728,1,6.213804843134677,Medium,54.467412497671496
25,Male,Australia,1.805440196922212,YouTube,5,Socializing,21.56451886549439,0,7.27050210780562,Low,17.044084408963833
23,Male,USA,2.0440036025260224,YouTube,2,Education,8.547292295505333,0,7.947604341375689,Low,29.12708587109461
21,Other,Brazil,5.83375944637441,Instagram,3,Socializing,40.49031952798417,1,5.851804608901663,High,58.49214746158332
13,Female,Brazil,3.293829185003805,Instagram,2,News,41.23114649264515,0,8.212914519692866,Medium,61.781849347503226
27,Male,India,3.2104599021670928,Instagram,3,News,20.59625481801532,0,6.419619921817091,Medium,59.07459741757967
21,Female,UK,1.4178204772906358,YouTube,5,Entertainment,41.81809755735614,1,10.0,Low,61.63407420053451
20,Female,UK,1.0084964806584615,Twitter,4,Education,14.091711736595098,1,8.344521085361924,Low,32.25841865785075
14,Female,USA,3.449573872092035,Instagram,2,Content Creation,17.840733891859443,1,8.397873949225403,Medium,48.502051137359054
24,Female,India,3.642391704433545,Instagram,2,Socializing,42.01423627455122,1,7.125752313390643,Medium,46.42867113540954
14,Male,Germany,5.20815991142254,Instagram,3,Education,22.39372771722593,0,4.721731643868974,High,39.17548082494316
15,Female,India,2.5848366472539417,Snapchat,4,Entertainment,7.977277967693286,0,8.18845418797712,Medium,31.932005475084758
17,Male,USA,2.1499919914405794,Instagram,2,Education,22.56961744887878,0,7.837486345147394,Low,51.49260095302483
20,Female,Brazil,1.09212711115865,YouTube,2,Entertainment,38.20069898006602,0,9.710245994272375,Low,25.34556953656284
27,Male,India,3.286650557909938,YouTube,2,Entertainment,13.86781265149868,0,6.508872948786786,Medium,58.85301302377183
13,Female,India,3.083251301869556,YouTube,5,Socializing,36.8179031515915,0,7.74411223570427,Medium,44.31057552905375
25,Male,UK,3.8509798360647634,Snapchat,3,Socializing,22.566203036868853,0,7.3839823385460015,Medium,0.3792242618300676
23,Female,Canada,2.126533772929874,YouTube,4,Socializing,30.116009998325,1,8.835536160956467,Low,71.503485444603
25,Male,USA,1.1801190652005475,Instagram,3,Entertainment,22.57286452573108,0,9.94747167258506,Low,67.60519758616621
18,Male,USA,5.353838782546879,TikTok,2,Entertainment,13.048015853823152,1,7.198198252005474,High,36.30607582263332
14,Female,Brazil,4.424427090813077,TikTok,1,Content Creation,35.871691834871974,0,7.307987668195015,Medium,0.0
27,Male,India,2.039487237316031,Instagram,5,News,24.66986312927868,1,8.487444468223941,Low,42.79134463765185
20,Male,Canada,5.4912285707728525,YouTube,2,Entertainment,42.03436668142688,0,7.428447573435277,High,25.58634331989802
25,Male,India,7.03814405962485,YouTube,3,Socializing,25.84916753906031,0,2.070513469105928,High,71.3193863165169
19,Male,India,3.560294280649952,TikTok,5,Education,36.563231624764335,0,6.032456222410381,Medium,25.991537392289462
16,Female,Germany,4.022537692690388,Twitter,4,Socializing,40.45129693410176,0,5.6085471359601735,Medium,68.1695343941702
23,Male,UK,3.6704871152605567,YouTube,2,Entertainment,15.52828373073793,0,6.606574599155771,Medium,46.4556868724053
24,Female,India,4.545417919343625,YouTube,5,Entertainment,18.29064490599246,0,7.249438171631137,Medium,59.86684812422493
21,Female,UK,3.69290549090131,YouTube,3,Entertainment,21.12956743242936,1,5.831794354721765,Medium,30.467339106402346
27,Male,India,3.368276735964813,Instagram,1,Entertainment,26.908079025236404,1,7.762879354551853,Medium,16.27085848704906
16,Other,India,5.555101774390199,Instagram,3,Socializing,20.73926202426406,1,6.695466482942588,High,33.90978715166904
20,Male,India,2.6636661079574706,TikTok,5,Entertainment,23.47655529879907,0,6.975431867630522,Medium,44.0260345211302
14,Other,India,3.398810750342694,Instagram,3,Entertainment,18.82906305462908,1,5.478577881594068,Medium,61.878229673636135
16,Female,Brazil,1.2458128590960058,TikTok,3,Entertainment,38.219096900800665,1,8.81722160338232,Low,54.08013155722039
15,Male,Australia,3.0667584278065307,TikTok,3,Education,42.44249520021472,0,7.732208480405575,Medium,45.1109739138376
14,Male,USA,4.537860107584049,TikTok,5,News,34.52742447510236,0,6.422966885732959,Medium,55.86423057622926
18,Male,USA,3.717659178792374,Twitter,2,News,24.66039065888044,0,8.028141669463656,Medium,1.766424634564267
21,Female,USA,1.7244461118717842,Instagram,2,Content Creation,16.28717803021968,1,9.563878078660691,Low,41.79858762009013
22,Male,Germany,3.472887333212552,Twitter,1,Socializing,24.85557875998744,0,6.493454137872814,Medium,49.1697637413063
25,Male,USA,1.1123498720866447,TikTok,5,Socializing,56.96330981382677,1,7.872159022476696,Low,67.14913902273351
22,Female,India,3.648144505535056,TikTok,3,Education,19.34288968141754,0,6.636113896133438,Medium,46.7208920991678
16,Female,India,4.506693274272781,Instagram,5,Socializing,26.553597663644783,0,7.72739288631918,Medium,33.88436079520651
26,Female,Canada,0.9697077234615644,TikTok,4,Socializing,21.238421423821837,1,8.304673565879282,Low,11.058185934817416
23,Female,USA,2.00374419226405,Instagram,4,Content Creation,22.784440049617874,1,10.0,Low,41.45082144582378
13,Male,USA,3.347704768865569,TikTok,3,Entertainment,35.77509074438211,1,7.109488395207659,Medium,41.7860743229791
18,Male,USA,4.424182497265473,TikTok,2,Socializing,41.43239497666623,0,6.533894221813677,Medium,20.764900851953406
21,Female,USA,3.040843001807703,Snapchat,2,Socializing,30.77071444180022,1,7.326991600732088,Medium,64.78225927063646
20,Female,Canada,4.433379469714291,Snapchat,5,Socializing,25.141141170284868,0,7.525228571786519,Medium,28.43478538763712
16,Male,Canada,4.066187804838451,YouTube,2,Education,27.548948191763596,0,5.750497042173699,Medium,29.738259581190576
13,Female,USA,7.464113776448901,TikTok,4,Entertainment,25.984575807036347,0,3.868571229463224,High,1.1552283733476472
27,Male,India,1.7260169738236306,TikTok,1,Socializing,28.188248333773405,1,9.001187629970943,Low,37.39158971775508
24,Female,Germany,4.253341143474632,YouTube,4,News,23.041987819385632,1,6.714076856461372,Medium,38.04148117145982
22,Female,USA,2.4450432693446547,Snapchat,3,News,26.094202542042687,1,8.956501672601904,Low,36.91379789035575
23,Female,UK,5.473016895154375,Twitter,5,Entertainment,31.055244013797164,1,4.5814271650201785,High,71.52317207835057
20,Female,India,3.338245191195304,Snapchat,3,Socializing,14.973484444219569,1,8.249060725203282,Medium,47.52950619239587
23,Male,India,6.845048138228723,Instagram,4,Education,31.376605485584435,1,4.105561656455736,High,11.697793790099189
22,Male,Brazil,3.31946664744992,TikTok,4,Content Creation,22.346371850483145,1,6.760589137940529,Medium,41.128556358523205
20,Male,USA,0.9586619826984504,Instagram,1,Socializing,36.05645315513938,0,9.343004390377542,Low,60.55051045188748
18,Female,USA,5.3367951125296536,TikTok,4,Socializing,25.871518811723497,1,5.390107512675557,High,64.4176378720691
18,Male,Canada,3.254330480992774,YouTube,5,Entertainment,33.22646933993656,0,8.48466555409585,Medium,31.02182292180961
19,Female,India,3.076576272317969,Snapchat,4,Socializing,20.657767226335544,1,9.145251955587767,Medium,5.527468505806006
15,Male,Canada,6.580009585498544,Instagram,1,Socializing,19.778623930313675,0,5.958449297654681,High,19.04993096231544
27,Female,Canada,5.088484464061686,TikTok,5,Entertainment,47.69229439640595,0,5.684884864084047,High,40.95273167092788
19,Male,India,4.86401297006888,YouTube,5,Entertainment,39.1959589808438,1,4.486577884730724,Medium,8.561503180003761
16,Male,Brazil,1.3984192995285012,TikTok,5,Entertainment,23.80627135856505,1,7.620487902767344,Low,47.24927641183152
15,Male,USA,3.70904142927395,Twitter,2,Entertainment,17.7092589424907,0,8.375123049492633,Medium,49.13911428362651
15,Female,Germany,3.969069002103993,Twitter,3,Entertainment,33.06988987413612,1,7.304248021082968,Medium,28.33169899086036
18,Male,Brazil,2.689454130703011,Snapchat,3,Content Creation,12.331361150986202,0,6.338138985316523,Medium,36.59426501590023
23,Female,Canada,5.257059159424939,YouTube,3,Socializing,38.18058050405296,0,5.435344651930325,High,56.335376659349365
21,Male,India,6.877759574266568,Instagram,5,Education,19.79655220696169,1,3.633747847475008,High,39.68207893543175
26,Male,Canada,4.441114720917783,Instagram,2,Entertainment,41.08498163508055,1,7.045816050244389,Medium,32.376953659157216
13,Female,Brazil,5.155705310023208,TikTok,1,Entertainment,22.008602555570317,1,4.994500067823108,High,23.696141324427632
19,Female,Canada,2.3293398502479112,YouTube,4,Socializing,25.988925263689158,1,8.335400957155175,Low,75.10456412298237
22,Female,India,7.615577169541517,Instagram,1,Education,36.09658863717911,1,4.143008201879225,High,49.29215132199697
27,Male,Australia,4.652509397819991,Snapchat,2,Education,45.33875916405991,1,7.760114210043733,Medium,31.334029208112085
13,Female,USA,1.105131825173566,YouTube,1,Entertainment,27.280991415241868,1,9.631929337050574,Low,62.49124624579596
22,Male,USA,3.807223938740403,Instagram,1,Socializing,24.85055624271334,1,7.249795092851127,Medium,3.0912947331709404
19,Male,USA,0.5,TikTok,1,Entertainment,29.511075426107173,1,9.618519420918158,Low,77.39408704345738
14,Female,India,6.451960970857238,YouTube,3,Socializing,22.474397706751738,1,5.052454073310973,High,61.8222158510866
21,Female,India,2.047060465957943,Instagram,5,Socializing,30.2766616669133,1,9.126259890623146,Low,27.79101601660468
22,Female,USA,3.4802727973978,Instagram,4,News,19.263469812185765,0,6.461725876617564,Medium,7.348620800864211
14,Male,India,1.1839703293433894,TikTok,4,Entertainment,28.12962027479317,1,9.059251232481124,Low,59.73804641565001
27,Female,USA,3.8571493013155433,TikTok,1,News,32.84734778608927,1,8.233549542634373,Medium,15.644778351563245
18,Female,Australia,5.055796374627114,Snapchat,1,Socializing,7.909330025728476,0,4.933388998407471,High,35.1290388866373
17,Female,India,3.948071235628287,YouTube,5,Socializing,23.72172739847602,1,7.356314321404099,Medium,7.552534342393514
14,Male,UK,2.0275906542967794,Snapchat,1,Entertainment,16.552154683554228,0,5.864244952556337,Low,68.79483546577676
13,Female,India,5.2316804592265,TikTok,5,Education,30.348003097011244,1,5.63491027188788,High,37.40637003056678
26,Female,Australia,0.5,TikTok,1,Socializing,26.30275583927648,0,8.346025679665466,Low,36.95723104137275
23,Male,Brazil,3.599585301536091,Twitter,1,Education,28.016602693790823,1,6.569726221597637,Medium,62.95688278702653
20,Male,India,2.854452183598051,TikTok,3,Entertainment,37.13261907814819,0,7.430506039999899,Medium,61.95163483904042
19,Male,Germany,4.227979091953385,YouTube,1,Entertainment,40.562277228996805,1,7.91970165244089,Medium,73.79213501061186
25,Female,UK,2.150575814780616,Instagram,1,Socializing,18.727216839665594,1,6.977842086484914,Low,43.16157364452649
21,Male,India,2.7936704158189576,Instagram,3,Content Creation,15.94034324864496,1,5.93608467391449,Medium,41.01228581230601
23,Female,Australia,2.954436975477577,TikTok,3,News,21.13253462310464,0,7.374704467987867,Medium,27.90755685509219
17,Female,India,1.1156272579240678,Instagram,2,Education,39.77229038320436,1,7.970870197527837,Low,64.35977222203257
19,Female,Germany,4.069577132744581,TikTok,5,Education,36.05584006848474,0,7.75083174989362,Medium,44.73711714463275
21,Male,USA,3.832177669434557,YouTube,3,News,21.736306314040707,0,7.12386347156941,Medium,7.278424380762203
15,Male,India,0.943153827164211,Twitter,3,Entertainment,11.943172120431608,0,8.263037914665068,Low,67.93284352674385
22,Male,Germany,1.8812691457479664,Instagram,3,Socializing,28.775165549270145,0,8.385642597048061,Low,23.31874501635828
23,Male,Australia,1.9068744043625336,Snapchat,2,Entertainment,12.953127729896854,1,8.855331549875498,Low,64.74119457683994
19,Female,USA,4.686772670590191,Instagram,5,News,30.141849671825582,1,6.062538868218669,Medium,15.991055422677816
23,Male,India,4.362697934139967,Instagram,4,Entertainment,25.811339309846822,1,8.271014933650893,Medium,59.42234651797921
18,Male,USA,2.664876100700357,TikTok,5,Entertainment,27.90508868031036,1,9.014821497920565,Medium,51.00322413026123
13,Male,India,4.9357643782142695,TikTok,5,Entertainment,12.800643751218336,0,5.024444416908317,Medium,26.78840622008536
24,Female,Brazil,3.624343786924231,YouTube,5,Socializing,36.8133712466475,0,7.537188005233792,Medium,34.11621366580499
26,Male,UK,2.2620648197492077,Snapchat,2,Education,49.605401464141934,1,8.728245276450492,Low,14.285270625898804
25,Male,UK,4.7140374614985605,TikTok,4,Socializing,13.86970293513038,1,5.337908450711928,Medium,74.91397584235676
15,Male,India,5.802970818241829,Snapchat,4,Entertainment,28.80128238474403,1,5.8804226756904825,High,27.395203089947223
14,Female,India,5.14676835651553,TikTok,4,Socializing,28.389008297444583,1,6.592923191918025,High,39.50375182025311
17,Male,Australia,1.6288961689255084,TikTok,5,Entertainment,25.888963463886068,1,6.8798403050138806,Low,72.53638506655545
15,Female,UK,3.081619160615041,Instagram,5,News,25.74274574576709,0,8.887055710233513,Medium,37.50051148631043
25,Male,Brazil,7.338958097575935,Instagram,2,Entertainment,34.31791457939323,1,3.7268578115740727,High,58.489863429714816
24,Male,Canada,2.8346350308719823,TikTok,2,Entertainment,44.685597683624025,0,9.512083744410605,Medium,28.290019835082003
26,Male,India,2.6620168827375403,TikTok,1,Entertainment,29.647883235612174,0,7.45684435599862,Medium,44.91669637359997
13,Male,India,3.480469345360085,Instagram,1,Entertainment,11.723300929077102,0,6.973414710032519,Medium,23.177070372263135
15,Female,USA,4.225122338359926,Instagram,3,Socializing,13.229561007664945,1,5.940369396071518,Medium,37.98151614003234
27,Female,Brazil,3.510551440363382,Instagram,5,Education,35.79034212830125,1,6.292509848024703,Medium,48.28727074621672
19,Female,Germany,3.421573408397882,Twitter,2,News,8.167721210785004,1,6.967280837788391,Medium,14.457658961035996
14,Male,USA,1.779891772178964,Instagram,3,Socializing,14.369326432811192,1,9.586898957920392,Low,58.09383760490796
13,Female,Canada,4.393133979841849,Instagram,4,Entertainment,23.22125256882448,1,5.231428187249329,Medium,79.7711054645366
21,Male,UK,5.150791548765923,TikTok,1,Socializing,15.890202959110798,1,6.211565775018547,High,55.92250361461725
23,Female,India,2.3425008562459224,Twitter,1,Socializing,35.0594242974636,1,9.534416575795808,Low,19.106768062169323
17,Male,UK,1.459816208617295,YouTube,3,Socializing,23.43944116086895,0,9.554985899909155,Low,59.07472466754505
16,Male,Brazil,5.391694069668759,YouTube,5,Socializing,27.9284672245082,0,6.363425080917368,High,77.53544566310974
13,Female,USA,3.191426482995155,Instagram,2,Entertainment,23.88272134616839,1,7.415026837989486,Medium,0.0
19,Male,India,2.9228738223422948,TikTok,2,Entertainment,28.55561706901105,1,6.807741828809331,Medium,0.5197425960876672
20,Female,USA,4.688908690263155,YouTube,3,Entertainment,31.295988634703303,1,5.414378437636294,Medium,0.0
18,Male,USA,2.558816823359807,Snapchat,1,Socializing,13.79045232963027,1,8.261132048198704,Medium,57.87525855328271
24,Male,India,1.1579199518768384,YouTube,1,Entertainment,26.991214268138997,1,7.359083211184703,Low,5.915035089511967
15,Male,Germany,2.0362020568747705,YouTube,5,Education,21.590595268399607,0,8.53871872625044,Low,39.08925059819603
19,Female,India,3.016014768224053,Twitter,2,News,22.63908519844113,1,6.323128268489516,Medium,29.95069212647424
14,Female,India,3.8650889660265424,Twitter,1,Entertainment,24.405070038912264,0,6.27106280001454,Medium,87.07938879022237
18,Female,USA,2.075873538623279,Twitter,3,Entertainment,38.199759942786585,1,8.19949071265562,Low,46.898001643711325
13,Female,USA,1.549447967261916,Instagram,3,Entertainment,22.58046149748687,1,8.035528811265337,Low,20.450324203221857
25,Male,Australia,3.136246406604673,YouTube,5,Entertainment,25.24358891837848,1,8.106568824252165,Medium,17.944402620247462
17,Male,Brazil,2.5881349335669954,TikTok,5,Entertainment,27.494068170313906,1,8.132899480786454,Medium,37.38504659975138
16,Female,India,2.64142292902159,TikTok,4,Education,47.275127837492334,1,7.966709668521005,Medium,55.83495798963942
24,Male,Canada,4.746556650763494,Instagram,3,Entertainment,49.58314909687642,1,6.374615754885724,Medium,73.18242961179632
16,Other,UK,4.5930454350276015,Twitter,1,News,7.308735201062305,0,6.1522799220967705,Medium,32.29336522171737
21,Male,Australia,2.7269409339324,Instagram,3,News,30.951925854226868,0,8.737555140901058,Medium,39.98058548557435
19,Female,UK,3.55735872240013,YouTube,5,Entertainment,26.44089915847825,1,6.243001027835485,Medium,65.75181529152255
22,Male,Germany,3.864032993019178,YouTube,1,Entertainment,33.52847881895464,1,7.0275183387684645,Medium,29.25685487244268
18,Male,USA,4.064965351753878,TikTok,3,Education,30.886988651969325,1,7.22621325173846,Medium,50.04058757086888
22,Female,USA,3.4892295056072165,TikTok,5,Content Creation,17.959838039633926,1,8.454148406133454,Medium,37.93451373633877
18,Male,Germany,5.705814183627165,YouTube,5,Socializing,36.43409211068533,0,4.048474826862904,High,60.53748690307396
18,Male,USA,5.860187573305502,Twitter,5,News,25.45739497295204,1,5.211389836822182,High,5.499708420794597
21,Male,India,3.4529590364270333,YouTube,5,Education,22.47158224727327,1,6.614745437803705,Medium,72.87039783666606
20,Male,Australia,4.73097897635818,TikTok,1,Entertainment,24.02115423440114,1,5.103858644302334,Medium,66.97470237819452
24,Female,UK,2.5328943525204304,TikTok,4,Entertainment,34.258392256848595,0,7.777661606242497,Medium,43.2131419604554
19,Male,India,1.3304516138520817,Instagram,4,Entertainment,37.47273906721753,1,9.379543137785722,Low,68.18922476959595
18,Male,Germany,2.8437063545712906,TikTok,1,Entertainment,10.175442765594967,1,7.853050128619577,Medium,66.42116833341044
23,Male,India,0.5,TikTok,5,Education,21.49155181490519,1,9.267496069840623,Low,41.02213604573367
16,Male,India,4.893428110852807,YouTube,1,Entertainment,39.14759239806859,1,5.800914151203012,Medium,54.95004240313481
24,Male,USA,3.431524934749799,Twitter,2,Socializing,31.847581106745288,1,7.081762433105384,Medium,42.04622965203573
27,Male,Brazil,1.8086849179051407,TikTok,3,Entertainment,42.74958987007757,1,9.094039730480851,Low,57.79534861808291
16,Male,Brazil,5.038961060059902,Snapchat,1,Socializing,16.140939302433704,0,6.650482846589475,High,33.94001329965342
21,Female,UK,1.6379636688153585,YouTube,3,News,20.556209432214462,1,8.14549272332604,Low,26.99517979634365
23,Male,Canada,3.781288236226054,YouTube,4,Education,28.91981448075884,0,8.248183534087609,Medium,17.82556833837792
22,Female,India,4.237639866195408,YouTube,1,Education,22.677742672166254,0,6.827675125908242,Medium,52.11005570395146
20,Female,Germany,2.2593075822590656,TikTok,4,Content Creation,30.007382465211062,0,6.514727128939058,Low,53.265411326515135
16,Male,India,1.9087657073020905,Twitter,3,Content Creation,23.76001803804056,1,7.512683451861249,Low,39.08726074219983
17,Female,India,5.871503797215405,TikTok,2,News,36.61969170937008,1,5.67704627468121,High,24.39160798247256
22,Female,Germany,1.8580187607603131,Twitter,5,Content Creation,5.0,0,9.992516043883883,Low,32.53030433498253
14,Male,USA,4.386185272411047,YouTube,2,News,21.172090005533832,1,5.583735816910071,Medium,48.11515388972983
17,Female,Germany,5.440078974913966,Instagram,5,News,31.86053531668996,1,4.465818143875636,High,54.38317425146145
20,Male,India,1.101933186971639,Twitter,3,Socializing,5.4526940269353865,0,7.855696465502136,Low,75.97609303659709
20,Male,Germany,3.062302100177994,Instagram,5,Entertainment,18.324845717875185,1,7.05254147823561,Medium,25.04310848965448
15,Other,Germany,1.8246536573410528,YouTube,5,Socializing,24.565564805625883,0,7.864818428734809,Low,48.46695181511143
15,Female,Brazil,3.461008143558604,Snapchat,5,News,13.723953176354096,1,6.193405007196279,Medium,29.561544236548187
19,Male,Brazil,2.9391736536920634,Instagram,1,Entertainment,37.29660288773043,1,6.281689461402869,Medium,16.18447465221234
25,Female,Germany,3.631693317169178,YouTube,1,Socializing,24.06525440500876,1,5.853638183211274,Medium,29.54138465820814
13,Female,UK,5.085418419464601,Snapchat,4,Entertainment,31.041147279411312,1,5.842903872611286,High,51.95720920272159
22,Other,Australia,2.396226503229931,YouTube,2,Content Creation,30.975262831950737,0,9.109176283338869,Low,38.52772483890123
15,Male,UK,4.892673681746942,YouTube,1,Socializing,35.04386476871498,1,6.3721318072011695,Medium,53.38999539063234
25,Male,Brazil,4.806254058406231,YouTube,5,News,32.06337057043769,1,6.175361983514757,Medium,10.865897872318172
17,Male,Germany,4.367522264845846,YouTube,4,Socializing,16.15366903080769,1,7.377635874188966,Medium,21.200818303356957
26,Female,Canada,4.583082949038164,TikTok,5,Entertainment,35.91199133991122,1,6.830743220313955,Medium,77.64476724196803
18,Female,Canada,2.657883060772191,Instagram,3,Education,30.250035141050343,1,6.696146017068421,Medium,24.372661735180145
25,Other,India,3.0828218107743064,TikTok,3,Socializing,30.63334490410157,1,8.166694552314215,Medium,44.22119530017057
13,Female,Germany,3.480405676496176,TikTok,1,Socializing,42.52937299871415,1,5.584228486474316,Medium,18.594572827420027
23,Male,UK,3.048309296357986,YouTube,5,Entertainment,30.05604048663158,1,8.365613661744593,Medium,38.70594480008426
27,Male,Germany,3.755993811489233,Twitter,2,Content Creation,9.792114780497725,0,6.439620731042814,Medium,50.77264872260479
23,Female,Canada,4.495383907602731,Instagram,3,Education,12.65485394146812,0,6.5760580006239095,Medium,20.409733675603174
22,Female,India,5.757025584447395,Snapchat,1,Entertainment,21.904092942381304,1,6.425480645601016,High,36.45932289749067
14,Other,Canada,3.169519839471584,TikTok,4,Content Creation,12.213905205732267,1,8.495102635270342,Medium,40.27343264674545
22,Female,Australia,2.796022524507605,Instagram,2,Socializing,40.232395311092944,1,8.91900861610306,Medium,42.95239253828908
24,Female,Canada,0.5,YouTube,4,Entertainment,25.348504661025405,1,9.089145349062594,Low,39.24704528298348
13,Female,Australia,2.6826088878126675,Snapchat,2,Education,25.567986716970704,0,7.644753850207224,Medium,36.38196791210904
24,Male,India,2.921236663870257,Snapchat,4,News,39.18471672179088,1,7.400018595212654,Medium,30.55830847820727
18,Male,Canada,2.509371713852558,Snapchat,4,Socializing,20.682326414426367,0,10.0,Medium,54.8820028340184
27,Male,Canada,4.061175205480089,Instagram,3,Entertainment,28.5487704277254,1,5.698691057020808,Medium,40.92303802250071
20,Male,India,1.842622350793354,Instagram,3,Entertainment,31.713691750385617,0,9.008020704092129,Low,62.70906240354137
20,Male,USA,3.705430416745368,Instagram,4,Education,16.11926196792674,1,7.631613339380932,Medium,46.967470759484335
27,Male,USA,3.849405394481984,YouTube,4,Entertainment,14.32375880763635,0,6.896605568475484,Medium,56.93725257237969
26,Male,India,3.465266982172995,Snapchat,4,Socializing,21.589250031584264,0,7.037406824089685,Medium,50.625169579608425
22,Other,India,3.5632065289544315,TikTok,3,News,22.236263405713785,0,7.960575995792619,Medium,22.760857331819185
15,Female,India,2.09214740187421,Instagram,4,Content Creation,25.331966694427813,1,8.402213921892793,Low,53.94312056739622
23,Female,India,5.241067905875222,TikTok,1,Socializing,27.86165417690004,0,5.36659278271702,High,45.76824788607209
13,Female,India,3.0141336258398543,Instagram,4,Education,19.411623299201384,0,7.402853510469346,Medium,37.49520471776992
22,Female,India,1.1050032023326692,Instagram,5,Entertainment,20.92894063569597,0,7.507335140616894,Low,30.746072367528008
18,Male,Australia,4.534978947933309,YouTube,3,Entertainment,47.858672370367984,1,4.898040203204492,Medium,71.94732301334665
14,Female,India,3.839660192166632,Instagram,4,Entertainment,32.68427869066335,1,9.330700340842183,Medium,41.35194683502081
26,Male,Brazil,2.9073059560336927,Snapchat,3,Entertainment,26.6607610142208,0,7.481602225360038,Medium,41.28129294757765
16,Female,India,4.223299323565837,YouTube,2,Socializing,21.901374802865814,1,6.294715458452538,Medium,32.58506882546094
17,Male,India,5.180840005716928,YouTube,4,Entertainment,21.56629700889528,0,4.59813732717922,High,50.11260742682563
26,Other,India,2.26306945595682,YouTube,5,Socializing,5.0,0,8.554268816668522,Low,24.57724303014085
13,Male,India,0.5,YouTube,3,Entertainment,43.10769424349911,1,10.0,Low,51.089788480958894
22,Male,Germany,0.5,TikTok,2,Entertainment,33.36288256335969,0,10.0,Low,23.77766811700669
27,Male,Brazil,4.050577135035047,YouTube,1,News,9.807192282105133,1,6.748435496975239,Medium,34.635028694725285
20,Male,USA,4.705648537364133,YouTube,5,Entertainment,29.49986465848558,0,6.459378072411356,Medium,23.653471260316728
22,Female,USA,3.70372521206279,TikTok,2,Socializing,5.0,0,7.969144636237821,Medium,31.48887483537309
20,Male,Brazil,3.626334206137884,Instagram,5,Entertainment,29.313538096727463,1,6.725988298964028,Medium,30.798433936484077
26,Female,India,2.941365192198014,Twitter,2,Socializing,28.492357973001507,1,6.941777046874074,Medium,42.44743520680502
20,Male,USA,5.474149248043668,Snapchat,5,Socializing,32.826039670327404,0,5.770436194081774,High,35.31435763615801
17,Male,USA,2.0289483491842537,Instagram,5,Socializing,22.394184721639103,0,9.44104802530433,Low,46.35936053506934
13,Female,India,3.872354545171302,Snapchat,2,News,34.04168042177993,0,5.7650671533174105,Medium,32.920766453434325
25,Other,USA,6.241792453666843,Snapchat,4,Entertainment,15.648538882680707,1,5.405080377425506,High,61.28096271569888
16,Other,Germany,3.7983227517891303,TikTok,1,Education,14.76154854150364,0,7.23176746847624,Medium,64.78583610116311
22,Male,India,1.7567896117251594,YouTube,2,Education,9.936825899191938,1,7.094468073846873,Low,39.30935007009245
25,Male,Brazil,4.0863034843272015,Instagram,3,Education,26.34958087979231,1,6.1010693647153165,Medium,24.96866126193417
16,Female,Australia,0.5,TikTok,2,Socializing,26.56430907103409,1,9.477354417917716,Low,53.16812954697033
13,Male,USA,1.7480171384324406,Instagram,3,Socializing,17.840134566193644,1,8.612497742197986,Low,42.92190661892456
13,Female,India,2.973915955545378,TikTok,2,News,43.79292921086539,1,7.416668371193329,Medium,64.01167914168707
18,Male,UK,3.2724004982271824,TikTok,1,Entertainment,28.503127585034456,1,8.006762867612945,Medium,29.889431995605705
16,Female,Brazil,3.4564180619902176,YouTube,1,Entertainment,5.0,1,7.425784502326801,Medium,50.77194612831824
23,Male,USA,4.76708455688267,TikTok,3,Entertainment,23.47899653670796,1,4.906794300690194,Medium,51.51989742603492
18,Male,India,5.1816913202317405,Instagram,5,Entertainment,40.574336796038864,1,5.664323887751392,High,33.64896915470769
24,Male,India,2.7117756948006493,YouTube,2,News,28.49009405725305,0,8.68581002345694,Medium,74.12587170948868
20,Male,India,4.722868436078558,YouTube,5,Entertainment,27.80637232805386,0,7.114618886666518,Medium,8.40029219651392
15,Male,USA,2.4128528742583546,Twitter,3,News,11.26447143854267,1,6.982035487206241,Low,63.097979523922994
20,Male,Canada,2.212316528707089,Instagram,2,Entertainment,27.77525809668862,1,8.361093807274647,Low,52.613341717878
15,Male,India,4.265570324453405,TikTok,1,News,39.56887508552968,0,8.392325654125102,Medium,47.38916835295371
27,Male,UK,2.6658172174802743,TikTok,2,Education,25.181139893432416,1,7.025161961095629,Medium,60.91096910451308
23,Female,Canada,2.188288786102174,Snapchat,1,Socializing,34.69987250851349,1,8.353622907466546,Low,52.202228960737855
22,Male,USA,6.231331927107098,Instagram,1,Entertainment,27.99414458381761,0,6.757693644894337,High,25.10487806447404
21,Other,Germany,3.969557985837859,Instagram,4,Content Creation,23.92203645209424,0,5.948730986372186,Medium,53.0730717676596
21,Female,India,0.5,YouTube,5,Socializing,24.22341636780544,0,8.60263261531184,Low,43.3415844754684
17,Male,Canada,2.432323245613749,Snapchat,3,News,12.028452887723873,1,7.690838511669978,Low,6.678982894581765
14,Other,Brazil,2.708358654025439,YouTube,1,News,26.89595321383309,1,10.0,Medium,10.852073907523774
25,Male,USA,1.388683030945209,TikTok,3,Entertainment,36.48647275534039,0,6.93736117694338,Low,39.4597243982005
16,Female,India,4.7299910368992375,Instagram,3,Education,40.962762016592926,1,6.048501510358595,Medium,53.41851025257678
16,Female,USA,4.10130800644588,Instagram,2,Entertainment,28.75809862840313,0,8.115267101568,Medium,4.400120464034067
16,Female,India,0.927093493844827,TikTok,5,Entertainment,21.14431800985413,0,8.99878194024972,Low,38.35091189343947
21,Female,USA,2.648154098516903,TikTok,5,Socializing,5.0,1,6.047168166491131,Medium,47.48618671288991
15,Male,India,5.310984824970647,Twitter,1,Socializing,23.94662122793981,0,5.925062856615687,High,47.883488315388696
21,Female,Canada,2.3645998360126788,Snapchat,5,Entertainment,7.294308772714913,1,9.573149699153742,Low,73.79814448143065
15,Male,India,5.037427612258431,Instagram,4,Entertainment,16.55948126517811,0,5.784869021954016,High,47.912379902287896
14,Female,India,3.106429564813906,Instagram,4,Entertainment,35.6310423664295,0,8.919203535832088,Medium,37.59533031708399
23,Female,India,3.9723096254650017,YouTube,5,News,11.067374357215474,0,7.309641890462992,Medium,14.704185078870154
13,Female,Brazil,1.9340180409766272,YouTube,1,Education,27.16552892394524,1,9.535948375098316,Low,49.41058551929028
19,Other,India,3.921356237562215,TikTok,3,Education,25.856125294540615,1,7.229039921643179,Medium,52.95674513347706
23,Male,Canada,1.1500566640777787,YouTube,4,News,35.021866554304786,0,9.427195218788622,Low,54.1025874217972
22,Male,India,2.603837524212965,Instagram,5,Entertainment,30.90528143365541,1,6.564562404297138,Medium,8.114377886635488
17,Male,Germany,2.4576051377659067,TikTok,3,Education,29.62233213066914,1,7.432996535834975,Low,92.5686253761145
22,Male,India,4.106622213064481,TikTok,2,Socializing,23.2372171576874,0,6.474455260891226,Medium,43.45743543521186
25,Male,USA,6.709402969109938,Instagram,4,Entertainment,14.445460097542016,0,6.172129138793577,High,52.36208029447357
17,Female,Australia,4.962277094358818,Instagram,4,Content Creation,29.51544803453081,1,6.121509192540645,Medium,24.66768342094681
23,Female,Brazil,3.4503676425382723,Instagram,2,News,29.67342262027426,1,8.139294721601074,Medium,2.795832698147123
14,Male,India,4.657723030938527,YouTube,5,Entertainment,25.851761774249272,1,5.045551269653336,Medium,56.86723438278196
22,Female,India,1.675768408714181,YouTube,3,Socializing,21.32843705385634,0,9.015893201328844,Low,33.76717084485215
14,Male,Germany,2.269977257704568,Snapchat,5,Entertainment,28.983532843860157,1,6.207461150009435,Low,0.0
15,Male,Germany,1.301529455518009,TikTok,4,Content Creation,42.33295929412584,1,8.91883111347437,Low,39.20647934620285
14,Female,UK,1.514238191958129,YouTube,2,Entertainment,5.0,0,8.661421179715676,Low,47.158290898750046
22,Female,Canada,3.389629962021853,TikTok,1,Socializing,31.596864330449137,1,6.247231331508711,Medium,38.14285749351198
23,Male,Canada,3.714563865586238,TikTok,1,Entertainment,18.535319467050535,0,7.863453801386515,Medium,56.33869399384485
15,Male,India,3.8259261945182095,YouTube,1,Education,32.19610531742773,1,6.587362363804067,Medium,31.876422026648527
26,Male,Canada,5.271556724348718,Snapchat,1,Entertainment,19.951553739237937,0,5.5748855880323305,High,55.64871637066382
26,Male,India,4.615667334094072,TikTok,3,Socializing,32.11585377388039,1,4.962353989417425,Medium,41.92419997115167
22,Male,Canada,4.563407402333159,TikTok,3,Socializing,37.72053098946163,0,5.314171796811733,Medium,53.80571234911594
13,Other,India,2.8793179650625804,Instagram,5,Socializing,21.01652514724381,0,8.142532861827194,Medium,29.508872705896582
18,Female,Canada,4.373467562266169,Twitter,2,Education,36.84488666607046,0,7.386506364636518,Medium,65.14480383543365
21,Male,Brazil,2.2304842513628893,Instagram,3,Entertainment,31.297507288123025,0,8.121180430318002,Low,52.49973637003855
22,Male,USA,4.363874935148302,Instagram,1,Entertainment,28.121839623057173,1,6.764261261299058,Medium,37.656589089804015
23,Female,USA,1.353675853588128,Instagram,2,Socializing,33.663233545875165,0,8.579918786935941,Low,25.9262054404374
22,Male,India,0.6499887694160886,Twitter,1,Entertainment,5.48466787320757,1,9.3005480887784,Low,39.14309053457831
18,Female,UK,4.317645413301461,Snapchat,5,News,22.77553814990056,0,6.393171381261398,Medium,54.013289057173
24,Female,India,4.324565561073456,Instagram,2,Socializing,22.978330006299483,0,7.657755394928307,Medium,64.59448624961699
16,Male,Canada,3.2698061738702444,Instagram,2,News,17.181811364814486,0,6.987628686292517,Medium,18.643898408164237
22,Female,Brazil,1.5688970607727657,Twitter,1,Socializing,28.875701792459136,0,9.629111193968615,Low,22.96672013365431
22,Female,Canada,5.121762984698127,Twitter,2,Entertainment,43.32838902123342,0,5.974013750605042,High,8.287416396129696
23,Male,Brazil,4.001022536527353,Instagram,3,Education,27.969366552547147,1,6.685617873977696,Medium,0.0
15,Male,India,6.500062925196863,Instagram,3,Entertainment,26.70808323806694,0,3.5841596452593,High,30.08860386016174
21,Female,USA,3.941454757967509,TikTok,5,Socializing,21.55016928444845,0,6.869985889426084,Medium,73.47342849628254
27,Male,India,5.336384987443066,Snapchat,2,Entertainment,22.67981918699948,0,3.8143386398362087,High,14.949417132493911
24,Female,USA,2.6636221795975885,YouTube,3,News,17.06788821170445,0,8.58855726680704,Medium,28.956802365157195
16,Female,UK,4.314611252593394,Instagram,1,Entertainment,22.20548786632017,0,6.2736072955609545,Medium,86.67827439693286
24,Female,Brazil,1.239344750219952,YouTube,4,Content Creation,32.04608792922701,1,8.916779225756803,Low,86.48853251548516
27,Male,UK,1.4138682780005882,Instagram,4,Education,14.186132648854402,1,7.580918832304582,Low,47.24636720646533
15,Female,India,3.537280825989244,Instagram,3,Content Creation,31.836337490174174,1,5.973753608089972,Medium,0.0
20,Male,USA,6.723083315277453,TikTok,3,Socializing,29.452648553767784,0,5.345698906095481,High,63.634263155705135
27,Female,India,4.055977770363015,YouTube,1,Entertainment,34.468379190463985,1,6.977115667863829,Medium,33.024088431714446
19,Male,Australia,3.272403173802355,YouTube,5,Socializing,21.61179301751776,1,7.87077681126472,Medium,43.886409846408576
26,Male,UK,0.8678390850144928,Instagram,2,Education,19.26509447409105,1,8.315954908332532,Low,4.260248399410955
27,Male,USA,3.570581424478587,YouTube,4,Content Creation,25.52324505419552,0,7.554014440999958,Medium,67.06007366183026
13,Female,India,3.7627679093556425,YouTube,3,News,29.545560377206336,1,7.665712344766057,Medium,31.675414242463823
21,Male,Canada,3.8054895454433937,YouTube,1,Education,30.8187811112754,0,7.627228976468795,Medium,45.50811431562568
21,Female,Canada,4.189000293076231,YouTube,4,Entertainment,20.01244774385936,0,8.830496183729528,Medium,38.3704743826763
27,Female,USA,1.7642329843702738,YouTube,5,Content Creation,27.350772336180817,0,8.665043869360755,Low,28.092258967382666
26,Male,USA,3.468950259411903,TikTok,1,Entertainment,28.534137188426776,1,5.321684915016247,Medium,57.24373089653288
19,Male,Brazil,2.8261358864557247,YouTube,1,Entertainment,13.616329655798618,1,8.280557662889125,Medium,41.27422249552384
27,Female,USA,4.298502240354953,Instagram,3,Education,11.097804742799935,1,5.634441515784776,Medium,46.06343457965342
13,Female,USA,3.788416647542243,Instagram,4,Socializing,41.641288713116126,1,8.339241427817491,Medium,71.82828889030861
23,Female,UK,7.088215038701051,Twitter,2,Entertainment,20.77580846163361,1,5.25542848914986,High,32.32886947307365
17,Male,India,4.890734756205498,Instagram,4,Entertainment,27.83081425457365,0,6.902973130776376,Medium,0.0
23,Female,Canada,2.0295473670252315,Instagram,1,Entertainment,25.37961054052625,1,9.403170048994545,Low,15.02963571986536
26,Male,India,2.26244002176851,TikTok,5,Socializing,25.29025500239901,1,6.90470190529863,Low,48.91820887957535
26,Female,USA,3.784731470171892,YouTube,4,Socializing,29.63323565493692,1,5.43363317867396,Medium,50.54322457792775
26,Male,Germany,2.5900271633018503,TikTok,5,Socializing,18.26088361883634,1,8.102969425771427,Medium,30.8052862695443
18,Female,Canada,2.7785459393482386,Instagram,2,Education,23.00610738871495,1,6.934232421028383,Medium,52.53261986475516
17,Female,India,5.067618291654645,YouTube,3,Entertainment,20.541695388564705,1,5.837437858048885,High,51.88888459804734
17,Male,UK,3.25013339385672,YouTube,5,Socializing,25.488737517658752,1,7.455789040782125,Medium,45.218782710465085
24,Male,Brazil,5.067290447183694,Instagram,1,Socializing,21.428798093419296,1,7.010564487479004,High,53.38426956506
26,Male,Brazil,4.345266492553868,TikTok,3,Entertainment,16.748989023564228,1,5.541977674364043,Medium,48.68351967804774
27,Female,Canada,1.7909013973966417,TikTok,1,Entertainment,19.07895532296413,0,8.819772563271785,Low,23.736243335598143
23,Female,India,2.7935184122235484,YouTube,2,News,20.144941666880584,1,6.917286951895799,Medium,40.67481827009814
16,Female,Canada,4.11590740394001,Instagram,4,Entertainment,27.638021487886554,1,6.435521527035899,Medium,64.85700282532741
14,Male,India,3.022109227780095,Instagram,4,Education,21.45117955832594,1,6.708263386528337,Medium,54.922140365098734
23,Female,India,3.3812222485322185,Instagram,2,Education,42.7013809274513,0,6.861321667098431,Medium,55.645313689232175
27,Male,USA,6.798372733670134,Instagram,5,News,17.624114467819016,1,5.853340703049614,High,34.006412846442586
26,Male,Germany,3.161761418834971,Instagram,4,Socializing,5.0,1,6.922415421597423,Medium,36.42911511133048
24,Female,India,3.821929104596496,Twitter,1,Entertainment,22.21073213573959,0,7.071936913102568,Medium,40.04233524833595
13,Female,Germany,0.8258294149769507,Snapchat,2,Socializing,48.97168973783577,1,9.543304205313834,Low,67.22365667095775
16,Female,India,2.459494555419031,TikTok,5,Content Creation,39.33208366759175,0,7.9556574325247,Low,13.86541449326122
26,Female,USA,2.823786485020822,Instagram,1,Entertainment,20.808364919567943,0,8.11652682310756,Medium,51.28244808890968
27,Female,Germany,4.837516981648565,Twitter,2,Socializing,9.674879651101904,1,6.260400229472963,Medium,57.52045359919059
14,Female,Australia,0.5,TikTok,1,Entertainment,46.89162303016859,0,10.0,Low,47.80239638691411
27,Male,Australia,0.5,YouTube,1,Socializing,28.041457712361005,1,8.291392394250249,Low,49.57459529444544
14,Female,Brazil,2.913638732394761,Instagram,4,Education,35.300441878740614,1,8.625708116583782,Medium,53.22901351717225
23,Female,USA,3.729494597810682,TikTok,3,Education,42.5119803219483,1,8.311511423548247,Medium,0.0
16,Female,Canada,3.412990123038747,TikTok,2,Socializing,20.708235367214247,0,7.151954290079169,Medium,26.5186671827205
20,Female,India,3.668601256878021,Instagram,2,Entertainment,30.00322295404949,0,8.608819736090796,Medium,60.75323622464241
23,Male,India,2.699884354549732,YouTube,3,Entertainment,7.826299085564802,0,5.057827748670244,Medium,20.717147208157577
15,Female,India,4.135792068673828,Instagram,1,Education,21.92522266314125,0,8.061085514483768,Medium,63.03091611421082
13,Female,UK,5.048303941017709,TikTok,1,Entertainment,10.656385687391971,0,4.508305213627157,High,5.807567885045295
21,Female,Brazil,2.7523611989081025,Instagram,2,Entertainment,33.97001203663739,1,7.319803524744547,Medium,30.00600664540852
17,Female,India,3.021394501417188,TikTok,5,Education,16.131245341497976,1,7.833761759321741,Medium,59.7046519124581
17,Female,USA,2.8322440203567725,Snapchat,3,Entertainment,56.29641576811123,1,7.512529378359305,Medium,44.527017880452114
22,Male,Canada,2.6598745603029896,Twitter,1,Entertainment,34.8505675690719,1,7.697954733098266,Medium,50.30289137675069
26,Female,Germany,0.8782339141934736,YouTube,5,Education,23.30156884118323,0,8.472031501789926,Low,35.8594955530173
19,Male,Canada,3.745945408425254,Instagram,3,Content Creation,39.2557722839644,0,7.146695964736297,Medium,22.854805664459384
24,Male,Germany,4.438135829345481,Instagram,5,Education,11.973420811265266,0,5.197108982536056,Medium,56.868004035627415
15,Male,USA,4.612983774146368,Snapchat,5,Education,27.35370601235519,0,7.751168097989062,Medium,63.72976608232426
13,Male,Canada,4.278443165357734,TikTok,2,Entertainment,25.93007154989467,1,5.980924953859767,Medium,23.99942229215401
16,Male,Australia,5.443535835672104,YouTube,5,Socializing,9.913906633243366,1,5.381239931484712,High,40.01693609064106
21,Female,Canada,0.8699743327277347,Twitter,2,Entertainment,32.57221400667407,1,8.810065546764395,Low,36.44577407143703
20,Male,USA,3.4514315613691458,TikTok,5,Education,29.753626173324207,1,8.190845887865892,Medium,21.451670219173785
27,Male,USA,2.4119258777488857,Instagram,4,News,28.09972006204339,0,6.675657144570023,Low,65.133400489667
13,Female,Germany,4.513805685675662,YouTube,5,Entertainment,17.123687310827872,0,7.487982663472138,Medium,61.33749417175267
25,Female,USA,4.968371259154159,Snapchat,4,Education,36.34940389802431,1,4.030970443321451,Medium,33.40872374735981
21,Female,India,3.61726349697208,TikTok,1,Entertainment,30.48082803295744,0,4.162186493531568,Medium,35.20132293153994
16,Female,Germany,2.2564170110710253,Snapchat,5,News,13.582197925295707,0,6.846777684290352,Low,15.041907264949582
15,Female,India,1.2282792795103488,TikTok,3,Socializing,29.520883920068524,1,8.346531311490718,Low,51.221735469674734
16,Male,Brazil,3.795530887400638,YouTube,4,Entertainment,20.65223822569184,1,7.943035926744228,Medium,34.63241073135508
21,Male,UK,2.271838107372322,Instagram,3,Socializing,23.026448037590583,0,7.433779028225746,Low,52.591855358738016
26,Male,UK,2.54581514440284,Instagram,1,Entertainment,26.47378500590851,0,7.883727691657151,Medium,44.615096549642665
26,Other,Canada,3.0081244903558826,Instagram,3,Socializing,20.41235782309336,0,6.345455512422772,Medium,50.3316396089367
25,Female,USA,2.050778572752759,YouTube,4,Education,34.46022642800178,1,10.0,Low,77.93333466376916
27,Male,USA,1.472463730663871,YouTube,3,Entertainment,17.85213936040411,1,7.342623561746072,Low,3.3366812669526595
17,Female,India,1.9018632976614092,Instagram,4,Entertainment,19.59314444298959,1,9.286004345283049,Low,21.37531579783252
25,Male,UK,4.167010544409546,YouTube,3,Entertainment,22.657911883396416,1,5.7744719480558775,Medium,44.92970026236314
23,Male,USA,2.215734079548098,Instagram,4,Entertainment,14.342866538992972,0,9.439183552046874,Low,6.0899127630726895
20,Male,USA,1.6968277080268883,YouTube,4,Entertainment,18.02260970241684,0,8.017318915027998,Low,42.610053390308856
19,Female,Canada,4.940913033620775,Twitter,5,Entertainment,29.48391114275832,0,5.6532453938967855,Medium,26.48010755231058
19,Other,India,2.0707157109067387,TikTok,5,Education,23.89742561499235,1,8.315182581046937,Low,14.161410158211698
21,Male,USA,2.146029147663241,TikTok,4,Entertainment,13.522935693451297,0,6.870665186729735,Low,36.76835545805792
13,Female,USA,3.455999976349023,YouTube,4,Entertainment,15.519048920346512,0,6.645681702695142,Medium,53.414955698654815
19,Female,USA,6.248035229686261,TikTok,2,Entertainment,15.303302006525024,1,3.3757033356538164,High,53.27466650095174
24,Female,Brazil,2.70997580023702,TikTok,5,Entertainment,41.97478829517763,1,7.047948162539414,Medium,58.2334594395331
23,Male,Germany,4.555014778001991,YouTube,5,Entertainment,32.21562767415205,0,7.941450557580676,Medium,71.10836723608287
13,Female,Canada,4.689469566212083,Instagram,4,Socializing,32.153764226899455,1,6.277419484250481,Medium,20.44077468537057
24,Female,Germany,5.794533185520857,TikTok,2,News,31.810633234191176,1,6.8396664750387615,High,44.93082823807865
21,Female,Canada,2.1079057371758285,Snapchat,4,Socializing,5.097092666517359,0,7.590941195008896,Low,31.161961643761483
18,Female,Germany,3.1998200406158683,Snapchat,4,Entertainment,17.40724627324994,0,6.002168021861415,Medium,29.02499498137104
25,Male,UK,3.9811934865162177,YouTube,5,Socializing,5.0,1,8.137546545529105,Medium,6.451971584265209
23,Female,Australia,5.259137878141468,TikTok,1,Socializing,6.543355086054174,1,6.291024466271748,High,48.93745133028733
18,Female,UK,3.38349072133189,TikTok,2,Socializing,22.488443717580164,1,8.857240500269766,Medium,31.18579335636008
26,Male,USA,5.809899533642584,YouTube,1,Socializing,20.028911338368047,0,5.161798887640457,High,28.744744400142217
22,Female,Brazil,1.8552837664588917,TikTok,3,Entertainment,39.83134262145396,1,9.057797394201712,Low,57.57668183927079
21,Male,Canada,3.825975777585753,Instagram,3,Socializing,5.0,1,6.662308053879133,Medium,53.775191828989
15,Female,Canada,3.118808104217953,YouTube,4,Education,18.093933640866485,1,8.588160728949752,Medium,58.00775357786317
16,Female,Germany,4.568033752719535,YouTube,1,Socializing,18.301860780872584,1,6.562410371051636,Medium,23.710344863819152
13,Female,USA,5.6777858389279725,TikTok,5,Socializing,20.813924917756005,1,5.690039152156921,High,8.026520349436261
23,Other,India,5.526908082405605,Twitter,5,Education,44.31621425448796,0,6.398217970609977,High,45.76386163200383
18,Male,Canada,4.46564480050931,YouTube,4,Entertainment,39.35919552670114,1,6.355228701222205,Medium,61.301916761719234
21,Female,USA,5.021935874326271,TikTok,4,Education,12.349292566991576,0,7.253527710727154,High,63.43972527326176
25,Male,India,5.444067877461959,TikTok,2,Entertainment,30.4813255087714,1,5.358109618464102,High,47.57758075922034
14,Male,India,3.0913983008083017,YouTube,4,Content Creation,34.16800872760328,1,8.075692700485288,Medium,44.58398857026721
18,Male,Germany,2.455743537830364,Snapchat,1,Education,41.92096353895612,1,7.086432683691675,Low,26.43859559729616
25,Female,India,4.692931269589874,TikTok,5,News,19.964080154937548,0,7.357876786778803,Medium,21.30746737290486
27,Male,Brazil,2.0259298512887485,TikTok,1,Entertainment,28.5706586663638,1,8.325545365545375,Low,38.04413752504834
14,Female,USA,4.541049416083073,YouTube,5,Education,24.58506865139586,0,6.095539966357835,Medium,44.01090610735184
20,Male,UK,5.106385432373578,Instagram,5,Entertainment,20.948730467205387,0,6.472282865661558,High,0.1952140480438586
27,Male,Brazil,3.205399069624108,TikTok,2,Entertainment,26.87763170559539,0,7.946181190821456,Medium,34.8793906827051
20,Male,India,1.5512816226478194,Snapchat,4,Socializing,26.704231344112685,0,7.975170469888829,Low,43.48227240825682
26,Male,USA,4.531863011503884,Snapchat,3,Socializing,22.1806361591046,1,5.1955638472806,Medium,35.26553133805332
27,Female,Canada,2.7514117868803774,Instagram,2,Socializing,5.0,1,7.286766902410044,Medium,38.21431659785427
23,Male,USA,3.901156149546509,Snapchat,5,Socializing,27.69838237794335,1,6.181664112566361,Medium,17.69984838270425
18,Female,USA,4.154893592310948,YouTube,5,Entertainment,26.329453984528023,1,6.493581379816418,Medium,75.34831994642278
27,Female,Brazil,5.404736317830708,Twitter,4,Socializing,33.696953867184256,1,6.130997126796958,High,49.50334023304873
22,Female,USA,2.5113809219940717,YouTube,2,Socializing,26.851565158684352,1,6.680466781390617,Medium,63.13710686395898
21,Male,India,4.285971308863934,YouTube,2,Socializing,31.826969445308528,1,6.634698476303791,Medium,44.21345871069604
13,Female,UK,6.1227192073819054,Snapchat,5,Socializing,40.302483862687566,1,5.252142504034894,High,72.86650125792418
26,Male,Brazil,2.471265731613012,Instagram,2,Education,23.02054601048116,1,8.504705342000983,Low,34.63083427176335
19,Male,Canada,3.731855235779948,Snapchat,2,Entertainment,13.364240754106255,1,6.73673971432574,Medium,15.047774975678896
22,Male,India,3.655520900879259,Instagram,5,News,30.596089491945804,1,6.673661622464392,Medium,42.7829902637428
13,Male,India,4.614061930716882,Instagram,2,Entertainment,40.01370964900571,1,5.806174199572212,Medium,53.69980252513098
20,Male,USA,4.817448458996884,Instagram,1,Entertainment,26.904538541952427,0,6.313362971546935,Medium,37.5633864252315
23,Female,Canada,4.799946178715228,Instagram,3,Entertainment,26.3430583151764,1,5.883967920680228,Medium,29.427688133712188
15,Male,India,3.209782587800444,YouTube,3,Entertainment,19.76469332587572,0,6.950459865428612,Medium,29.419582275250225
24,Female,Germany,3.258803529042916,Twitter,5,Education,28.70680819803002,1,7.462990369980766,Medium,20.645877555103063
19,Female,India,4.351648672801408,TikTok,1,Entertainment,29.35445795105753,1,7.196734858251327,Medium,40.99211056111676
26,Other,UK,3.252642301383965,Instagram,5,Entertainment,38.93697111894859,0,5.317104962309162,Medium,49.14045810606599
23,Female,Canada,3.675059032013887,Snapchat,3,News,32.61377151108876,1,6.391295158241694,Medium,57.63866310840405
15,Male,Brazil,4.392048577423714,YouTube,1,Education,18.24399961525996,0,8.841280900175912,Medium,68.07231602553264
26,Female,India,3.2176981421925466,Instagram,1,Socializing,11.551476173774136,1,7.922292751446241,Medium,32.010524920307944
18,Other,Australia,3.1977245799863803,YouTube,4,Entertainment,36.76464854169345,0,7.656363803130474,Medium,23.007480986075294
27,Male,Australia,3.3322506878446587,TikTok,4,Socializing,15.315929780048776,1,6.061438763003331,Medium,34.692664113777056
24,Male,India,3.5946803257705717,Instagram,5,Content Creation,16.718556324795145,1,6.6720761213214725,Medium,41.90599772108604
19,Male,USA,2.1551708923206703,Twitter,2,Socializing,30.64078347415088,1,7.543328829508314,Low,28.55542840455816
19,Male,USA,2.252270407986431,YouTube,1,News,18.63401797996972,0,8.283759541499835,Low,23.985833921721746
14,Male,India,2.707222672912021,Snapchat,4,Socializing,7.254752298037502,0,6.795596183403183,Medium,0.0
24,Male,Germany,5.629894738483156,Instagram,5,Socializing,21.038521354106717,1,5.224050819770667,High,67.5930982634726
25,Other,Brazil,6.842222005039558,TikTok,3,News,5.0,0,3.4707178752695333,High,63.79222662925959
15,Male,India,4.020861793298977,Instagram,3,Socializing,38.47919839567611,1,6.742258279825558,Medium,63.389592127744685
16,Male,Canada,6.456945838554303,Instagram,2,Entertainment,26.20713935766385,0,4.469306992047065,High,62.4849403217296
13,Male,USA,3.822455419336714,Instagram,1,Socializing,40.21462587399687,1,6.457720860679184,Medium,21.11187659203296
25,Male,India,2.5587456956706065,Instagram,1,Socializing,24.78754190389982,0,7.8277575898588765,Medium,64.61483899793018
25,Male,UK,5.241193332365083,Snapchat,2,Socializing,34.42395118548851,0,5.772385966611368,High,19.02949409953404
15,Male,Australia,4.8746336196713,Instagram,4,Education,24.01676357963339,1,5.840001807151714,Medium,57.849375167164354
23,Female,India,2.167003793334424,YouTube,5,Entertainment,24.69217524347173,0,9.141869944180776,Low,60.73018924597282
26,Male,India,5.903382753720473,TikTok,3,Socializing,10.358616585799163,0,7.955901073785569,High,46.10236876985762
24,Female,UK,5.901670749069391,Instagram,2,Education,29.897009855764587,0,3.925603987566246,High,15.403547907140664
26,Female,USA,2.81330656846605,Instagram,5,Entertainment,25.86996154985047,1,6.747257316367406,Medium,17.51752944764595
17,Male,Germany,1.6523059513909384,Instagram,2,News,18.10733913928417,1,7.964389057822431,Low,38.03123721158281
25,Male,India,4.673100023325866,Snapchat,4,Entertainment,19.621654698155144,1,5.805132091250997,Medium,61.21729860351
25,Female,Canada,2.739201557816884,Instagram,2,Content Creation,20.02756527790838,1,7.27942962576689,Medium,23.116836977645814
20,Female,UK,0.7863643678498251,Twitter,1,Entertainment,17.58411800923507,0,10.0,Low,7.266409097282597
16,Male,Canada,2.1125452267640474,Twitter,2,Entertainment,29.712893437923796,0,6.41106547559893,Low,0.6424551065055368
21,Male,USA,3.172215305519561,Instagram,3,Education,15.560744145507586,1,7.475110594577239,Medium,30.86525739047929
27,Male,USA,3.191590052071387,TikTok,4,Entertainment,16.860927757227913,0,8.164415122019506,Medium,46.59796075756375
20,Female,Germany,2.0207113337197877,Twitter,2,Entertainment,27.98600231584053,1,7.133276187009351,Low,21.97469888784267
16,Male,India,3.053473783896969,TikTok,5,Socializing,27.6463257300998,1,6.541994193890193,Medium,59.79768229100768
13,Female,India,2.169696933492702,Instagram,2,Entertainment,11.084295691657884,1,7.636200624094382,Low,44.17978396453859
17,Male,Brazil,2.6047594802376834,Instagram,5,Education,24.937204775276147,1,7.186431519518847,Medium,13.937653677588116
22,Female,India,4.439431665727115,YouTube,3,Entertainment,26.699813707199112,1,5.925356393025661,Medium,26.614132728263414
25,Male,India,2.637411840785252,TikTok,3,Socializing,33.15027583206763,1,7.332420172167151,Medium,27.02337242756485
23,Female,Brazil,3.4264000571630246,TikTok,5,Education,33.03896785613111,0,5.865739438608178,Medium,28.039618542705437
16,Male,India,2.318387545017869,Twitter,2,Education,38.32301914961164,1,9.483597441899256,Low,59.30914856866728
21,Female,Brazil,5.150598395394036,Instagram,5,Education,25.217520502167105,1,4.869944387410765,High,60.4132249494776
15,Female,India,4.886917005770542,YouTube,1,Entertainment,53.00887310553022,1,6.823716102530517,Medium,38.49408392277705
14,Female,USA,2.6359709012531405,TikTok,1,Entertainment,39.64881956986274,1,7.572470975142144,Medium,72.09111878396251
25,Male,UK,3.137296231898264,TikTok,4,Socializing,31.49930242056754,1,8.938539563156649,Medium,44.213405279032045
25,Male,USA,3.357235254886336,TikTok,4,News,25.46453877757872,1,7.585471316138391,Medium,31.665243390655554
22,Male,Germany,0.9120550372409606,Instagram,4,Socializing,33.34863898364175,1,9.022938481149607,Low,44.51078824805638
19,Female,India,1.3010848784789697,YouTube,2,Entertainment,13.315370465988565,1,7.980485641533747,Low,23.004768476756865
22,Other,Australia,2.467404997227736,TikTok,4,Socializing,5.0,1,7.871795806346332,Low,7.09007400127912
18,Male,Germany,3.2098303043190604,Instagram,2,Entertainment,19.55473235828827,1,7.780862767153547,Medium,34.08117137298307
16,Female,Canada,3.5578030336682924,Instagram,4,Entertainment,36.55162764858469,0,6.589886635416503,Medium,53.14513460252731
13,Female,India,0.990873089908734,YouTube,4,Education,18.190379644110127,1,7.765077008900177,Low,29.710106365206016
16,Male,Brazil,4.367170325197839,Instagram,5,Content Creation,10.737254868612188,0,6.631895650039653,Medium,15.488640768842842
23,Female,Brazil,3.3834543399631736,Twitter,4,Education,31.11150955170266,0,7.75392022860829,Medium,38.43904657457795
13,Male,Brazil,4.215103814140996,YouTube,4,Socializing,25.855348937729545,1,8.051539719415025,Medium,56.31997214482901
16,Female,India,4.622019162575864,Twitter,1,Entertainment,31.13871915668776,1,6.703851960940186,Medium,15.965457243477626
25,Female,USA,3.48227897115374,Instagram,3,Education,25.46543191303012,1,7.789170702053931,Medium,13.49699340563863
15,Male,Canada,5.20889057446725,Instagram,2,Socializing,5.0,0,6.216440654360045,High,36.884375175371225
17,Female,Germany,2.8329970546488394,YouTube,5,News,5.0,1,7.695343587399468,Medium,51.96899001531629
27,Male,Canada,3.8119382332090335,TikTok,4,Content Creation,32.09348542695772,0,7.032681118320683,Medium,46.75987951088824
27,Male,Brazil,1.2132697534482646,Twitter,1,Entertainment,33.583520698256194,0,8.649985038301281,Low,37.659665323421294
25,Other,Germany,4.144174711643246,TikTok,3,Education,40.664250372993166,1,5.043414561566086,Medium,57.1317341339628
17,Male,India,2.5648020726438885,Instagram,1,Entertainment,15.097058278747848,0,9.007936972406998,Medium,46.982903241762045
19,Male,UK,6.428369121973416,TikTok,5,Entertainment,17.320833454636134,1,4.806150190154079,High,70.12010852902075
18,Female,USA,2.047337544280461,Snapchat,3,Socializing,18.12768418569118,1,8.960604609264234,Low,51.92822087336768
16,Other,UK,3.776228868990564,YouTube,5,Socializing,21.249803505516063,1,6.561446132818543,Medium,80.31653155278096
15,Other,India,5.473206906398403,YouTube,1,Education,13.624801259752743,1,5.310976451584448,High,0.0
16,Male,UK,4.257911052445717,YouTube,3,Entertainment,32.09015172665033,1,6.279889860974221,Medium,46.02978503057622
23,Male,USA,3.160373486134596,Instagram,1,News,32.2260070925475,1,7.264318311978399,Medium,26.017902388271104
21,Female,India,2.572351479848345,Snapchat,1,News,21.665125747757543,1,8.990179851838413,Medium,29.63171038371879
23,Male,India,4.413656259140641,Instagram,2,Entertainment,19.298552881177272,0,5.577796855633665,Medium,40.26951222233972
13,Female,India,4.045823164991,Instagram,5,Education,47.324735666920695,0,5.488310952564336,Medium,39.79144731518461
15,Male,Australia,5.105083655577674,TikTok,4,Entertainment,33.45319406822128,1,5.454314065309879,High,34.3551184782166
24,Female,Australia,3.09781023663267,Instagram,4,Entertainment,30.750901953887546,0,8.053412465985188,Medium,49.28873476440504
23,Male,Germany,4.689963876533896,TikTok,4,Entertainment,38.41824118985412,1,5.667496289834452,Medium,58.10033786992196
14,Female,Brazil,3.8300332739167295,YouTube,4,Education,17.198591269101925,1,7.921261433047499,Medium,51.615487359505615
20,Female,India,4.236765321297087,YouTube,2,News,25.74880852111443,1,7.490212980255015,Medium,73.03788599043375
23,Female,Germany,6.309978850340086,YouTube,3,Entertainment,37.31856270707351,1,4.432743332344711,High,58.77129447305856
26,Female,Canada,2.569130774357202,YouTube,4,Entertainment,38.3893710399532,1,6.54504767819116,Medium,21.7024644663581
18,Male,Germany,2.61771517457535,Instagram,4,Socializing,37.77286412783232,1,7.914070878889495,Medium,28.322847849098537
21,Male,UK,2.058404480810807,YouTube,4,Entertainment,27.215114180140244,1,10.0,Low,51.67942927088933
16,Other,USA,1.9804603129827336,Instagram,5,Socializing,20.997282812530734,1,10.0,Low,72.44315534267332
13,Male,India,5.95806332573731,TikTok,1,Entertainment,32.157389747535525,0,3.9829863887754913,High,34.281841291708155
20,Male,Germany,1.7929695744982226,TikTok,2,Socializing,33.164288421111195,1,10.0,Low,46.84956539136445
13,Male,Brazil,3.1656712466371806,YouTube,1,Entertainment,21.619534225948883,1,7.459942878310527,Medium,62.43566615907047
16,Male,USA,5.196347163113773,Instagram,1,Entertainment,6.3702419128745404,1,7.024993511007692,High,28.831973458291092
19,Female,USA,4.068776052145891,TikTok,5,Entertainment,30.54893421043477,1,6.536541377565474,Medium,48.52982973224881
25,Female,India,1.473091348909248,Instagram,3,Entertainment,48.38925175546598,1,10.0,Low,25.708141944026337
25,Male,USA,3.845976847748142,Instagram,4,Entertainment,30.16903983475649,0,5.169646633224295,Medium,24.119328647188414
18,Male,USA,4.62573078613999,YouTube,3,Education,19.97374929079828,1,6.042526816718796,Medium,37.85217807315575
27,Female,India,7.019664892381029,Snapchat,4,Socializing,14.65820275493034,1,5.823411795323125,High,51.67549271364881
24,Male,Germany,2.4670430197133517,TikTok,1,Entertainment,45.22015321954392,0,6.9345647669791415,Low,35.522497307944974
13,Female,Brazil,5.822254214749918,TikTok,3,Education,23.80725106622729,0,5.410775768752108,High,35.79400669673353
19,Female,India,3.556484120331584,YouTube,3,Socializing,53.18339281076072,1,5.598841062916935,Medium,50.94399483270613
24,Male,Brazil,3.2349101253251336,TikTok,5,Socializing,40.37108677792012,0,8.39759752443507,Medium,0.0
13,Male,Canada,2.693204663449815,Instagram,5,Content Creation,10.80560084679432,0,6.582181077106962,Medium,29.304392925580448
13,Other,India,3.2963495973282697,Instagram,5,Entertainment,43.19383277539009,1,6.926380507049505,Medium,65.49452053058906
26,Male,Canada,3.872379743123047,YouTube,2,Socializing,39.04243799011686,0,7.626386329493803,Medium,13.635647633230104
22,Male,India,2.4776251940732825,YouTube,1,Socializing,20.536262230856305,0,9.467238895462106,Low,63.7348657197017
16,Female,USA,3.682673183795056,Instagram,2,Entertainment,35.691543372571786,1,7.92742823066854,Medium,24.475218849310394
21,Male,USA,5.1133836190843285,Twitter,1,Education,32.543118626983414,0,7.583027155297385,High,33.914616897381535
13,Male,USA,3.256597120516353,Instagram,1,Socializing,14.390294905554017,1,6.014464189928354,Medium,11.734226355879102
14,Female,USA,4.374272429986127,TikTok,3,Education,29.883905867032432,1,6.957620479567804,Medium,25.29215225421996
13,Male,India,6.050928447296878,YouTube,1,Entertainment,19.847185971038066,1,4.91183645107307,High,12.95250030562357
16,Male,India,2.4911637109250666,YouTube,3,Socializing,17.045623857178136,1,10.0,Low,46.57448612314795
25,Male,Germany,3.889746650355885,Instagram,1,Socializing,28.85917009181193,0,4.87360675604101,Medium,43.11337466244851
24,Male,India,3.1532021194497872,Instagram,4,News,22.43272432962214,1,7.316267307532208,Medium,22.00585522518005
15,Male,Canada,1.2462501819649936,Snapchat,1,Socializing,17.46930014655132,1,9.514413145767564,Low,24.998391530728377
14,Female,USA,4.288530197016529,Twitter,1,Entertainment,18.75559968745133,1,6.94295698402866,Medium,30.79641390672852
26,Male,USA,3.349730953630735,YouTube,3,Socializing,22.31508148973928,1,7.8888162423824095,Medium,65.95643567515293
25,Female,Canada,2.7337230096435485,Instagram,5,Socializing,27.89720382736668,0,7.735455353747646,Medium,48.59193139164514
19,Male,UK,7.876777372697294,Twitter,5,Socializing,26.4893915574952,1,5.462180623458192,High,18.300107888799808
25,Male,Canada,3.3042082447694945,YouTube,1,News,21.518894096322644,1,7.146475341703188,Medium,12.197490323576986
14,Male,USA,4.702761337472244,TikTok,4,Entertainment,24.29781298503301,1,7.423904075899157,Medium,18.914652114551373
14,Male,Germany,4.124149475514897,YouTube,4,Education,20.40667065624393,1,6.591141556093592,Medium,70.06265522659812
14,Male,UK,2.5252238724551272,TikTok,4,Entertainment,23.404162323510924,1,8.265832719961416,Medium,5.219148700115724
18,Female,UK,5.403102785949884,YouTube,1,Entertainment,10.544900539287273,0,4.67061971821757,High,12.243481433466735
14,Female,UK,2.1072043376595957,Instagram,4,Education,19.537596708011456,1,7.993023056586182,Low,50.15100942828436
18,Male,Canada,4.645342965629979,Instagram,3,News,26.31972349489654,1,4.71136720794981,Medium,55.52536612733223
20,Male,USA,4.736631481372718,Instagram,5,Socializing,26.268067819574064,1,5.920992092519583,Medium,36.81847218456685
17,Male,India,2.127328152134295,Snapchat,1,News,33.67593974552551,1,7.837814203901378,Low,51.71892217861223
22,Female,Brazil,4.096888127253734,TikTok,1,Entertainment,27.010859924418625,1,6.702058103340268,Medium,49.84754935606896
24,Female,USA,0.5,TikTok,5,Education,17.6841377225983,1,10.0,Low,0.0
17,Male,India,3.514151160296868,TikTok,4,Education,35.375549925455985,1,6.49933992123957,Medium,47.94656906785656
22,Female,India,1.8632697018898357,Twitter,1,News,19.55735241064693,0,9.507075064738416,Low,62.96754667732861
15,Other,India,4.741069243390907,TikTok,5,Content Creation,16.913140570626993,1,5.8748550080363175,Medium,47.78421561450264
16,Male,Canada,2.576878420491392,YouTube,1,Socializing,35.256622641155886,0,9.182501118428227,Medium,26.56116851892463
25,Male,USA,3.783750806535716,Snapchat,2,Entertainment,23.940076338936368,1,7.369736211168639,Medium,36.824057133082725
23,Male,India,1.1840308496648984,Instagram,5,Entertainment,28.806294707387217,1,9.576383542601958,Low,45.70138908186048
23,Female,Brazil,1.7838143895708969,YouTube,3,Education,28.14030434084686,1,6.936789893196892,Low,38.00532742451384
26,Female,India,3.014547613677164,Instagram,5,Socializing,19.591636514937804,1,7.017122228853064,Medium,25.63525747331329
18,Male,UK,3.077181287702451,Instagram,2,Education,10.87758320174381,0,9.864667572868656,Medium,43.59499436024342
23,Other,USA,1.6140676270544143,YouTube,1,Socializing,13.010185691254929,0,9.291431109679204,Low,42.78421498298332
13,Male,India,1.9537703031983131,Instagram,5,Education,16.935329314237304,0,8.043378263504705,Low,12.693463878900143
13,Male,USA,3.6779375632059623,YouTube,3,Entertainment,27.758222809316177,0,6.638668714913452,Medium,29.2690588940489
16,Other,USA,1.573768764424263,Instagram,3,Entertainment,26.79082888853019,1,8.782487436750392,Low,32.16186601383083
14,Female,Brazil,3.7277411763548014,Instagram,1,Education,37.38808268974379,1,6.881379152794688,Medium,82.6003541621756
23,Male,India,2.670574975714862,Instagram,1,Socializing,57.10603350072961,1,8.269424527158286,Medium,53.763793155051104
24,Male,India,2.0335688194036745,Instagram,1,News,5.691130597736084,1,7.7423541673800385,Low,53.66565140959258
18,Male,USA,3.917369702115417,Snapchat,4,Entertainment,20.43470902282545,1,7.954057088809723,Medium,33.4262134336694
27,Female,USA,4.982478320824062,Twitter,2,Entertainment,29.34302336621385,0,7.239303836540215,Medium,23.64484826096929
26,Female,India,5.110875078723656,Snapchat,3,Socializing,20.253950055709275,0,5.562433575543484,High,48.947973914085296
23,Male,USA,1.7424120559943486,TikTok,5,Content Creation,5.0,1,9.214728415235204,Low,35.7309619488998
22,Female,Brazil,4.824969383351194,YouTube,5,Education,27.64115335892563,0,6.5419927083808345,Medium,22.944886546771254
15,Male,Canada,0.5,Instagram,4,Entertainment,19.283794613328705,1,7.824190078584558,Low,64.84589546572913
19,Female,Brazil,4.0825851743304495,TikTok,4,Entertainment,8.997735612963627,1,6.164766331155128,Medium,92.3257624575379
22,Male,India,2.613557727098109,YouTube,3,Education,18.585300777396835,1,7.23392433282735,Medium,54.99867712334541
16,Male,USA,2.80630865164218,Twitter,3,Education,23.853348495444443,0,9.197419721791404,Medium,49.67127799509909
13,Male,Australia,2.0575188405027296,YouTube,5,Entertainment,7.763005349205457,0,7.8167978690161455,Low,91.35191263154792
24,Male,USA,4.094350874089762,Instagram,4,Entertainment,5.0,1,5.834578374849468,Medium,44.90863398006962
26,Female,USA,4.039308164088082,TikTok,4,Entertainment,17.534519570568026,0,7.077166935678322,Medium,35.403545511736176
14,Other,USA,3.48264282452272,Instagram,4,Entertainment,18.685133112456583,0,6.311148155488609,Medium,42.37251061123327
14,Male,Australia,1.2677679762000178,Instagram,1,Socializing,39.80468083162034,0,9.169627487414097,Low,36.507102624306015
21,Female,India,2.038648546711324,YouTube,1,Entertainment,11.242641194798924,1,9.374568629156084,Low,60.80071069266508
27,Female,USA,2.5685098683575576,TikTok,3,Entertainment,27.248246002222803,0,9.139857259434134,Medium,43.4158817731379
15,Male,USA,3.810693132392674,Twitter,4,Entertainment,26.43399409161572,1,7.276515388892196,Medium,94.10965469400792
22,Male,India,3.005688864457755,Instagram,1,Socializing,11.595706468707151,0,6.125385355112019,Medium,43.84635198008051
19,Male,India,4.281116905954931,TikTok,3,Socializing,37.94401562092618,0,4.970109498230375,Medium,42.081487936759736
27,Male,Brazil,4.317564768005909,YouTube,5,Education,21.59037461966808,1,6.640623889389864,Medium,40.37071139772584
19,Male,UK,4.661971211718694,Instagram,1,Socializing,5.0,1,4.961524175731113,Medium,26.69216427179438
14,Male,Brazil,2.729844955572642,YouTube,5,Socializing,34.81253912339611,1,6.702340533288939,Medium,84.11211197495575
14,Female,Canada,5.106845880710853,Instagram,4,Socializing,22.399291097475224,1,6.299366998549353,High,55.40486001609226
20,Male,UK,4.109921973460968,YouTube,4,News,24.47190474194221,0,6.893419260094614,Medium,69.50041489345809
26,Male,India,6.021464973548541,YouTube,4,Education,27.325178150922618,1,6.185378432877439,High,55.38332070594005
24,Female,India,3.433081172871313,YouTube,2,Entertainment,39.21893886672044,1,7.016245396661884,Medium,32.57213673280011
21,Male,India,4.220656113058993,YouTube,4,Socializing,19.987072279140605,1,8.06945217244453,Medium,59.657305270494064
17,Female,India,2.086084578503808,Twitter,3,Socializing,36.3489449104817,0,8.395219711028194,Low,28.614702812988856
20,Male,UK,2.759346543525454,TikTok,5,Entertainment,21.38214437408777,0,7.044326316246295,Medium,50.12293938018362
15,Female,India,0.5,Snapchat,3,Education,18.92110827868674,0,9.660210218781982,Low,48.88671661122811
14,Female,USA,3.648863266932565,YouTube,1,Entertainment,18.07541215896422,0,6.929899773934965,Medium,7.991117369870494
22,Female,India,4.734582348584205,Instagram,5,Education,5.6361963444865495,0,5.33622426934568,Medium,53.27871930197329
25,Female,Germany,6.269794545124866,Instagram,3,Entertainment,11.810648815229914,1,5.596890404824302,High,54.823925432556834
19,Male,USA,3.9804944305956456,Instagram,2,Content Creation,38.4446675322929,0,6.33256570153832,Medium,27.544837007300487
25,Male,India,5.160601659302023,Instagram,2,Entertainment,17.07357799156366,1,5.092226363764192,High,5.036407124356636
19,Male,UK,5.027558065359684,TikTok,4,Entertainment,22.093832678786637,1,4.688018149051123,High,12.873405435581551
24,Male,USA,1.0435163277412238,TikTok,3,Socializing,17.406003568787458,0,7.710010975674646,Low,59.01878251754454
19,Female,Australia,2.662247027822044,YouTube,5,Education,26.964391681694323,1,8.014636061257438,Medium,53.974460906755645
15,Male,India,1.01714187652622,Snapchat,4,Education,12.236241349587898,0,9.433092330087948,Low,36.61750190772337
23,Female,Germany,5.178753492254351,Instagram,2,Entertainment,27.61280940204532,0,6.127551336628383,High,51.32298917193791
24,Male,Germany,3.033986239547799,Twitter,5,Entertainment,35.335583338829125,1,7.050790653369254,Medium,31.04038264930725
23,Male,Canada,1.767080720697615,Snapchat,1,Socializing,48.869325473812005,1,7.795083983862516,Low,47.02229772421931
24,Male,India,3.84604819583138,TikTok,2,Entertainment,19.47377466181293,0,6.545791070007717,Medium,66.90709485846448
26,Female,UK,3.345760250874616,YouTube,4,Entertainment,39.794890072678974,1,6.036096496701066,Medium,50.08221588587921
18,Male,Canada,3.9424242187250735,YouTube,3,Entertainment,48.46352993474151,0,6.650022888941267,Medium,39.53968041527306
16,Female,USA,2.429278134303319,Twitter,3,Entertainment,26.379896370933466,1,9.05643607586865,Low,55.28975218228548
14,Female,Germany,4.626510144086592,Twitter,5,Education,21.947679593006363,1,5.366565068322132,Medium,49.084563793707055
17,Other,USA,1.6863727201017802,TikTok,2,Entertainment,21.27746447165,0,10.0,Low,28.765012669710693
18,Female,Canada,5.707314661129573,YouTube,5,Content Creation,26.1142004096983,1,6.195202909500562,High,58.48546100295432
22,Male,Brazil,4.49117599146794,YouTube,2,Socializing,34.637057889156154,1,6.282940236581749,Medium,38.78137409391781
14,Female,India,6.091788210353782,Twitter,1,News,19.711150583415787,1,5.580879843432947,High,38.49891443764141
14,Male,Germany,4.185581837493809,Instagram,1,Education,21.600456520399906,1,5.91349897905257,Medium,87.51426056387467
17,Female,UK,6.0487111330657095,Instagram,4,Education,31.80351756184101,1,6.516491223012075,High,76.500293381362
20,Male,India,0.9494380622715788,Twitter,5,Education,19.54824535687463,1,9.060685993956476,Low,20.09678905377618
27,Female,Brazil,5.7419507470728135,YouTube,1,Education,22.94129085205463,0,5.006322710472903,High,16.66814963690142
17,Female,India,3.2975141863852566,TikTok,4,Education,32.821085920132624,1,7.843506066321422,Medium,44.04292673025911
24,Male,Brazil,1.7087293215071124,Instagram,3,News,23.1296107923715,1,6.393386233012305,Low,50.08796703334818
20,Female,UK,2.5975422319848724,Instagram,4,Socializing,5.0,1,6.2306332297753055,Medium,40.891910852739
14,Female,USA,3.599033762177456,Twitter,2,Socializing,26.395493485844437,0,7.782922726496485,Medium,13.945245412677338
13,Female,India,4.492068054380736,Instagram,1,Entertainment,29.771682799360388,1,6.737688503535184,Medium,83.97370797315001
20,Female,Australia,3.3206875507380222,TikTok,2,News,18.358114025411385,0,8.573009381535435,Medium,39.19423564438932
25,Female,USA,3.678554195318672,Instagram,1,Entertainment,13.192832835571776,1,5.960849296974841,Medium,18.89345419443447
19,Female,India,5.529856945686167,Instagram,5,Entertainment,20.504481813911788,1,5.668853100727274,High,29.576315246197343
15,Female,India,1.3810088636047642,Twitter,4,Socializing,40.77002294730079,0,8.62966211958136,Low,42.053957740283344
23,Male,Brazil,2.7308137150540577,TikTok,2,Entertainment,33.280167407996366,1,6.6799533189426405,Medium,52.63424191296254
15,Female,Australia,4.52009080460017,Instagram,1,Socializing,18.72963685046873,1,7.002718152154696,Medium,41.58773448997293
17,Male,Germany,2.6827649156994404,TikTok,4,Entertainment,23.921068088052877,1,8.739329601404599,Medium,29.440703229886367
24,Male,India,3.724086502941384,TikTok,4,Education,20.68566334364268,1,6.9238356838055735,Medium,49.03574984701713
19,Female,India,1.7119120865694009,YouTube,3,Entertainment,14.666030178720325,1,9.053908622775758,Low,51.37197980152825
27,Other,India,2.029238028292208,Twitter,1,Education,20.712264038285905,0,8.097125753062002,Low,46.17529411386914
23,Male,India,2.7177556972056625,Snapchat,5,Education,28.02267592269439,0,8.55640275681079,Medium,0.0
14,Female,Brazil,2.6049842336507707,Snapchat,4,Entertainment,18.246041450338524,0,8.040165357506428,Medium,43.23915666757061
14,Female,India,2.6144342436475845,YouTube,1,Entertainment,17.4102076381499,1,7.549777822123764,Medium,15.3942655904523
17,Male,India,3.7243987838151984,Snapchat,2,News,29.17661360983429,1,6.76914013724442,Medium,23.792256173224704
13,Female,Brazil,3.204725760347561,TikTok,4,Socializing,43.609051296881134,1,6.801540217476619,Medium,31.174990559503662
13,Female,Australia,3.952442453086393,TikTok,3,News,30.22801140767469,0,6.604524569034671,Medium,30.842154467139057
24,Female,USA,5.009691901693623,YouTube,4,News,27.9589722401559,0,5.410592029046243,High,24.236550087813196
18,Male,India,4.1675876427768745,TikTok,3,Entertainment,19.408340422174447,0,7.841857647076783,Medium,50.45232570440551
23,Male,India,4.38873422390267,TikTok,4,Education,30.798141983812343,1,6.272997581762409,Medium,57.80338148349532
23,Female,USA,4.733455312006,TikTok,3,Socializing,23.5922953488546,1,5.611808495446934,Medium,52.69423780637258
13,Male,India,1.9994253182948647,Twitter,2,Entertainment,33.54291449525938,1,7.513800515636679,Low,61.7959156975054
16,Male,Canada,3.4959220152677792,Instagram,2,Entertainment,22.24022597056548,0,7.415440659313948,Medium,51.22559399587341
13,Male,UK,4.042950113443351,Snapchat,5,Socializing,24.115235244142774,1,7.471416890928041,Medium,39.27660850394272
23,Female,USA,3.8359686933004142,TikTok,3,Entertainment,31.14097523920729,0,6.865055777951622,Medium,35.1304556776313
24,Male,India,4.27523322779626,TikTok,4,Entertainment,32.0604716821819,0,7.187509933320128,Medium,44.14382114367238
22,Male,Germany,2.7239545044003317,YouTube,4,Socializing,41.7867322208221,1,7.488530446832054,Medium,16.535732969915994
14,Male,USA,4.42133698758489,Instagram,1,Content Creation,20.49782882419108,1,6.211684352302549,Medium,26.8141053459456
14,Male,USA,4.141970597328376,Instagram,4,Education,14.546584154497692,1,6.453425732491383,Medium,31.08380607123879
17,Male,India,0.5,YouTube,1,News,23.75028000932198,0,9.247589466628911,Low,82.6341192058303
18,Female,USA,2.451404588451356,Instagram,3,Entertainment,33.67829582861608,1,7.912828549946558,Low,46.32914384852861
19,Female,India,6.283108318818871,YouTube,4,Entertainment,22.45192654934946,0,5.224914565223108,High,0.0
21,Female,UK,4.384405214255919,Instagram,3,News,27.14959121178438,1,6.446602865997029,Medium,34.17024551297796
23,Female,USA,2.2783531327565694,Instagram,5,Entertainment,31.38636131775759,0,6.894150312909136,Low,14.151755705340925
14,Female,USA,3.615939390064743,YouTube,5,Entertainment,24.18685304455923,1,7.344136815574191,Medium,30.50523814922389
20,Female,UK,3.918389536977806,Instagram,5,Entertainment,50.41329566703656,1,7.0950585806976445,Medium,65.38516635018213
15,Male,India,3.228110148731853,TikTok,5,Entertainment,8.136017084167872,0,7.943645191532761,Medium,0.0
20,Female,USA,5.497814015138498,Instagram,4,Content Creation,10.832782312013771,0,5.262949114212238,High,28.115799691060992
15,Female,Brazil,2.7026989474631598,Instagram,2,Socializing,34.23292722209343,1,6.780597742762143,Medium,33.80964271466856
24,Male,India,1.909742909875516,Instagram,3,Education,6.942684435497593,0,8.858213452005838,Low,13.076906204765702
24,Female,Canada,3.974421405028902,Instagram,2,Entertainment,17.12071909765552,0,8.064661125128945,Medium,50.82841279006978
15,Other,UK,4.113979027806428,TikTok,2,Education,12.173510640524468,0,5.177799980261019,Medium,35.137657020230684
13,Female,India,0.7715479957871199,TikTok,3,Entertainment,29.174704789674852,0,8.782064044855414,Low,20.394297082184845
26,Female,India,1.731751988834136,Instagram,1,Education,32.23616243675968,1,8.492748323902195,Low,24.514423971715143
21,Male,India,4.363118623230224,YouTube,1,Entertainment,34.16930180762081,0,7.943028500267669,Medium,19.68522699745668
22,Female,Germany,2.1564274610602667,YouTube,3,Education,30.934306363325703,1,10.0,Low,40.36809248418769
17,Male,India,5.446645294370472,Instagram,5,Socializing,30.48684638929721,0,6.909125959119369,High,50.00533531673569
20,Male,India,3.184536627584124,Twitter,2,Entertainment,20.69700779173952,1,7.28903507352733,Medium,28.91249360384245
15,Female,Brazil,4.272880287088739,YouTube,3,Socializing,26.20365710647132,1,6.509422934970305,Medium,38.5936514123898
14,Female,Brazil,5.419374886904732,Instagram,1,Education,10.155347300633949,0,6.1187328250137885,High,70.78717049348441
16,Male,USA,3.708243682418942,Instagram,1,Socializing,9.439661279663325,1,7.323122578552979,Medium,32.98679447080273
19,Male,India,5.3166008635739965,Snapchat,3,Socializing,33.80186188296399,0,5.66123389031968,High,52.57364763339595
16,Male,India,3.34550751388619,Instagram,5,Socializing,35.06621632593827,0,6.8765315125812085,Medium,50.59584221532914
23,Male,USA,3.551775483902376,Snapchat,2,Education,5.375265883247636,0,8.880856592605095,Medium,40.92119464244672
16,Male,UK,3.840510838003958,YouTube,1,Entertainment,30.48689860174931,1,6.466227598024329,Medium,47.877360041871086
14,Other,USA,3.7754319718972926,Snapchat,5,Entertainment,21.01354610660379,1,7.177252307855226,Medium,32.85628649841526
18,Female,Australia,2.858324555088596,Instagram,1,Education,36.10045281968164,0,8.728077996586505,Medium,58.9609394992914
14,Male,India,2.410868970894924,Twitter,2,Entertainment,5.0,1,8.251684002060276,Low,58.40434534267072
25,Male,USA,4.222031485564462,TikTok,4,Content Creation,21.15727340357765,1,6.873879121870404,Medium,50.56722964097289
15,Female,Canada,3.9391769065756495,Instagram,3,Entertainment,27.42412306553801,1,5.773705039122371,Medium,3.1642023216211896
24,Female,India,2.0161938033265687,YouTube,2,Entertainment,30.919858217337826,1,5.658526008309771,Low,68.28994411003734
19,Male,Germany,3.946277081573653,Instagram,3,Entertainment,30.054925150967897,1,8.806614265098132,Medium,50.2155082795926
15,Male,Australia,0.7493372270805452,Snapchat,1,News,18.64636647595716,0,8.169777288301086,Low,13.761683045958858
15,Male,Canada,5.255370958698856,YouTube,5,Socializing,23.731876231189386,1,5.731428162090933,High,33.783427659020646
15,Female,UK,4.988463366213505,TikTok,5,Education,10.241318886499975,0,6.502010489606571,Medium,30.279507446719435
15,Male,UK,2.4296950331499017,Instagram,5,Entertainment,21.552498922057,0,9.234052266924513,Low,57.624609070654266
24,Female,Brazil,4.250677078649935,Instagram,2,Entertainment,22.500691090515115,1,4.933861578072368,Medium,3.5612649720225
16,Female,Australia,3.077131332323102,TikTok,5,Entertainment,43.91666393363114,0,7.76572620372937,Medium,7.782050137810586
21,Female,Germany,2.5072250100437232,Instagram,5,Entertainment,46.78244690141418,1,6.304778167971183,Medium,46.82643704537223
14,Female,India,2.062047760108669,Instagram,5,Entertainment,22.915195029948407,0,7.184083993240458,Low,58.12343837815349
18,Male,India,2.6193196624514754,Instagram,3,Socializing,18.98654595159993,1,8.106330892340454,Medium,47.923509801015534
19,Female,Canada,1.4593872033514756,Instagram,2,Socializing,28.637997343096,1,9.709009568366447,Low,31.231967535542225
15,Female,USA,5.234100983661701,Twitter,2,Education,34.779871152281984,0,5.828680361395053,High,57.20030111938766
17,Male,India,6.501558101082733,Instagram,3,Entertainment,25.658901825790267,1,4.536679125138188,High,56.71426952564573
20,Female,USA,3.002310015581328,Instagram,3,Entertainment,12.562019617252606,1,8.446443877424322,Medium,16.199882804611928
16,Male,USA,2.7240868912059844,Instagram,5,Education,17.91699105713866,1,9.858883984876057,Medium,38.32029416913472
25,Female,Canada,2.130423949631002,YouTube,1,Entertainment,31.784478770501725,0,8.034657544400837,Low,44.155131593208296
23,Male,Germany,2.674964027749696,Instagram,2,News,34.247475130322016,1,9.24931792889608,Medium,64.43466942174793
25,Female,India,3.1624726334228144,Instagram,4,Entertainment,22.108116733898825,1,8.04369255297408,Medium,25.55008776019388
19,Female,India,3.005294366194337,Twitter,3,Entertainment,22.32259679943397,0,7.516207330599616,Medium,55.847675093821984
19,Female,Canada,6.585318395732168,Snapchat,3,Entertainment,26.138365910193457,1,5.855737073861656,High,42.19859332114379
26,Male,USA,3.331965638297445,YouTube,4,Entertainment,13.272884929454378,1,6.749704252049434,Medium,37.47041123685067
22,Male,USA,3.949386128765896,Instagram,5,Entertainment,41.06015629602602,1,6.6570062112787305,Medium,35.883812646668765
26,Male,USA,5.978129735455525,Snapchat,2,Socializing,51.56550596133166,0,5.39419679453306,High,50.13407147523888
19,Male,Brazil,2.7217529728834657,Instagram,1,Education,15.632925096888965,1,9.385670468127705,Medium,41.365290672485045
23,Female,USA,3.2544534833100243,Twitter,2,Socializing,40.91822239750732,1,7.064392603700823,Medium,28.100422618511047
25,Female,USA,5.118324379619354,Instagram,3,Education,24.9179471205697,1,7.210845370458975,High,21.392106019857728
19,Female,Germany,4.582411739543804,Instagram,5,Socializing,20.25438616299696,1,5.818122977434487,Medium,59.95359016113355
14,Male,India,4.423476213697394,Twitter,3,Entertainment,23.644773871384437,1,6.688027990890745,Medium,16.44276207982081
15,Female,India,2.9677164748995666,Instagram,4,Entertainment,9.903016616241512,0,8.505632412867111,Medium,24.415889969344725
24,Male,India,5.588903728921349,Twitter,1,Entertainment,7.150089880780776,1,5.319717428218457,High,59.84292004105374
14,Male,USA,4.505542223252126,TikTok,2,Socializing,23.883033984687547,1,7.61665140250834,Medium,37.42605213770637
17,Female,UK,5.155587810350228,YouTube,5,Content Creation,29.570049530556545,1,4.53532148903359,High,30.35638802257852
27,Female,USA,6.814872094259234,YouTube,3,Education,22.60812408861285,1,4.015825106147723,High,84.1054313281774
25,Female,India,3.723323335536897,YouTube,3,Content Creation,35.97461744068855,0,6.048887842826218,Medium,10.438024105850868
26,Other,India,5.633426081650301,Twitter,3,Content Creation,19.705535546360476,1,4.90976403439961,High,72.96885382214003
23,Male,USA,4.498287079035581,Snapchat,2,Entertainment,51.62551517946206,1,7.987450675027495,Medium,26.21134372955275
13,Female,USA,4.848612465784781,YouTube,1,Content Creation,27.01263165512619,0,5.144321518103372,Medium,56.70017471988357
27,Female,USA,6.259323550764329,TikTok,2,Entertainment,31.769062799355464,1,5.104970756363065,High,5.666283960480378
23,Male,Brazil,4.081461957383147,Instagram,4,Socializing,25.1557627629146,1,8.300246757786391,Medium,22.128750513668585
23,Female,USA,1.4110207490573885,Twitter,2,Entertainment,17.278693456670297,0,8.204462035411618,Low,53.31349049627336
27,Other,Germany,0.5,Twitter,3,Socializing,23.26981055376075,1,8.319577618075938,Low,39.19490104444986
22,Male,India,1.9975599324466369,TikTok,2,Education,29.774349397143123,0,9.091629463660608,Low,29.22421381373202
15,Female,Brazil,5.864773293216745,YouTube,5,Content Creation,15.205885547495852,1,3.965982589554416,High,0.5089539592954253
18,Male,India,3.013214022426618,YouTube,1,Entertainment,29.24550975079936,0,6.931068022989361,Medium,28.222870604135544
23,Male,Canada,2.782743711295108,TikTok,1,Entertainment,23.67264373334962,1,7.675388984045128,Medium,8.299033666611727
20,Female,USA,0.9161379975426014,YouTube,4,Content Creation,13.215935340109915,1,8.268868367808203,Low,36.235831114894005
16,Male,USA,4.52277030620396,TikTok,4,Entertainment,14.72002831641084,1,4.970682071283532,Medium,38.95248466390298
16,Male,USA,0.5,TikTok,2,Entertainment,20.350312120024757,1,9.620789003588134,Low,27.39982357155165
19,Female,India,4.226293237042616,TikTok,4,Entertainment,25.8127826672255,0,7.066038648525488,Medium,33.34844524348659
25,Male,India,1.9365116040315409,Instagram,3,Content Creation,40.92167240291859,0,7.070826533424481,Low,34.9621084337542
19,Male,Canada,2.282861706417044,Instagram,4,Content Creation,10.830916164593988,1,10.0,Low,22.57919763575521
20,Male,Germany,3.0536735866861098,Instagram,4,Socializing,31.45898175118051,1,7.887783105812941,Medium,29.353323538314708
18,Male,Brazil,4.816006672287002,TikTok,5,Socializing,27.83284505557483,1,5.076993913077104,Medium,82.2168354316577
17,Male,USA,5.223045667151991,Instagram,2,News,17.87652259074095,1,5.377589626478645,High,49.3989504510985
20,Male,India,5.130679764372517,TikTok,5,Socializing,17.174113686125004,1,5.060281535915707,High,30.28447389160538
26,Male,USA,5.077042448370287,Instagram,1,Entertainment,27.25987063257051,0,4.2171460459834496,High,39.7444277905028
18,Female,Australia,2.448363925767535,Twitter,2,Socializing,34.49059256981289,0,8.52843071814994,Low,38.3443666831023
15,Male,USA,1.3333076790001357,Instagram,5,Education,23.201224667538128,1,8.625716704465386,Low,9.620121128667789
26,Female,USA,4.6302192609809785,Snapchat,5,Education,28.30257015721921,1,4.006651459660022,Medium,66.66857415080176
18,Female,Canada,1.490927161643136,Instagram,2,Entertainment,52.88282162708569,0,7.130577651401854,Low,35.40951643740176
13,Male,UK,3.95827523078168,TikTok,1,Entertainment,37.66695064644596,1,7.875864619659115,Medium,59.23783530294527
13,Male,UK,3.046425699749103,Snapchat,4,Entertainment,40.316573350407424,1,7.286043721280437,Medium,29.8620761482046
17,Female,Canada,3.612326134238352,Instagram,2,Education,19.16633774083824,1,7.404110689344936,Medium,60.4153752165087
22,Male,Brazil,4.732688177211724,YouTube,5,Entertainment,22.68635871968807,0,5.310444974707064,Medium,11.673762918109738
14,Male,India,5.583386155745112,YouTube,2,Entertainment,10.899746062531872,1,4.272693001755593,High,55.07028565024324
20,Female,Brazil,6.138930893576792,Snapchat,3,News,35.79732289182504,1,4.720649136387517,High,10.94577972547603
22,Female,India,2.524692826351985,TikTok,2,Socializing,33.91506996242501,0,9.512271317977294,Medium,27.36530768265941
19,Male,USA,1.6376620977494445,TikTok,5,Content Creation,22.491550467785345,1,8.796381463707258,Low,36.866394984284426
21,Male,India,2.3050603402791805,TikTok,4,Education,32.20739812062558,1,6.120463618793524,Low,24.29251583254059
13,Other,Brazil,2.099718107882939,YouTube,2,Entertainment,43.91326538074936,0,5.493537468783887,Low,39.87810087335686
24,Male,India,3.4891806455918197,YouTube,4,Entertainment,17.58495626100616,1,8.057840674522957,Medium,30.64568121687797
22,Male,India,4.017312720444826,TikTok,5,Education,28.64646065373867,1,5.707708246878928,Medium,40.78464828852392
24,Female,USA,3.645648123933936,Instagram,2,Entertainment,23.861321657265943,0,6.777824180123021,Medium,44.77537393495455
22,Female,USA,1.383249902953211,YouTube,4,Education,6.558705669895982,1,8.688767996972377,Low,10.055381352356104
19,Other,USA,2.458679308099057,Instagram,5,Education,39.60944881607863,1,7.455230628552023,Low,49.38147081474452
24,Male,India,4.588571355645481,Snapchat,3,Entertainment,5.0,1,5.265942069553927,Medium,29.416903709055617
24,Male,India,3.276545229905965,TikTok,1,News,23.12330413571632,0,7.889977425264721,Medium,12.099138296704428
22,Female,Brazil,5.130253472481151,Instagram,1,Socializing,12.739562768887463,1,4.99244175057706,High,53.457453454882426
15,Male,Brazil,1.032477709180014,Instagram,3,Education,20.265218265705464,0,9.032338944090998,Low,47.64710473825115
15,Male,Canada,5.018499850462963,YouTube,5,Entertainment,26.228863675483517,1,5.490104874067597,High,99.30565983760432
15,Female,USA,5.499502436086198,YouTube,2,Entertainment,10.858310753239255,1,6.023860515043011,High,0.0
16,Female,India,2.6492017271984816,Twitter,2,Socializing,20.61608224589337,1,8.867690936833887,Medium,50.86156117078284
19,Female,India,2.329104195829858,YouTube,5,Socializing,25.31449034031416,1,8.255871470342388,Low,74.2682533656801
18,Male,Canada,3.101526360253116,Snapchat,4,News,9.840019065931209,0,8.71817433709268,Medium,49.325172241764704
13,Female,India,7.288846769255474,Instagram,3,Socializing,26.2954779386471,1,4.350956087223147,High,37.398077882778445
20,Male,USA,4.145582350162494,Twitter,1,Entertainment,28.03380658867871,1,7.202022766866484,Medium,27.72581670804875
21,Female,UK,3.587444363688196,TikTok,5,News,21.46352163415434,1,5.933214573045331,Medium,25.72451556782353
21,Male,India,2.1910070979650653,Instagram,4,Education,22.51756486159768,1,7.73775651634923,Low,31.395126619293205
27,Male,India,2.2404242696378383,YouTube,1,Entertainment,8.614766225769863,0,8.785441543086073,Low,32.05379412031519
15,Female,India,3.5983048891906946,YouTube,5,Education,24.18654920154024,1,8.08869615911667,Medium,55.08057620163181
23,Female,UK,3.886443823112195,YouTube,3,Education,24.54114722748688,1,7.135230335779665,Medium,11.406359517139933
16,Male,Canada,2.336776163684612,Twitter,1,Socializing,35.427209793778914,1,7.2344068398079715,Low,28.75602861044925
14,Male,USA,4.471376845941688,TikTok,3,Entertainment,11.871147242955866,1,4.147869588967321,Medium,44.16575599733075
13,Other,Germany,2.1098688885643893,TikTok,2,Entertainment,21.42491826441521,1,9.914149574592845,Low,46.24409628570209
19,Male,UK,5.101595774038797,Snapchat,4,Content Creation,26.790520280096125,1,7.856992939152342,High,24.47510277025183
17,Male,Canada,2.2179189148403737,Instagram,1,Entertainment,28.79701113430746,1,8.322519265283137,Low,61.32217069431583
20,Male,USA,5.039756587246098,TikTok,2,Content Creation,26.281498766288856,1,6.09270724734871,High,16.82488892495515
14,Male,Australia,2.328430403590501,TikTok,5,Education,17.771997463184547,1,8.152353890508246,Low,48.29838075895815
20,Female,India,3.7012421211924575,YouTube,5,News,35.99751986062255,1,7.594696249905343,Medium,32.61004264353969
19,Male,USA,3.746889365341724,TikTok,5,Education,34.841290425358885,0,5.259150261167798,Medium,61.2304706325648
25,Female,India,3.37565209433426,YouTube,3,Content Creation,17.79582943990188,1,8.374871739401186,Medium,8.883141551391525
17,Male,India,4.415282803026251,YouTube,1,News,10.165143203445432,0,5.94849967576634,Medium,15.94273101152514
24,Female,Brazil,2.2804494943994422,Instagram,4,Entertainment,27.83850049772872,1,8.283395022591364,Low,31.46688185402033
17,Female,Canada,4.765507487581533,TikTok,4,Education,26.29472092202985,0,6.1035155924609885,Medium,34.80307392203475
16,Male,UK,4.614307193298544,Twitter,3,Content Creation,23.404065821142257,1,6.254027419886803,Medium,70.18078029492742
27,Male,Australia,3.936604153143308,Twitter,3,Education,13.738999345825508,1,6.96940070435162,Medium,63.28158896978465
16,Male,India,1.7371076412163124,YouTube,5,Socializing,16.515582539608253,0,9.235066611935126,Low,40.93713249364279
15,Male,USA,5.142962661712703,Instagram,4,Entertainment,14.883972334967975,0,5.836849820193126,High,39.516408831440025
13,Female,Germany,4.462589139878491,TikTok,4,Socializing,28.32532588229412,1,6.910882461572527,Medium,72.21021943764119
22,Male,USA,4.41510139283335,YouTube,4,Education,15.636006911640507,1,7.960609566056311,Medium,38.45702658857469
13,Male,India,0.5,YouTube,4,Education,28.19239870105536,0,10.0,Low,15.580384657908697
19,Female,USA,4.537565428863685,Instagram,1,Socializing,17.876655450421566,1,6.246068870751524,Medium,32.723398623703304
13,Female,UK,4.448918329926769,Instagram,3,Socializing,16.502622112111354,1,6.047834542988298,Medium,38.529350042100056
22,Male,Brazil,3.211337902344852,YouTube,2,Education,34.636232995238004,0,7.504604079412899,Medium,48.23625705524394
26,Other,UK,2.0626599408124995,Instagram,2,Education,5.655673186067482,0,8.96757288961905,Low,63.14971259746055
20,Female,India,4.530052033116566,Instagram,1,Entertainment,34.95603100581849,1,5.939763751074517,Medium,58.4614587087427
26,Female,Germany,4.664026166462353,TikTok,1,Entertainment,18.014721916214253,1,5.493087671230338,Medium,46.71535794934775
25,Male,Australia,3.943819399620077,Instagram,5,Socializing,45.96085457058698,1,5.366247163646447,Medium,50.223796562375256
22,Other,India,1.7560255942219014,Twitter,1,Entertainment,32.79040750758988,0,8.278196833575118,Low,21.66461749018858
21,Male,UK,4.784517050452427,TikTok,5,Content Creation,37.96531467220983,1,7.227455824434356,Medium,45.47464907130986
25,Female,USA,2.8752498934880584,Snapchat,2,Entertainment,24.89193856388601,1,8.493225789389653,Medium,30.373147660638004
21,Female,USA,1.062005117340148,YouTube,2,Entertainment,7.140633727076349,1,10.0,Low,29.048882669548977
23,Female,USA,3.0540787411293056,Snapchat,3,Education,38.22905771097949,1,6.1184259988233975,Medium,14.333940147028612
21,Male,UK,1.5090170278161172,Instagram,3,Education,22.40951665453697,0,7.17323887740701,Low,40.26494735356052
14,Female,USA,6.925070404235044,YouTube,3,Entertainment,27.17123791428288,0,5.5072951298866055,High,53.29055220661863
27,Female,Brazil,5.407137756273574,TikTok,3,Entertainment,7.751972036961732,1,6.753111184360256,High,17.832722138250936
26,Male,Germany,1.5876987451162337,YouTube,4,Entertainment,21.64425694038842,1,9.006627856283819,Low,37.5301119590874
17,Male,UK,1.752580996444742,YouTube,4,News,15.892031628967802,0,7.237133328172739,Low,0.0
13,Female,Brazil,4.0134806762188,TikTok,1,Education,16.233887230995542,1,6.041206005216059,Medium,15.503549580658689
20,Male,India,4.876150410750571,Twitter,1,Entertainment,37.05107637285285,0,7.164382189922781,Medium,13.547477532077435
21,Female,India,6.187107957111509,Instagram,5,Entertainment,14.235607475963208,0,6.028885115747452,High,55.3106309525756
27,Male,Brazil,4.318453440685986,Twitter,5,Socializing,26.58066122200353,0,6.808973386571682,Medium,56.43618097182222
19,Female,Brazil,3.887888274718422,Twitter,3,Content Creation,19.91249415435783,0,6.910601279085897,Medium,31.31068545898838
19,Male,India,3.1647171233302056,Snapchat,2,Socializing,29.34082898299042,1,7.273035570075846,Medium,15.801795008567506
17,Female,India,2.3714894755674214,Instagram,4,Socializing,25.83856620117334,1,8.318069686331013,Low,50.33985188734001
19,Male,UK,4.406819400672723,YouTube,2,Socializing,22.35192933897089,1,6.225362372373502,Medium,52.38392256924636
23,Female,UK,5.464392422488718,YouTube,4,Education,7.497362726018885,0,4.412639018036607,High,48.20379255396931
14,Female,UK,2.98246514770723,YouTube,4,Education,52.50978071329938,0,7.203983815996149,Medium,55.69385526034186
15,Female,Germany,4.44839478134964,YouTube,1,Entertainment,14.391371452495996,0,5.31067728315991,Medium,55.34836143407881
13,Female,UK,5.019636353964879,Twitter,5,Socializing,25.594649772346735,0,8.630402239874218,High,40.23053653164116
25,Female,India,3.662882170736961,TikTok,1,Socializing,36.25088278942079,1,6.232242555319769,Medium,63.1676911239442
21,Other,Brazil,4.270283325206211,Snapchat,2,Content Creation,39.20061813093871,0,5.948234090192672,Medium,53.24828449861477
14,Other,USA,3.338992821881602,Instagram,5,Entertainment,36.2209547113727,1,5.4877467523810655,Medium,0.0
23,Female,UK,0.5,TikTok,3,News,36.89661714589455,1,9.336688828369518,Low,62.73588062632751
17,Female,Canada,2.46285799498289,YouTube,4,Entertainment,27.092769153836933,0,6.626775980783074,Low,27.33268807899038
21,Female,India,5.092684150704796,YouTube,5,Entertainment,26.50017908476686,0,5.653021795702863,High,51.11932655388561
25,Male,India,4.310994811182105,YouTube,2,Socializing,25.084617797390216,1,4.342013154130404,Medium,20.290190228139014
16,Other,Australia,4.293453629880627,TikTok,2,Entertainment,35.746340403186075,0,7.213835276368844,Medium,70.58332611803301
24,Male,Germany,5.474745245927467,Instagram,2,Entertainment,37.077550889219545,1,7.28962954346685,High,0.0
22,Male,India,1.3920792421576635,TikTok,3,Socializing,32.4983311943393,0,10.0,Low,45.9976017889604
24,Male,Germany,2.112799974655827,Snapchat,2,Entertainment,23.232908980798832,1,7.99410519610719,Low,10.599798864827044
19,Male,Canada,4.73615389124101,YouTube,4,News,17.058784247196897,0,7.045387125649886,Medium,78.92210202434978
17,Male,India,1.1728491443452027,Snapchat,1,Education,30.747659373348537,1,7.546813213058111,Low,40.34751936213277
21,Male,Germany,3.108523513734911,YouTube,5,Entertainment,17.577136992054875,1,7.848392431198343,Medium,35.9974566239848
18,Female,India,1.5812448612759122,Snapchat,3,Entertainment,28.122245321517937,0,8.000661873784892,Low,102.23146769677676
25,Female,Canada,4.800940191631565,TikTok,2,Socializing,23.58993674522497,1,5.4233987236594725,Medium,63.468903702375634
25,Male,USA,2.965879833222364,TikTok,3,Entertainment,5.0,1,8.583248891624391,Medium,55.16665559845172
25,Male,India,3.615711398772848,Instagram,5,Entertainment,41.65690195167976,0,7.65599300572528,Medium,43.37764713162992
13,Male,Brazil,2.138417754419716,Twitter,5,Entertainment,29.147088874240296,1,8.16945944286215,Low,41.73819351041919
21,Female,UK,5.597865216951783,YouTube,3,Entertainment,29.65461480928486,1,4.009640397554154,High,10.323812749182302
25,Female,Australia,4.196717568582209,Instagram,4,News,5.0,0,7.182423047980124,Medium,39.38550718576628
21,Female,India,6.15734735537869,YouTube,1,Entertainment,16.5305381472954,1,5.404141344470212,High,60.42997953229818
14,Female,UK,3.4262581943027284,YouTube,3,Education,15.939873020607523,1,6.037193909898413,Medium,52.76505729718275
13,Male,Germany,3.894765939972806,TikTok,2,Education,38.351936162845895,0,7.848852812422218,Medium,56.69056162822029
26,Female,India,1.7751879407375188,TikTok,4,Education,36.418942308429706,0,7.315911533548108,Low,71.99685594860216
21,Other,India,2.8287644294525447,TikTok,3,Content Creation,43.92060339311605,0,9.442522821780182,Medium,48.33711418515123
25,Male,Brazil,0.8223414919045702,Instagram,1,Content Creation,24.71524974290026,1,10.0,Low,24.545815864256276
20,Female,UK,0.6735971628732949,TikTok,2,News,26.18096467466325,1,9.777068497585775,Low,39.67299921220249
18,Male,India,5.698121553069138,YouTube,4,Socializing,38.67322949873241,1,4.868656857624063,High,46.35229016609387
19,Female,USA,2.7279115210725924,Instagram,3,Socializing,21.57596574193823,1,5.309624186139827,Medium,33.44687208327355
25,Female,India,4.091519931882631,TikTok,3,Entertainment,30.93410937581681,1,5.847939099444799,Medium,11.159760813382718
24,Male,India,3.112600609270994,Instagram,1,Entertainment,13.4314424814814,1,7.231275425815527,Medium,31.77017289796597
14,Male,India,3.726518287600324,Snapchat,4,Education,10.064799144709609,0,6.80143265471762,Medium,17.524991569378567
21,Male,Canada,0.5,Snapchat,5,Socializing,40.60587451398061,1,8.861497883820492,Low,45.09633139152863
15,Male,India,1.3784592290469937,Instagram,4,Education,24.43213938982592,1,8.993792288021215,Low,34.98834144238063
20,Female,Canada,5.221439957175802,Instagram,4,Entertainment,43.13327496842146,0,6.454695344681893,High,56.1207765989912
24,Male,USA,5.917979571916339,YouTube,5,Entertainment,14.523725225793203,1,4.315359301156936,High,36.34679605743221
23,Female,Canada,1.7786345859030503,TikTok,2,Entertainment,15.058654784314506,0,7.558696925410037,Low,51.96119839517628
18,Female,UK,0.5,TikTok,1,Entertainment,19.94748421350817,1,8.332912917114959,Low,39.02223728432585
20,Male,USA,3.3716203580392494,YouTube,1,Socializing,5.0,0,7.5509074146871615,Medium,70.57203854907678
16,Female,Canada,5.391159863201759,TikTok,4,Socializing,40.80540979133987,1,5.489687613715854,High,33.94415312004848
22,Female,India,5.56130740731523,Instagram,1,Education,30.216899101232435,0,4.3743314006381215,High,14.91313190271834
27,Female,UK,2.293975291329,Instagram,2,Entertainment,33.92200985775438,0,7.810231355051576,Low,32.513203182232935
21,Male,Brazil,4.297332213711127,Instagram,3,Education,25.7499688422816,1,4.56920174756603,Medium,34.81126122151353
13,Female,Canada,3.4750221478963423,TikTok,4,Education,25.13964784357294,0,7.18479585586075,Medium,56.97220229055437
23,Female,India,2.28779914534442,YouTube,5,News,27.237024374353567,1,9.163152232519266,Low,71.35204207932823
19,Male,USA,1.5404676597375722,Instagram,3,Entertainment,31.378003437756394,0,7.643682524453685,Low,21.523534199887365
17,Female,Canada,3.053873406480779,Snapchat,5,Entertainment,18.69311764368844,1,7.428767489913172,Medium,56.38168821898397
20,Female,Australia,4.188777774238805,Instagram,4,Entertainment,27.098644130824503,1,7.95269961854448,Medium,16.440240096557254
26,Male,USA,3.6638470895799182,YouTube,5,News,39.18949648309346,1,8.0053474716946,Medium,43.47404459006402
22,Female,Canada,4.426867190140241,YouTube,2,Education,25.99489141288187,0,7.292915567693787,Medium,45.3787307278016
24,Female,Canada,0.5,YouTube,3,Socializing,25.682276572638266,0,9.693627923128874,Low,27.351181019807207
23,Female,India,3.661491446820994,Instagram,1,Entertainment,25.56253991499198,0,8.627119289521406,Medium,33.14011360169798
23,Male,India,2.2683225489125176,TikTok,2,Entertainment,21.933846866648143,0,8.1664291257989,Low,37.72512605579679
20,Female,USA,0.5,TikTok,4,Entertainment,34.85187451909319,0,10.0,Low,42.55101281046005
21,Male,UK,1.6547679353307467,YouTube,2,Entertainment,36.31490821912171,1,8.245435176340628,Low,34.75578419924699
25,Male,UK,3.4663772669379123,Instagram,5,Entertainment,26.487908617978697,1,6.731617846358445,Medium,31.69744028918378
21,Male,UK,4.6289922802072,TikTok,3,Entertainment,21.901797595059985,1,6.150986089543446,Medium,33.32315900592326
27,Female,India,5.292148838237973,YouTube,3,News,33.009302509604325,1,4.627977100744186,High,71.9457479579454
14,Male,USA,4.798672385247278,Instagram,5,Content Creation,34.67987725344995,0,5.7142295326285,Medium,37.715445167015794
23,Male,Australia,4.915139501672806,Instagram,1,Entertainment,44.07753780380862,0,6.690668208857532,Medium,29.047664916949653
13,Male,India,5.1638765709285845,YouTube,1,Education,23.488147627468475,1,5.222461851956031,High,15.66211875260576
27,Female,Brazil,2.896494864977857,TikTok,5,News,39.39356307600337,1,7.279112019161252,Medium,44.49371076704906
20,Male,UK,4.9130244625388775,TikTok,1,Entertainment,28.26619571421936,0,5.294847190390495,Medium,31.38286987754496
27,Female,India,2.2274321113595743,TikTok,4,Entertainment,51.09415448336633,0,8.17239022257848,Low,26.619263621651967
22,Male,USA,2.8935168804742237,Instagram,1,Entertainment,39.93837386578085,1,7.502863402725112,Medium,49.39289978782784
16,Female,Brazil,5.286213856077312,Instagram,3,Entertainment,47.89103778940307,0,5.303969598487073,High,65.37387491447352
27,Male,Brazil,4.57274640570168,Instagram,4,Socializing,35.65719217217162,1,6.433632178671108,Medium,23.922175180532815
25,Female,India,3.697798422268575,Snapchat,3,News,19.27627133367785,1,8.603493939412795,Medium,13.739711447316129
20,Female,USA,2.167884755490105,TikTok,5,Socializing,11.313789271173595,0,8.708167312538624,Low,13.468393158131905
26,Male,Germany,3.638015404986234,YouTube,3,Entertainment,11.746927845460934,1,7.2269219603816675,Medium,51.65932606579194
19,Male,India,4.734165031798112,Instagram,3,Socializing,19.73487255125434,1,4.670778173295662,Medium,23.41096121879957
25,Female,Brazil,5.352827523555504,TikTok,4,Socializing,18.613703967407886,1,6.907458244712219,High,15.832072206287464
23,Male,Germany,3.4307260048461274,YouTube,2,Entertainment,20.08425325676129,0,7.135046813839219,Medium,55.57404483610529
25,Male,India,3.93729585749678,Instagram,5,Socializing,21.44355471224866,0,6.536337374800792,Medium,9.055513765896292
23,Female,USA,2.010496342298185,YouTube,5,Entertainment,24.663666127848227,0,8.638965324877546,Low,35.662959557998406
26,Female,USA,1.7418292291370092,TikTok,4,News,21.821568023361035,1,9.0539391888778,Low,52.84449091434009
17,Female,India,1.5183197085612594,TikTok,4,Socializing,14.815907413939431,0,9.747349921394289,Low,27.19699578224964
23,Female,India,4.487556421621053,YouTube,2,Entertainment,13.357832038222131,1,4.552515366141028,Medium,53.37896553588112
14,Male,USA,6.158836949175931,Instagram,1,Education,5.0,1,3.895530791990371,High,29.52213268877371
16,Male,Canada,3.719738297062613,YouTube,1,Entertainment,36.33862124586663,1,7.245152789610421,Medium,44.18142219828968
16,Other,UK,5.94863863953117,Instagram,2,Entertainment,20.497972511458048,1,5.329562899309195,High,11.021642558708116
17,Female,USA,4.759947348885458,YouTube,4,Education,16.67479720371437,0,7.263215774974199,Medium,31.032911623931827
21,Female,India,3.191550842350402,TikTok,5,Entertainment,32.14319343582125,1,7.431126805111169,Medium,9.599726323421288
13,Male,USA,0.8085655706163148,Instagram,2,Socializing,5.0,1,8.763017126517191,Low,24.925176172230323
19,Female,India,4.592476231387783,TikTok,1,Socializing,30.640627816958496,0,6.32855201428561,Medium,24.26082266318387
17,Male,India,2.4637117359188645,Snapchat,2,Content Creation,13.419158496954427,0,8.972556270840276,Low,25.26785109974889
18,Female,India,2.8796529467033607,Instagram,5,Education,21.93243298594104,0,6.680024234417819,Medium,69.36319936107846
14,Female,USA,1.5634022156501597,YouTube,2,Entertainment,34.672872223584484,1,8.431414996720145,Low,18.352512598048357
27,Female,Canada,2.328177059408993,TikTok,4,Content Creation,26.83433976189088,1,8.952109384653932,Low,39.39719215011908
23,Male,India,3.30070189592718,YouTube,2,News,44.58730548419389,0,6.59844710024298,Medium,40.39816722133025
19,Male,India,3.867730156684043,Instagram,3,Socializing,26.57999115856256,1,8.177880164178712,Medium,42.67005927104503
22,Female,Canada,4.292863698422246,Twitter,3,Education,12.039988746909444,0,7.821973690508544,Medium,77.20727354121193
16,Female,India,4.730014270198021,YouTube,3,Entertainment,49.37657661937399,1,6.27426129789541,Medium,21.76870516515881
21,Male,USA,2.531729019355637,Instagram,1,Education,29.843149797479008,0,8.56878977465214,Medium,41.90431713580973
15,Female,Germany,3.172614978073187,Instagram,4,Socializing,30.38441267453264,1,7.561441957503194,Medium,55.53811618298694
27,Female,Germany,2.1767744757380867,Instagram,2,Entertainment,14.022667681480062,0,6.970420706588191,Low,60.843142067016046
23,Female,USA,2.685604215131143,YouTube,3,Education,19.000387008007625,0,7.564072559697117,Medium,23.664375036113626
27,Female,UK,3.659030520703389,YouTube,1,Education,10.10503588811068,1,6.384465859362009,Medium,60.08785076878436
19,Male,UK,2.010898712043605,YouTube,4,Entertainment,30.334973032409835,0,10.0,Low,0.0
13,Other,India,6.160362936945887,Twitter,4,Education,14.573019030231206,1,8.641756608600739,High,37.997314902148354
23,Male,India,4.795712111083058,TikTok,2,News,18.31106455586644,1,6.301512817083285,Medium,11.40537866333699
13,Female,India,4.565137795459121,Twitter,2,Education,28.346330558943308,1,6.646093410175207,Medium,38.893929301844096
21,Female,Canada,6.065241397104895,Snapchat,4,Entertainment,24.602726054932837,0,6.661036455736162,High,54.065964265655545
20,Female,Brazil,5.485908319958163,YouTube,4,Education,5.0,0,6.2137770929526255,High,66.82635194357604
27,Female,Brazil,4.859061408935821,Twitter,1,Education,17.59929443486095,0,7.25593870256435,Medium,28.13118760032141
22,Female,UK,4.122361377586771,Instagram,4,Education,21.76084142453116,1,7.246929038635816,Medium,28.373085225647817
19,Male,USA,3.281383941868006,Instagram,1,News,10.565172071937395,1,8.055022120155357,Medium,51.2768260998968
16,Male,Canada,4.5185692331801945,Twitter,4,Entertainment,35.22631003743428,0,6.042738639062149,Medium,75.58346459128023
27,Female,Canada,0.5,YouTube,2,Socializing,20.44751743846413,0,8.501069285049576,Low,12.355332987001542
18,Female,UK,3.190185592923286,Twitter,1,Content Creation,23.20526409267164,0,7.428809269721864,Medium,31.374813757218234
23,Female,USA,3.695348395023716,Snapchat,2,Entertainment,16.250866085178412,0,7.749250577376053,Medium,49.86646029795092
16,Female,India,5.951315314008554,Instagram,2,Entertainment,14.306528011537306,0,6.986187389918909,High,3.4642484479539988
18,Male,Australia,1.9137721377302344,YouTube,1,Entertainment,20.47422336761768,1,8.094319870417701,Low,45.45536512428911
20,Female,India,1.1792563092902977,YouTube,1,Socializing,21.32633932348948,1,9.778818013347967,Low,17.94307235707032
23,Male,India,6.176531565749309,TikTok,4,Entertainment,16.696545760088927,1,5.206770784756275,High,37.89291859742923
16,Female,UK,0.5,Instagram,3,Education,39.60346751009181,0,9.396721447280507,Low,36.1282868443263
21,Female,USA,2.770537295945638,TikTok,3,Entertainment,36.91599160929249,0,9.35729976930782,Medium,20.257272425961897
14,Male,Germany,2.0795339811740057,Instagram,5,Entertainment,28.99460859545756,1,8.45548359439799,Low,40.79032997722551
20,Female,India,3.65620947301154,Snapchat,2,Entertainment,30.883390902259944,1,6.977390016816753,Medium,36.82168441001215
21,Female,Brazil,1.9150797239932955,Instagram,4,Education,38.83762444123985,0,7.203177426816441,Low,73.24793386907874
25,Male,India,3.058591026747344,Instagram,4,Entertainment,27.78554859518891,1,7.545831208181836,Medium,34.5908060062052
13,Male,India,2.263276131542443,YouTube,5,Entertainment,20.80648140412176,0,10.0,Low,13.360748159382048
23,Female,India,5.784350866604326,Instagram,1,Education,16.414834669331896,1,6.108196370657088,High,42.78293277645897
21,Other,Brazil,1.808189303901872,Twitter,3,Entertainment,15.848244492793006,0,9.130634553584237,Low,73.04318672151942
16,Male,Canada,4.59044527501085,TikTok,4,Entertainment,25.29085018691845,0,7.759222631500356,Medium,49.05456143648075
27,Male,Canada,4.5933661674526665,Snapchat,5,Content Creation,28.7818405153501,0,7.000581319789022,Medium,19.636058383935747
20,Male,USA,3.2062603495381,Instagram,3,Entertainment,26.906814764395723,1,5.938010739837614,Medium,46.88978369204909
23,Male,USA,5.219092926180416,Instagram,1,Socializing,21.425378000871856,1,5.5191447098753725,High,34.72337254643942
14,Other,India,2.002863953607661,Twitter,4,Education,36.47237740408414,1,8.349011855178635,Low,41.603146035347365
20,Female,India,3.4266908558502136,Instagram,2,Socializing,26.33212181301656,0,6.704892713195506,Medium,64.98939634748712
14,Female,USA,4.715877745512862,YouTube,1,Education,11.28370637610545,0,5.474314587640191,Medium,66.07024637101614
14,Male,India,4.764740114427523,TikTok,2,Education,37.815140514227146,1,6.399052602611898,Medium,27.468183337531958
16,Female,India,4.085166965839611,YouTube,4,Entertainment,32.54254468101311,0,6.43838710742955,Medium,35.227959506673656
14,Male,India,1.6866663843824532,Instagram,1,Socializing,20.232867647645563,0,7.980791139643987,Low,40.36845170228388
14,Male,UK,4.5644124805354975,Instagram,3,Entertainment,22.309431771345945,1,6.713698369043364,Medium,32.37182828643122
22,Male,USA,2.898286796496767,TikTok,4,Entertainment,13.147973474211168,1,8.90723884752779,Medium,41.854628033888936
25,Female,Canada,4.732432763596676,TikTok,4,Entertainment,28.039852274241223,1,6.372365070906946,Medium,67.0792409880451
13,Female,Brazil,5.349481332121652,Snapchat,4,Socializing,31.816155519983,1,5.424671310123157,High,24.034764005394106
22,Male,India,2.1338458188430307,Snapchat,2,Entertainment,15.529611600442829,0,8.819822337289517,Low,16.320541857108065
25,Male,India,5.204407623841395,TikTok,2,Socializing,9.020464955097523,0,5.374218966628001,High,57.78441558931763
22,Female,India,3.608504548577669,YouTube,3,Socializing,23.02521216683358,0,6.989353269791184,Medium,39.84520524879525
16,Male,Brazil,2.5254162886333447,YouTube,4,Entertainment,27.49841246997918,1,7.793700158235585,Medium,21.47498045069924
18,Female,Brazil,2.888385310732779,TikTok,3,Education,31.524883727760265,0,7.341537692818211,Medium,38.67965534556415
23,Female,Germany,3.640235123902228,YouTube,3,Entertainment,17.83784967747918,1,7.698962933973257,Medium,34.4438456371901
15,Male,India,3.6244089268191297,YouTube,3,Socializing,14.752728768451522,1,6.673085742307333,Medium,0.9236071840806231
18,Male,India,3.1910052029916924,Snapchat,5,Content Creation,33.191851850848785,1,6.518977033223716,Medium,33.51573474427774
24,Female,UK,5.826393374637698,TikTok,3,Entertainment,20.91843239183534,1,7.228071565001209,High,28.655114360060267
17,Female,Germany,4.181439834983131,Instagram,3,Content Creation,36.68589497151742,1,6.210434354855882,Medium,29.97626346230349
22,Female,Canada,4.78042989467466,Instagram,3,Entertainment,26.50781889446404,0,5.617367018174457,Medium,30.188576080925685
18,Female,India,3.963748774608992,Snapchat,1,Education,38.99310158600127,0,5.7383238323233705,Medium,22.648349270049344
22,Male,Canada,2.2935131223666367,Instagram,3,Socializing,25.68320425098465,1,8.307709754008402,Low,24.517893284769137
27,Female,India,3.3270606470880666,Instagram,3,Education,29.34635508594256,1,7.321206609254071,Medium,0.0
16,Female,India,4.532761931617619,YouTube,5,Socializing,5.0,1,5.5683674915932855,Medium,29.368185801038383
23,Male,Canada,1.834605304936672,YouTube,2,Socializing,28.082423903647413,1,8.701327274968465,Low,21.05434872526024
20,Female,UK,4.434540825737448,Instagram,5,News,25.406973603525277,1,7.891558823001323,Medium,41.26227356055294
17,Female,Canada,3.481628723442429,YouTube,3,Entertainment,10.824896551692616,0,7.688283498288557,Medium,49.01778612723356
27,Male,India,3.473307265935022,YouTube,4,Socializing,12.61453665891343,1,7.682607523119521,Medium,45.88956443643357
23,Male,India,3.794493785085725,Instagram,1,Entertainment,14.466674719830962,1,7.375550880413154,Medium,51.42474905303568
16,Female,Canada,3.534872852710692,Instagram,5,Education,28.744633477224895,0,5.34259344286032,Medium,28.690444728106463
14,Other,USA,7.195966389373481,TikTok,3,Entertainment,32.38413979554121,1,4.068922654221477,High,43.11810161687134
15,Male,India,2.163785017667572,TikTok,4,Entertainment,33.28105775202755,1,8.622877610034314,Low,65.43084896896919
23,Female,Brazil,3.222099033170122,Instagram,5,Entertainment,30.09333386241143,0,5.693484448229375,Medium,71.41877803615228
21,Female,India,3.8145816778217823,TikTok,2,Entertainment,26.76257642167105,1,7.581230855167154,Medium,90.43683431663982
15,Female,Canada,3.745252035705035,Snapchat,4,News,36.38702637675504,0,3.844581891589872,Medium,20.632893597135205
19,Male,USA,2.0924413541498907,Twitter,5,Entertainment,34.77366876760698,0,8.059490818335185,Low,30.490709926463687
15,Female,India,5.057263363698813,TikTok,1,Content Creation,36.54892823487677,1,3.7018948783841727,High,42.78463341614104
21,Male,Germany,4.636758438738477,YouTube,5,Entertainment,44.48838075969266,1,6.436699363941536,Medium,0.0
20,Male,Germany,1.6686351491170948,YouTube,3,Education,16.51775296596498,1,8.083710910778759,Low,56.29544235885917
26,Other,Canada,3.093470211494854,YouTube,5,Entertainment,29.504546852922942,0,7.999239613071794,Medium,37.175654964334285
23,Female,India,3.9035744732773456,Snapchat,1,Entertainment,25.7907637908756,1,5.669160077906456,Medium,77.59806093158849
26,Female,Canada,2.130404313572801,TikTok,4,Entertainment,37.241938254954704,0,7.313476433975869,Low,68.60169022630367
15,Other,India,2.796993262327358,Instagram,1,Entertainment,28.148100089831598,0,7.74236196600213,Medium,8.909736878841102
21,Female,India,4.278519276589792,TikTok,5,Socializing,25.80085122697968,0,6.659415047248796,Medium,32.16102754571721
15,Male,India,4.075385142728049,TikTok,2,Entertainment,21.08074933086048,1,4.631263090845446,Medium,43.27018385636256
13,Female,Canada,5.673649931974816,Twitter,1,Entertainment,30.617228473631947,1,4.720492911827092,High,16.905011745593868
22,Female,USA,1.184493867819902,TikTok,3,Education,10.90892855534328,1,9.217788479800337,Low,15.811681272842756
15,Other,India,5.404422750635455,TikTok,1,Entertainment,16.93566385969229,0,6.567165663111989,High,55.05273703848697
13,Female,Brazil,7.2634597485879215,TikTok,2,Socializing,38.19592879965862,1,3.368704771231001,High,79.90456427190114
24,Male,USA,4.042270985802523,Twitter,1,Entertainment,5.0,0,6.238929267038335,Medium,0.0
18,Male,India,1.590882414987402,Instagram,5,Socializing,31.33929594954873,0,9.978993558791856,Low,57.282933899531216
26,Male,USA,3.2219624738214785,Snapchat,4,Education,19.107760727655027,0,6.157437784543044,Medium,0.0
16,Male,Brazil,8.011146813820012,Twitter,4,Content Creation,16.749435726829443,0,4.427555242584958,High,31.90832764863521
17,Female,India,3.947503487082976,Snapchat,3,Entertainment,5.136887334337633,0,6.336139354703263,Medium,46.82122493376992
18,Female,Brazil,2.8561317333831027,YouTube,5,Entertainment,29.57949943538906,0,7.26765307858432,Medium,43.700754286088575
21,Male,India,2.536372287887886,TikTok,5,Entertainment,24.9387710176972,0,6.932947810032077,Medium,22.416385879244565
16,Female,Germany,4.718001177266249,Snapchat,5,Entertainment,42.49125282341036,0,5.384410514057914,Medium,69.73799232822138
17,Male,USA,1.975254746157658,Snapchat,1,Socializing,27.825093328187588,0,8.019062316771839,Low,22.89064537054548
20,Male,Canada,6.132877037278459,Instagram,2,Entertainment,23.132555360902774,1,4.189595062211393,High,12.036341468794111
21,Female,Germany,4.254678342742041,TikTok,2,Socializing,34.12840747142069,1,4.880939282048365,Medium,61.94026801840252
21,Female,UK,1.1869371593447466,TikTok,1,Socializing,27.46455641653301,0,9.3770424801289,Low,46.5309478513998
17,Male,India,2.2226638514832566,TikTok,2,Entertainment,30.916543773435272,0,9.56517398637968,Low,39.62567769981152
16,Female,Germany,3.615528593808348,Instagram,3,Entertainment,15.005335270458753,0,8.462866351210835,Medium,41.30550023030632
17,Male,UK,3.978795800509024,YouTube,3,Entertainment,31.130462932885443,0,8.204917170449807,Medium,40.908944281683176
14,Male,Germany,3.774109477587572,YouTube,5,Socializing,25.304095434290264,1,8.077627076750185,Medium,50.98181517663559
24,Female,Canada,3.896537887282233,Twitter,1,Socializing,24.32980360747137,1,6.705234528051497,Medium,25.38703361301036
23,Female,Brazil,4.476900476336985,Instagram,5,Socializing,23.070577886714485,1,6.440506258715007,Medium,49.772441107350126
17,Male,Germany,3.7895506447154,Snapchat,1,Entertainment,23.55343731559976,1,8.41936584193503,Medium,0.0
14,Male,India,3.374693463283727,YouTube,2,Entertainment,32.528119749640496,0,7.383661820844038,Medium,17.025664235524737
19,Female,Brazil,0.9560523324830276,TikTok,4,Entertainment,20.377015725265466,1,8.000977842197939,Low,42.57139107150247
24,Male,UK,4.693692709305618,YouTube,4,Education,9.486215438170856,1,4.336402288592085,Medium,60.87444627396271
20,Female,Brazil,1.3809905988198907,TikTok,1,Education,13.435121150825571,0,7.052483031655787,Low,36.35234005349314
14,Female,Brazil,2.620004236629462,Instagram,5,News,33.36567420574359,1,8.028287867250842,Medium,35.17724248397116
14,Female,India,3.754027297789711,Instagram,3,Entertainment,28.834054134193007,1,6.561755327371087,Medium,35.70542157268008
27,Male,UK,1.8312040840199748,TikTok,2,Entertainment,33.47095658031964,0,8.761485337355088,Low,59.29544210810303
22,Male,India,0.6693026981392993,Instagram,5,Entertainment,24.148036374477428,1,9.958062909978825,Low,48.0199482520134
25,Male,India,3.976104385350135,TikTok,2,Socializing,25.739144557492565,1,7.252265927127778,Medium,39.30193798795006
22,Male,USA,2.949596777668998,Snapchat,3,Education,13.382685499510638,1,8.207075687675522,Medium,0.0
27,Male,India,3.6607070064249374,YouTube,1,Socializing,32.279688703419104,0,8.178141957572333,Medium,53.734593388546045
13,Male,USA,2.1763829250101434,Instagram,3,Education,19.598686134834715,0,8.004113154993435,Low,35.43166278420739
20,Female,India,6.153387747059233,Snapchat,5,Socializing,10.961700226190075,0,4.4560700138355545,High,42.68538881779148
24,Male,Australia,2.733793611965857,Instagram,2,Entertainment,16.652828721519352,1,8.436557449443425,Medium,25.657226719554224
13,Female,USA,6.106622315507507,Instagram,1,Entertainment,24.42621637213216,0,4.17109742033197,High,56.42844946414829
18,Female,Brazil,5.155314324594352,Instagram,2,Socializing,32.11503167995631,1,3.659967279957184,High,10.59341067759654
26,Female,Brazil,4.532891017770551,Instagram,3,Education,5.0,0,5.506692801849587,Medium,0.0
15,Male,UK,3.247727764714062,Instagram,5,Entertainment,42.4302486283424,1,8.034328668098908,Medium,31.434918993078675
20,Male,USA,3.607115745737805,TikTok,2,Education,10.327322138027384,1,6.24705793429548,Medium,25.123422458919013
23,Female,USA,5.033805323538106,TikTok,2,Entertainment,13.178147658882512,0,4.667005708861612,High,60.76067197134583
13,Male,India,2.094005314290726,Instagram,4,Education,23.710671229585905,0,9.73779210521912,Low,21.65010613619622
18,Female,USA,1.4874368475606028,YouTube,3,Education,34.86834244571662,1,7.993455205957469,Low,29.730007776212062
27,Male,India,2.2240675859439305,Instagram,1,Entertainment,29.761858797232243,0,8.948897277942509,Low,63.041076493707806
13,Male,UK,3.7274181874399153,TikTok,2,Entertainment,25.051823207905677,1,8.907833493041885,Medium,60.38136624971361
13,Female,Canada,3.964798355599603,Snapchat,3,News,54.92229431117549,1,5.98650085874993,Medium,43.92813101144752
24,Male,India,1.8838991658857656,Twitter,1,Socializing,38.85741357784288,1,9.751259204873698,Low,29.57365474101443
17,Female,USA,2.19552293717017,Instagram,5,News,26.461525084047345,1,7.187376859531711,Low,52.48537259401412
13,Female,USA,4.763467524794109,TikTok,4,News,29.369964587254326,0,5.865869268792529,Medium,29.638700636967464
23,Male,India,5.052165098063726,TikTok,1,Socializing,17.208186448815745,0,6.493694551753092,High,21.9548839460186
19,Male,India,1.975752615864374,Instagram,3,Entertainment,18.01985495819286,1,7.747964034670302,Low,24.7463453413215
19,Female,Canada,4.16642312322719,TikTok,2,Entertainment,14.759264618522929,1,6.567026445215165,Medium,42.22210189731224
17,Male,Germany,4.242130221354517,Snapchat,2,Entertainment,32.56068365661995,0,6.109023361886468,Medium,55.60631762021097
22,Female,Canada,5.663136194064254,Instagram,1,Socializing,31.718978985522664,0,6.507393233995149,High,45.14786177710322
26,Female,Germany,4.247355486453047,Instagram,4,Entertainment,31.217520625662964,0,5.8153281558096825,Medium,60.787770331216365
17,Male,Canada,4.298837527569779,Twitter,5,Entertainment,10.39959899591127,1,8.207839511554505,Medium,70.90994373483068
19,Male,Canada,5.467547237922588,Instagram,5,Entertainment,29.35563884707937,0,5.183673142337224,High,51.59833504643014
14,Female,India,4.604388199437992,Instagram,4,Education,26.458306740654788,0,7.34778048061801,Medium,12.250945438376773
23,Female,India,6.532545282091095,Twitter,1,Entertainment,26.076335279804216,1,3.588463695648162,High,41.0255127519629
22,Female,India,4.994232786627272,TikTok,4,Socializing,25.874954022471066,1,6.564071109171206,Medium,43.5884374431697
15,Female,India,5.4534677342805615,TikTok,4,Entertainment,30.609697335779156,0,5.703445439956123,High,48.31609794965871
23,Male,Germany,5.203937866652308,TikTok,2,Entertainment,5.0,1,5.85668372928936,High,50.36506777009579
22,Female,USA,5.14645954831262,TikTok,2,Entertainment,10.573900949674451,0,5.85699748623852,High,39.84822578708634
24,Other,Canada,4.910187014533059,Snapchat,3,Education,24.541592768577345,1,4.322759023110521,Medium,66.60062022685946
15,Female,India,2.964820675414616,Snapchat,1,Entertainment,31.847311007262327,1,8.255868109304316,Medium,55.27430490013256
17,Female,India,1.2676636210910903,Instagram,4,Content Creation,24.845914313632186,1,10.0,Low,58.08253248948675
15,Male,UK,2.888665405784711,Instagram,5,Socializing,22.858828421511674,1,8.244151604706275,Medium,37.82919472704639
18,Male,Germany,4.052032092921404,Instagram,2,Socializing,8.800673452673966,0,5.833495004713929,Medium,75.24392360058562
16,Female,Germany,1.76879319555599,Twitter,3,Entertainment,23.02528564998077,0,9.049855507030404,Low,20.31130632201536
26,Female,India,2.26384244571229,Instagram,2,Entertainment,9.529719746277078,1,8.202722131653285,Low,9.752359198305282
21,Male,Germany,4.028975281420763,TikTok,4,Socializing,10.646721916106316,1,6.16994286707273,Medium,37.08577906070927
27,Female,India,2.7734590105155967,Snapchat,2,News,31.326303596952204,1,7.11780968775098,Medium,9.178293815536303
17,Female,USA,4.334549511396757,YouTube,1,Entertainment,19.060966542921182,0,5.728969913537419,Medium,34.42375156229497
17,Male,Australia,4.401141552129112,TikTok,5,Socializing,35.3757723864339,1,7.458492968438222,Medium,90.58498931452787
17,Female,Brazil,0.5,YouTube,5,Entertainment,28.083711214448023,0,10.0,Low,25.14799138923745
25,Male,USA,4.113143208174306,TikTok,1,Education,29.30460407131161,1,6.624559342655211,Medium,45.05724976704517
16,Female,USA,3.9637763184286663,Twitter,4,Socializing,19.19838901768675,0,7.664922735012983,Medium,0.0
13,Male,India,3.7967715039866983,TikTok,2,Socializing,10.204119033671184,0,6.526460613609694,Medium,66.16182666923358
16,Male,Brazil,2.4863761859226834,YouTube,2,News,35.64171194732458,0,6.265646245414838,Low,41.93763364922495
24,Female,USA,5.028586417030525,YouTube,2,Socializing,33.14848363379957,1,6.087959024320245,High,50.74468557285616
20,Male,Canada,2.7551333517597008,YouTube,2,Socializing,27.08672292288569,1,7.217026111688121,Medium,48.77334882273535
17,Female,India,2.4517382359704545,TikTok,3,Entertainment,13.541017484936544,1,8.996837305982844,Low,20.31007979467369
21,Male,India,1.6560930298153058,Twitter,3,Entertainment,27.86719613756245,0,8.469733945054534,Low,33.754047640155264
23,Male,Brazil,2.413086396187045,Snapchat,1,Socializing,10.529442820233903,1,8.216150815824124,Low,47.29629575766616
14,Female,India,1.0014686354181976,TikTok,1,News,28.345737482437297,0,9.872690701111065,Low,68.50135540445362
14,Male,Germany,5.134023905043401,Instagram,5,Entertainment,15.53668669924567,1,6.34767455048679,High,61.73684484395736
16,Female,India,2.2226372910104426,Twitter,5,Entertainment,27.7782093255638,0,10.0,Low,25.303876531681432
21,Male,Germany,3.7046694240123217,Twitter,1,Entertainment,18.116881315071183,0,6.539072637702788,Medium,28.475931632628768
18,Male,India,6.214088956834497,TikTok,1,Education,21.634739182991687,1,4.346057416814284,High,49.704716349300746
16,Female,UK,4.227042463403957,YouTube,4,Entertainment,26.034697455149885,1,7.243371090375445,Medium,44.155856065269774
16,Female,Brazil,4.432919810090186,Instagram,2,Entertainment,41.73227059526933,0,5.141612155937362,Medium,41.27471617763797
13,Female,Germany,4.626534444955068,Twitter,5,Socializing,29.19775534489132,1,5.980824838306333,Medium,42.94023813821966
13,Female,Canada,2.289853679319505,TikTok,2,Socializing,20.70721860825705,0,6.874386062041623,Low,44.19855176447203
18,Male,USA,2.768546575247864,TikTok,4,Education,20.50649253347565,1,7.6609229770336835,Medium,51.25385033942429
27,Male,Canada,2.11146517536643,YouTube,4,Entertainment,24.852266727390397,1,9.221198982806516,Low,37.98687265945819
18,Female,Brazil,3.1683516419356303,YouTube,2,Socializing,18.733489274483112,1,5.7971457928956855,Medium,22.86062021698324
24,Female,India,1.4872178598540455,Snapchat,1,Entertainment,36.88939985974284,0,7.273310762008779,Low,13.831301738436297
21,Male,India,3.2188635283190745,TikTok,4,Entertainment,27.458596070394293,0,6.868222565554508,Medium,32.43423901412806
24,Male,India,1.7702870478346615,TikTok,1,Education,5.0,1,8.145664650284123,Low,27.128934555082218
14,Male,USA,2.0161935687331347,YouTube,3,Entertainment,32.4091632873293,0,8.707964226640005,Low,60.87467749505494
26,Male,Canada,1.6930169024583108,YouTube,3,Entertainment,42.81867374748239,1,8.540848181762534,Low,67.59405769101866
20,Male,Canada,5.236225136814855,Instagram,1,News,5.0,0,6.123085298822373,High,44.34227833145637
18,Other,Germany,2.208568575962873,YouTube,4,Entertainment,20.14346409964065,1,8.663395728442062,Low,49.55648456170449
20,Female,India,3.942609835454171,YouTube,5,Entertainment,20.282985735626493,0,5.344265036218567,Medium,31.80988121550862
22,Female,Germany,3.023488255957212,YouTube,1,Education,15.720088459231214,0,6.831017039202486,Medium,47.35169257362817
23,Female,India,1.94361431509864,YouTube,2,Education,18.25815766800613,0,6.286359179054978,Low,77.5426244340314
20,Female,Brazil,0.7769394075243747,YouTube,4,Entertainment,41.67558968489988,0,8.737205679033952,Low,59.89193951455417
15,Male,India,4.777129032668896,TikTok,2,Entertainment,31.14833184538864,1,6.140273291863465,Medium,55.200145357708095
13,Female,India,4.793923657936798,TikTok,2,News,40.41745286749971,0,6.029387230469103,Medium,20.08676733166382
14,Female,Australia,5.592678639849371,TikTok,1,Socializing,19.19394451161698,1,5.384299831841121,High,39.17363911456327
25,Female,India,0.5907938172795677,TikTok,4,Socializing,26.9450878772722,1,10.0,Low,44.076718777187615
14,Female,Brazil,2.0020849839820904,Instagram,2,Socializing,16.024305353955857,0,8.701396301740488,Low,40.26619489066131
24,Female,India,4.662305749837225,Instagram,3,Content Creation,13.665606169857584,1,6.81692200493259,Medium,78.4746824520368
19,Female,Canada,2.9507616778321477,Instagram,4,Socializing,5.0,0,7.107188108913742,Medium,46.49251102814668
17,Male,UK,3.0743574823074296,TikTok,3,Entertainment,21.00546000364076,0,7.737431352497715,Medium,23.00676880834588
17,Other,Brazil,1.2182040184610132,Snapchat,5,Entertainment,42.64987459241256,0,9.751444713409656,Low,79.34279769649572
27,Female,USA,2.494832706608042,YouTube,1,News,41.88621110529795,1,8.584942219380125,Low,49.368817588780345
23,Female,Canada,2.785526623366748,YouTube,3,Entertainment,16.82192644109555,1,8.504520527323898,Medium,56.05476422024445
27,Female,India,5.649112360019805,Instagram,3,Entertainment,23.30831320099006,1,6.393577994925639,High,19.40972819974628
22,Female,India,3.9721436918546846,Instagram,2,Education,13.299470842423752,0,8.426826560556274,Medium,43.97153559995834
23,Male,Canada,6.188666018386935,Snapchat,1,Education,16.30650077247624,1,4.840117765961539,High,49.604551825968
20,Female,UK,3.889363480238154,TikTok,3,Entertainment,39.66122262158655,0,7.970711153422593,Medium,29.11143914602547
24,Male,Brazil,0.5,TikTok,4,Education,20.51397455921809,0,9.998359545455736,Low,39.81952080933968
26,Male,India,2.467421337867987,Snapchat,5,Education,22.907218480596782,1,8.749661960517631,Low,5.153532782173102
20,Female,Germany,1.2474819012297664,Snapchat,3,Entertainment,52.744506817034775,1,8.526794621663935,Low,38.87826295331273
25,Male,India,4.628038475562232,Instagram,4,Socializing,29.184795154581344,0,6.971306946104899,Medium,24.639114382396357
16,Male,Australia,4.795992312013027,Instagram,5,Entertainment,17.19724551315483,1,6.344346101662378,Medium,37.84102201733669
21,Female,Australia,1.3094506166067714,YouTube,1,Entertainment,22.70810390287915,1,8.393623567261395,Low,49.9567746628857
25,Female,India,2.613626509863485,YouTube,1,News,25.36398363631205,0,8.707261547193044,Medium,33.682553195370005
20,Male,USA,1.072807729687415,YouTube,3,Entertainment,27.689170883420942,1,10.0,Low,71.21421074156581
22,Male,India,2.4920774260589718,Snapchat,3,Entertainment,31.27713173115724,1,8.500294020113552,Low,46.85673258269675
23,Male,Canada,5.326238426119317,YouTube,5,Education,34.06213265514828,1,5.144503264161477,High,30.4797284322519
13,Female,India,3.1790639838340824,Instagram,5,Content Creation,28.66999331108676,1,8.205212327394683,Medium,18.80121766217901
13,Male,Brazil,6.259583319425646,TikTok,3,Entertainment,29.07806581988302,0,5.624390894249422,High,22.1925662088002
22,Male,India,3.906138800794978,Snapchat,5,Entertainment,21.055357200259174,1,8.086891294472172,Medium,75.34671543391147
16,Male,UK,7.367896622749503,YouTube,2,Entertainment,16.18807331521425,0,2.454735894834591,High,20.56902215372057
18,Male,Brazil,3.980469982064656,YouTube,4,News,27.094834196295302,1,8.613902199456533,Medium,29.24885352878856
13,Male,Germany,6.955898904614855,Twitter,5,Entertainment,32.402491678950064,0,4.352891345557368,High,33.38719770921464
24,Male,Brazil,2.131663228830781,Twitter,5,Socializing,25.563648608648165,1,7.5107190559937616,Low,52.12468645073029
18,Male,Germany,4.494134468636771,YouTube,5,Socializing,13.757084540650562,1,7.110429469415342,Medium,36.43092265983567
22,Male,India,2.500989633694073,Twitter,5,Socializing,30.25572365755542,1,7.515011727009881,Medium,82.3855872564159
25,Male,Germany,2.119507812470988,Twitter,1,Socializing,15.774507851400026,1,8.646281686466896,Low,50.13631652616251
27,Male,USA,2.1747417089610552,YouTube,3,Entertainment,25.295975758027154,0,9.178681726035949,Low,21.162279144399008
15,Male,India,3.459750622372748,YouTube,4,Education,9.385816046269742,1,6.5430791734161176,Medium,50.12310384850128
21,Male,Brazil,3.981141199287965,TikTok,2,Entertainment,16.43972725227767,0,5.377264711558024,Medium,27.27255377546688
13,Female,UK,2.0237990352473445,TikTok,4,Entertainment,18.98260126304841,0,8.309527539298085,Low,40.76351656402619
18,Female,Canada,2.2043380815810885,YouTube,4,Content Creation,41.908115876585626,1,8.822614160053883,Low,59.12896608381656
27,Male,India,3.1713738747428457,Instagram,3,Entertainment,27.553681378679865,1,6.451223205939015,Medium,29.49471062466129
24,Female,USA,2.9121205626719897,Instagram,5,Education,44.01065832150601,0,7.461374879269496,Medium,22.477376712098494
27,Female,India,2.3199632148850324,Instagram,1,Socializing,20.702079218352218,1,7.274158784756541,Low,48.54746043119727
20,Female,India,1.895371201396217,YouTube,3,Content Creation,7.352934829438592,1,10.0,Low,38.313302613306206
18,Female,USA,4.639099454286963,YouTube,2,News,26.66054910936237,0,6.381026775983969,Medium,64.88233039166111
20,Male,Australia,6.471917955570757,Twitter,2,Entertainment,25.863070355829123,0,6.058826689633589,High,91.19214509578568
19,Male,India,1.542650776191389,YouTube,3,Entertainment,27.77182810292847,1,9.14572020837254,Low,41.04739137429182
15,Other,India,6.449639491851009,Instagram,5,News,28.655742838551383,1,5.594365227237942,High,36.63970551337066
16,Male,India,2.7995249898838344,Instagram,5,Education,25.320430675442196,1,8.362070297732561,Medium,27.931766498102466
14,Female,USA,5.545166186605664,Instagram,4,News,19.444814915095844,0,3.786174764999672,High,52.14326818356929
26,Other,India,2.3948282552770848,Instagram,3,Entertainment,39.2396778271192,0,7.056791207747127,Low,44.82734071943085
15,Male,Germany,3.923467968387125,Snapchat,5,Entertainment,7.603812303169882,0,7.282608510330844,Medium,36.09439904925436
26,Male,USA,1.6806885519121648,Snapchat,1,Entertainment,11.978591126477871,1,8.000829186714991,Low,18.900733824539348
24,Male,Brazil,4.53188406043958,YouTube,3,Entertainment,6.700884935947936,1,7.480625397189146,Medium,24.922837438238595
17,Female,Germany,4.115131741916429,Snapchat,2,Entertainment,28.53812291164395,0,7.170845921424817,Medium,61.58378601702907
20,Male,UK,4.434954238375879,TikTok,5,Education,11.575390774180438,0,5.835298151566523,Medium,57.11301031747587
20,Male,USA,3.2571476937192787,TikTok,1,Socializing,15.053532182280398,1,7.348136670537955,Medium,20.6623035304031
26,Male,India,4.469055914623905,YouTube,1,News,27.96618796873828,0,6.447507627866679,Medium,47.46528422890572
25,Female,USA,4.142144053195644,Snapchat,1,Entertainment,38.59430819473559,0,6.1190236643349785,Medium,59.05176202398195
16,Female,Canada,6.113047715198414,Twitter,2,Socializing,24.734709060811845,0,4.79892268070673,High,13.533544812097364
23,Male,Australia,3.000658153848544,YouTube,2,Entertainment,5.0,0,7.926416482430126,Medium,51.24457760141686
22,Male,USA,4.893567824242516,TikTok,4,Entertainment,37.833310764167,0,6.2883047730493296,Medium,0.0
15,Male,UK,0.5,Snapchat,4,Entertainment,27.990075823984927,1,10.0,Low,31.04178177369254
25,Male,India,2.0003970712968924,YouTube,2,Entertainment,29.05253208565308,0,7.78321687105275,Low,26.485232853092093
27,Male,India,3.3628280597502016,TikTok,5,Entertainment,34.49693163328238,0,7.343493034508191,Medium,32.52832792846453
21,Male,India,2.523441205834384,TikTok,5,Content Creation,32.586374288829255,1,8.25243607420447,Medium,49.55995611985792
14,Other,India,3.211078100907524,Snapchat,1,Socializing,38.59936170255844,0,7.973037746469491,Medium,1.5145301672436844
19,Male,USA,1.8087124892147493,TikTok,5,Education,22.647595422138668,0,8.050173308061876,Low,31.72686056254326
23,Female,USA,4.946966123226546,TikTok,1,Education,38.96745936732135,0,6.394079894519132,Medium,31.167699778648597
16,Male,Canada,3.0590896666159835,Instagram,5,Education,33.36019803041725,0,6.246486427158473,Medium,45.08898603297701
20,Female,India,1.8937691216298016,Snapchat,2,Entertainment,6.574145915887442,0,7.725858210614573,Low,31.80983112160505
24,Female,USA,7.521046551066631,TikTok,2,Entertainment,17.262532039743554,1,5.892130469656473,High,17.502946817880538
19,Male,India,5.349693379431407,Instagram,2,Entertainment,36.71904716109536,1,4.749834711846363,High,44.126018281210506
26,Female,India,3.4115684571567657,YouTube,5,Socializing,13.604946713469728,0,5.22835422422666,Medium,53.67976162898957
19,Female,India,4.117689237294271,Instagram,5,News,32.12406449838578,1,8.674300674744051,Medium,52.90686920292432
13,Female,India,1.5717333300661782,YouTube,3,Entertainment,14.656973578902262,1,10.0,Low,7.260187689743923
17,Male,India,5.264124992900138,TikTok,4,Entertainment,30.63687526872672,1,6.814961107766074,High,46.00366383488942
18,Female,Brazil,4.209276029600395,TikTok,2,Socializing,31.5744098802617,0,7.149023640905448,Medium,0.0
17,Male,India,4.4193453737506525,Snapchat,4,Entertainment,18.14242564441473,1,7.884359751985405,Medium,40.88735440684749
20,Female,India,4.419463751489765,Instagram,5,Entertainment,24.24731911102499,1,7.709144063779241,Medium,19.80230428878892
16,Female,India,7.07923327170905,YouTube,5,Entertainment,6.015651674405259,0,5.875113854792193,High,45.6917366213239
21,Female,India,2.575859630076022,Instagram,4,Entertainment,24.520332968206908,0,9.010546945972614,Medium,32.498459950741584
17,Female,India,2.856925593316618,Snapchat,1,Entertainment,17.35316254127467,0,7.930597715168266,Medium,21.243036090892435
14,Female,Brazil,3.8711993074014446,Snapchat,2,News,19.931554719240424,1,5.898651537888421,Medium,16.096991792942717
16,Female,USA,3.5349631879239354,Snapchat,5,Education,26.381630431356783,1,6.663140346840672,Medium,29.840149638914674
13,Female,Brazil,4.280958092594752,Instagram,2,Entertainment,16.351445024923116,0,6.00805634735086,Medium,19.211856910311592
20,Female,Brazil,3.449427573750468,TikTok,4,Socializing,14.522714276689134,0,5.127395654165362,Medium,30.48994548947716
17,Female,India,3.083294704078748,YouTube,5,Content Creation,23.16211915536272,1,6.67265937652749,Medium,14.288575007315604
25,Male,Brazil,4.428437098930322,Instagram,1,Socializing,20.141378741709666,1,5.445564672785746,Medium,56.10456286883682
18,Male,Brazil,4.479406592279586,Twitter,1,News,18.205712621354365,0,5.946579204523579,Medium,49.48159303486231
13,Female,India,4.751710155397006,Instagram,4,Content Creation,40.30892369445862,1,6.955231480573131,Medium,36.08051082145548
20,Male,USA,0.7679187775232621,Instagram,3,Entertainment,38.8816663006093,0,10.0,Low,36.917480166411664
15,Male,Germany,2.974125712266141,YouTube,4,Education,30.74949605940165,1,6.500323038152628,Medium,32.20309022833692
24,Male,India,3.20671637987655,YouTube,3,Socializing,17.77584044679939,1,8.875986456735093,Medium,61.76972683349648
19,Male,USA,3.058769444050392,TikTok,5,Education,38.54334496420022,0,6.234795556183241,Medium,17.19139904015805
19,Female,India,3.4368412386293024,TikTok,1,Content Creation,44.53666433142931,0,5.085198710288497,Medium,21.32933928543071
23,Male,India,4.814496948127167,Twitter,4,News,37.85972523546022,0,7.283795794969723,Medium,70.96375328831162
21,Female,Australia,2.3171449572052745,Snapchat,3,Education,34.13963971158163,1,8.45789832103013,Low,22.94405880663704
26,Female,Brazil,3.497054609611795,TikTok,5,Entertainment,27.11761137955756,1,6.886216565732411,Medium,72.85897953953892
27,Male,UK,3.4966412737995323,TikTok,4,Content Creation,20.92270670655537,1,8.46081762802615,Medium,22.936208427748923
24,Female,USA,2.211109474249212,Instagram,1,Entertainment,5.0,1,8.24290034412478,Low,49.493578135078366
24,Male,India,3.2851273410164192,Instagram,3,Education,30.34719903136444,1,6.355499179543399,Medium,35.54187795604203
14,Female,India,6.553172722767763,Snapchat,1,Socializing,18.407121832977737,0,4.249472787131872,High,66.34063472234565
16,Male,Australia,6.103316569733048,TikTok,5,Education,21.536409378647853,0,6.319758551882946,High,66.1597163680999
27,Male,Brazil,2.7696740805214226,Snapchat,3,Entertainment,31.147190226845083,0,6.4798562687651895,Medium,42.93477574241293
22,Female,India,7.237935784440251,Instagram,5,Socializing,38.53204268434124,1,3.319626460637476,High,29.803842636759896
21,Female,India,5.390496502430542,YouTube,5,Education,43.8032725044168,1,6.731344355200653,High,50.89050663518629
26,Female,India,3.614269020481253,Instagram,5,Education,26.616841324634024,0,7.911919419323192,Medium,24.487659916335645
22,Female,Germany,3.071759568594307,TikTok,2,Entertainment,16.642241995958244,1,6.950101508866972,Medium,40.62567928726286
26,Female,India,3.3097309333926046,Snapchat,1,Content Creation,14.473732843242784,1,7.245415277109172,Medium,59.47244366061274
19,Female,Canada,3.995274785810436,TikTok,4,Entertainment,32.82012633878999,1,6.011177126665649,Medium,9.794320935386525
23,Female,India,4.555667192612882,TikTok,2,Socializing,29.811933771709317,1,6.137157466201745,Medium,41.00168861563035
17,Female,Germany,6.623759263401349,TikTok,2,Education,33.68588250177083,1,4.231694536103853,High,48.642558239183934
18,Other,Germany,4.439788944772326,Instagram,5,Socializing,11.863294597577934,0,5.270820480574063,Medium,27.175656347552877
22,Male,India,5.9447566193161645,Instagram,3,Entertainment,23.865460681113955,1,5.138690444665319,High,48.85158673501135
13,Male,India,3.2215626307512464,Twitter,4,Education,28.566208307925933,1,8.947071502900297,Medium,39.9633104835138
13,Male,Brazil,2.305877682507865,Snapchat,3,Education,28.25966400367703,1,8.380351133899614,Low,72.51013070506282
13,Female,India,2.680729489875825,TikTok,3,Entertainment,32.807171378311864,0,8.938240528006396,Medium,32.692640117158575
24,Female,Germany,3.3284821145143946,Snapchat,5,News,24.72959842082521,1,8.101280960691001,Medium,6.316939882733649
16,Male,USA,6.604278878584839,TikTok,3,Entertainment,34.8621497060525,0,4.198289862153925,High,84.00234745292246
21,Male,Brazil,5.169583029872605,YouTube,5,Education,26.460710960685766,0,7.343284179234084,High,23.58705943836357
15,Other,Brazil,3.513210381130292,Snapchat,3,Socializing,17.93943322606205,1,5.539809835516273,Medium,22.61338789273443
21,Female,India,6.615328205090401,Snapchat,4,Socializing,5.189764522365451,1,4.173635062145047,High,66.68974827133272
21,Female,USA,2.0158353688811426,TikTok,5,Entertainment,30.006184758857607,1,8.333242746375989,Low,60.03614404585949
13,Male,India,2.115901676954402,TikTok,4,Content Creation,28.32406594163386,1,7.394100857934758,Low,28.63787651780682
23,Male,Australia,4.346380780906944,YouTube,1,News,22.34599310755948,0,7.765170134912688,Medium,27.30178069047404
26,Male,India,2.674519419946001,Instagram,5,Socializing,39.14178568008409,1,8.114078679380395,Medium,47.12722891684671
16,Male,India,1.0531046151030856,YouTube,3,News,26.347978949997223,0,8.583711649543314,Low,22.03181398801176
15,Male,Canada,5.133192533534575,YouTube,4,Socializing,29.27089613181382,1,5.450804960181816,High,63.37055294604527
19,Male,Australia,7.10715100426093,Instagram,4,Entertainment,16.179089442000354,1,4.5103459790796565,High,55.26345897181112
13,Other,UK,4.53346632170105,YouTube,1,Entertainment,21.89865780160342,0,6.997127595398231,Medium,41.69969842422899
19,Female,Brazil,2.562918195741621,Snapchat,1,Entertainment,6.554597411145426,0,8.650322720823045,Medium,61.00435053141494
18,Male,India,3.3254010552831827,YouTube,5,Socializing,27.284027195758014,1,6.70921455798145,Medium,46.53043253358948
18,Female,India,3.3364977700114684,TikTok,3,Socializing,35.50676967179487,1,8.517651692751162,Medium,55.33920246334757
27,Female,Australia,2.462351912332696,Twitter,3,News,12.96741769819656,1,7.387245058215755,Low,58.99475869155691
22,Female,Germany,5.219225516419164,Snapchat,2,Education,14.567824366018511,0,6.555051736844868,High,30.03040239847742
18,Male,Canada,5.826728364615564,YouTube,3,Socializing,11.731222117097383,0,4.09747109205543,High,39.004960384332136
14,Female,India,1.8622673303262385,Instagram,4,News,17.38347313414799,1,8.20455613956678,Low,32.37318758086104
15,Male,Canada,3.3122633735868323,Instagram,3,News,20.09177104318909,1,7.183161360980661,Medium,21.22454918522624
23,Male,Canada,2.4622672285039053,Twitter,3,Entertainment,30.56794314890343,1,7.70895652445796,Low,36.41624447182328
26,Other,India,2.2417168607382134,YouTube,2,Education,18.21610974646115,0,10.0,Low,39.63899602873315
26,Male,UK,2.82956038651159,TikTok,1,Education,14.366335895758276,1,8.848535376633581,Medium,41.64000975328701
18,Male,India,4.908638671826157,TikTok,4,Socializing,36.36510599004576,0,5.899991080041612,Medium,51.25871032947612
15,Female,UK,0.5,Instagram,5,Education,26.562764976579107,1,7.627628502026942,Low,38.89456463842968
25,Female,India,0.5,YouTube,2,Socializing,22.12113811277404,1,10.0,Low,42.78066363506254
26,Female,India,3.062364473043887,YouTube,5,Socializing,23.634878076253905,0,5.408159049470329,Medium,21.43852380745901
14,Male,Canada,3.9119170801233634,Twitter,2,Socializing,16.24220047449286,1,6.24598822150541,Medium,40.8341011406641
18,Male,UK,1.7201159346561494,TikTok,2,Education,38.60014939286829,0,7.507617959014472,Low,44.32514817003605
23,Male,USA,3.557312289004629,Instagram,3,Education,11.867382782468807,1,8.44663357844663,Medium,52.375611620630266
15,Female,India,3.3970256275586563,Instagram,2,Entertainment,26.25365017955233,1,5.456231902563793,Medium,46.90019324506105
15,Male,Germany,2.1873667309123475,Twitter,1,Socializing,59.02520430998629,0,9.156645627986826,Low,51.276682080958
17,Male,USA,3.495594399908167,Instagram,3,Education,20.901068595636687,0,7.074671162048359,Medium,11.532036064098955
27,Female,Germany,2.163894879325771,Snapchat,1,Entertainment,29.5333238139634,1,9.172153735135874,Low,66.98743311867256
24,Female,USA,4.905912929760271,YouTube,4,Socializing,32.56466502738805,1,7.277414015072855,Medium,0.0
18,Female,Brazil,2.176579624957269,Instagram,1,Entertainment,16.414565973005118,1,8.270395525959678,Low,31.40811482686785
20,Male,India,4.354697632930427,Twitter,3,News,30.56156595446921,1,6.596788550130988,Medium,32.85177404312529
20,Female,India,7.158830210259789,TikTok,2,Entertainment,32.71513127015759,1,4.718107414884532,High,29.01768803656316
19,Male,Australia,4.56814292684146,Instagram,1,Education,38.653018090997584,0,6.975973254631877,Medium,36.02267270032194
18,Male,Canada,6.704466532467804,TikTok,1,Entertainment,18.73371550128283,1,5.428956962420799,High,11.19107041052844
27,Male,India,4.562108411246371,TikTok,5,Entertainment,27.749304078555426,1,6.824917591845,Medium,70.06599786826004
21,Other,India,2.6061640454294523,TikTok,1,Education,41.26312255068913,1,9.18145887137635,Medium,38.98174789071872
27,Female,Canada,4.321954222381117,Snapchat,5,Content Creation,31.27343608326756,0,8.194538734945203,Medium,35.25715634051497
17,Female,Canada,4.382475126419465,TikTok,5,Education,30.66824521993503,1,6.46598637942104,Medium,7.500388555103491
26,Female,India,2.9838022530290016,Twitter,2,Education,15.68379945382919,0,7.035480274395255,Medium,14.012180545184492
14,Female,India,3.84282614674825,Instagram,1,Entertainment,35.03272501863836,0,6.676541766151107,Medium,39.76350004494004
16,Female,Germany,4.01584327849199,TikTok,1,News,20.58991333965055,0,7.273420063077033,Medium,62.317892068301056
26,Male,India,3.3707261244390363,Instagram,2,Entertainment,16.050768005248095,1,8.385979618813348,Medium,42.92630082154045
22,Male,UK,5.170481717258685,Instagram,2,News,30.721104444879835,0,5.1709685909395935,High,19.33636359308421
14,Female,UK,5.477333650563906,YouTube,5,Entertainment,24.12614608579961,1,6.106480587120357,High,71.87998778170544
19,Male,USA,4.53899935495634,TikTok,4,Socializing,22.10666810499326,0,6.564079467629526,Medium,32.915305290636795
13,Female,Canada,3.1163222691684997,YouTube,1,Entertainment,15.562227083703482,1,7.068627848069827,Medium,54.34315342494981
27,Male,Canada,3.0500773640177425,Instagram,4,News,23.66067453476656,0,5.923518081378318,Medium,79.24999861392956
16,Male,India,0.82848913449982,Twitter,3,Education,18.117108408497074,1,8.281943919589045,Low,0.0
18,Male,Germany,4.975772487374873,TikTok,2,News,16.368225685831952,1,7.122615113028804,Medium,14.368830649019682
23,Female,Germany,4.341135253938672,TikTok,3,Socializing,22.950227395676755,1,5.851641471521117,Medium,27.471682037955212
27,Female,India,3.676445492453915,Twitter,2,Socializing,32.69981608832396,1,4.886556234829273,Medium,0.7294013341396308
20,Female,Germany,2.881761393980918,Instagram,5,Entertainment,25.078742106041958,1,7.161971150810566,Medium,4.564285880550322
18,Male,UK,0.9691109379639578,Twitter,5,Entertainment,41.5662893907142,1,10.0,Low,28.13244330264204
18,Male,USA,1.6790611293263078,YouTube,1,Socializing,19.08045907204409,0,6.555999271471551,Low,6.373973715876417
13,Male,India,4.835814365398695,TikTok,2,Entertainment,29.43988870667209,0,7.080706601116188,Medium,71.72208003975203
21,Male,UK,3.5875371922987296,Snapchat,3,News,39.4167834315304,0,6.342509576301558,Medium,53.657794118284926
26,Male,Brazil,3.503489796010681,Twitter,4,Entertainment,34.62291107603967,1,8.062185754623194,Medium,53.24166361213338
15,Female,India,2.9761416398697147,Twitter,5,Socializing,24.48029630929244,1,6.66192694990472,Medium,35.17125582132063
19,Male,India,6.870439580340521,Twitter,4,Education,16.440979189684242,1,3.5842913556170606,High,34.950475848943185
19,Male,India,5.589938486650035,YouTube,5,News,10.838454617487445,1,4.4616989254061306,High,53.14226046396336
23,Male,Canada,1.6538390845731077,Snapchat,4,Entertainment,11.716118928486154,0,7.857647514994293,Low,60.87642255232916
17,Female,India,2.653910197910043,TikTok,1,Entertainment,22.173905953461595,0,8.811646454199124,Medium,34.74973320588173
16,Male,Germany,3.426248998282986,YouTube,1,Socializing,26.965900475410717,0,8.38223254346133,Medium,16.2951569101951
14,Female,USA,2.407849452423608,Snapchat,4,Socializing,32.161100059377326,1,8.882319916980345,Low,25.42721081445111
25,Female,USA,5.012502554827931,YouTube,5,Entertainment,21.154522791066427,1,4.655269665191278,High,33.346979440053005
26,Male,Germany,6.752001109732858,Snapchat,4,Content Creation,38.35580676681696,0,4.962759027377948,High,42.844689389904
19,Male,UK,2.319872616926757,YouTube,3,Education,31.256792865939072,1,7.528642128822929,Low,27.924013228214832
25,Other,India,4.06831580511501,Snapchat,5,Socializing,25.463418975456317,1,7.459438875362874,Medium,10.15260125795558
15,Other,Canada,4.900334795438196,Instagram,4,Entertainment,14.949263194369692,1,5.502660402180023,Medium,40.60508420119813
16,Female,Canada,4.830317736839714,YouTube,4,Entertainment,25.64563971455185,0,6.477923487531479,Medium,56.668465330266216
27,Female,Germany,3.54961982326946,TikTok,3,Content Creation,23.3400196306032,1,6.495526437538423,Medium,41.771279618498376
22,Female,India,2.1509369756761134,Instagram,3,Entertainment,45.845392327334295,0,8.216758769373088,Low,38.92346851413878
18,Female,India,4.470442009634359,YouTube,5,Education,37.48936995291432,0,5.285681803859884,Medium,26.98419266100739
21,Female,USA,3.24312172994053,YouTube,1,News,25.62792848192591,1,8.75687576005881,Medium,50.55834810594927
19,Male,Brazil,4.821319575580112,TikTok,3,Education,21.027858998829338,0,6.70200352921879,Medium,32.06270887700106
13,Female,India,3.064535440644258,Instagram,3,Entertainment,33.76344521936647,0,8.339562765564848,Medium,42.03363855311177
20,Female,India,4.081314873269911,TikTok,1,Entertainment,29.142650274360857,1,5.784205541250249,Medium,53.33352251696469
13,Female,USA,4.522368351555246,TikTok,3,Entertainment,12.91240505277531,1,5.870672326781603,Medium,63.16026788093244
26,Female,India,1.5014789835313442,YouTube,2,Socializing,29.39664285628201,1,9.574559697593074,Low,29.39420066535503
16,Female,USA,2.6306983173963503,Instagram,5,Entertainment,37.75052110129669,0,6.591834164158072,Medium,42.4102802600237
14,Male,USA,3.664886547468524,Instagram,1,Socializing,16.216596554635615,1,6.837288952825156,Medium,40.85657473868509
20,Female,India,5.052487446189261,TikTok,1,News,15.907835562792256,0,5.988582909686612,High,31.99687791755967
20,Male,India,3.803351162010738,Instagram,1,Education,23.458173072309027,0,6.766313416421658,Medium,54.12363890940426
25,Female,USA,3.95084206172546,TikTok,4,Education,10.327173292803408,1,5.685116803950735,Medium,62.6317900252103
22,Female,Brazil,2.534644642344693,Instagram,2,Education,25.665925804175394,1,9.214884356469588,Medium,39.63789449934338
23,Female,Canada,2.7255475348824154,Instagram,3,Socializing,13.411075491654325,0,6.886943321060485,Medium,51.07972901580723
15,Female,India,1.2976114903541929,YouTube,5,Content Creation,32.7418007712223,1,7.330992795961053,Low,50.36598601909002
24,Male,Australia,2.603423559359614,Instagram,5,Socializing,23.347786022358257,1,8.382565251149341,Medium,17.716615915793934
22,Male,Germany,1.6634146192871029,Twitter,2,Entertainment,45.61367159065728,1,9.208691514651669,Low,54.70818542821911
18,Female,Canada,2.627843883036804,Twitter,4,Socializing,40.13511876661733,1,7.910703791590309,Medium,50.64929051236284
27,Other,India,2.90422895151136,Instagram,1,Entertainment,12.67474017478408,1,5.5283308395477455,Medium,38.10799624337592
26,Male,USA,7.663361155105849,YouTube,2,Entertainment,35.835560767973575,1,3.9251485821490855,High,45.950744849965815
14,Male,Germany,4.201463996016744,TikTok,3,Socializing,11.066304641093094,1,7.468997918404777,Medium,77.27113996781189
17,Female,Australia,4.580725109427345,Instagram,1,Education,24.14613933534006,1,7.454539339108694,Medium,56.08792081930729
20,Male,USA,2.5679829238837293,TikTok,3,Socializing,38.47157667903008,0,8.68533378931136,Medium,36.61843673283329
17,Male,India,3.446812979517135,TikTok,2,Entertainment,31.903723234552466,1,8.552230298497497,Medium,25.050471285329785
15,Male,Brazil,5.982628719709316,YouTube,2,Socializing,30.03437742164111,1,7.856539617888258,High,73.44914487168504
20,Female,Brazil,2.642917702652883,TikTok,2,Entertainment,20.873502304808767,1,8.915295630788451,Medium,18.17695529567905
24,Male,USA,2.268583418040822,Instagram,2,Entertainment,25.0701338419424,0,9.021523474194982,Low,53.89949796266781
13,Female,USA,4.650798191593866,Snapchat,2,Education,22.956798948521296,1,5.673735109045094,Medium,0.0
25,Female,USA,1.9050760586542488,Instagram,4,Entertainment,27.10169061853921,1,8.333740547159364,Low,41.69871259034993
27,Male,India,4.837662123195919,TikTok,5,Content Creation,29.730165030858537,1,4.898685044780943,Medium,58.09622899261944
22,Other,India,3.0538274594192787,YouTube,4,News,20.879040841420903,1,6.769168292255604,Medium,15.671777219767684
25,Male,Canada,2.436030576664065,Twitter,4,Education,32.04305218168109,1,8.881758595206769,Low,28.823342622743947
15,Female,USA,1.9690455573759444,YouTube,4,Entertainment,28.035916004334357,0,10.0,Low,35.231859256354944
17,Female,USA,3.578619742301614,Snapchat,5,News,35.29039835478333,1,7.46541605412399,Medium,27.166764907969014
27,Male,Germany,2.494021428383493,Twitter,3,Entertainment,15.595217864241226,1,5.284587859301269,Low,46.05673175850515
19,Female,Australia,8.005189949944668,TikTok,2,Entertainment,6.9032305480396445,1,2.890894694623064,High,34.738072317752376
15,Male,USA,4.799986953854175,Snapchat,1,Socializing,27.34054293095534,0,4.50247804994972,Medium,0.0
25,Male,India,4.908197813816457,TikTok,3,Entertainment,22.878240701087563,1,6.497255675542059,Medium,72.18054991707605
19,Male,USA,5.6207033573024106,YouTube,3,Entertainment,47.81351167627231,1,6.4581977412012375,High,30.015723107081577
26,Female,Germany,1.6731494958792834,Snapchat,4,Socializing,20.79857568744587,0,7.793617047647178,Low,70.90619872781227
14,Female,India,0.5,Instagram,3,Entertainment,37.97153152868229,0,9.814151670196804,Low,18.059706366043493
25,Male,Brazil,4.196403441453819,Twitter,4,Socializing,19.874423954654613,0,7.012696869985854,Medium,44.81098248526328
23,Male,USA,6.985541073907405,YouTube,5,Entertainment,36.04437054257987,1,2.462145348622676,High,39.75723572920487
13,Male,India,0.7604000084905134,TikTok,4,Socializing,41.14124247395313,1,8.304023326515642,Low,40.65077625686176
22,Female,India,6.002358658392383,YouTube,4,Entertainment,41.73634401623073,1,5.803405653269769,High,78.08220068845641
17,Female,UK,3.811498223578537,TikTok,5,Entertainment,26.485688782606186,1,5.164438688147972,Medium,36.96767449904823
27,Male,India,3.330729760467844,YouTube,2,Socializing,12.135382217481768,0,7.937622966947677,Medium,28.29508607764639
18,Female,Germany,1.6244909816187596,YouTube,4,Entertainment,11.071237856722796,0,9.733114804616203,Low,53.09669282775605
24,Male,India,3.776994676828967,Twitter,2,Education,28.451892115940115,1,7.191699245102545,Medium,46.42460845316427
27,Female,Germany,2.28833755859634,Instagram,1,Education,18.84603575039461,1,7.127865512446578,Low,36.561037825654346
14,Female,Australia,3.350757683602329,YouTube,5,Socializing,15.185211421744368,1,7.073956027930543,Medium,40.86646343994131
21,Female,USA,5.457452388723149,TikTok,1,Socializing,32.93742697214775,0,6.483287827775266,High,47.37949760556474
22,Female,USA,2.7652371581789774,TikTok,4,Socializing,22.21621086073325,1,8.661755484662386,Medium,43.61169080963044
19,Female,Brazil,4.748083842356342,Instagram,3,Socializing,27.66832308550309,1,6.157516380939666,Medium,45.460516602946974
19,Other,India,4.704378617599636,TikTok,4,Socializing,24.183069527393027,0,5.919876079966018,Medium,50.03194808702076
21,Male,USA,2.5415043263470665,Snapchat,3,Education,18.298367656240718,0,7.864371870173643,Medium,40.88612257575042
26,Male,Canada,2.822972497441792,TikTok,1,Education,21.896386928427344,0,7.962684417047106,Medium,39.33368153850167
14,Male,USA,4.962432052705058,Twitter,1,Entertainment,11.819299082301358,1,5.055156041341833,Medium,73.89045563876712
14,Female,India,3.0286442767200685,YouTube,2,Education,25.341498713188056,1,7.527688574807846,Medium,20.24225224637685
21,Female,India,3.2569188063336827,Instagram,4,News,15.800406571062377,0,6.556455674387816,Medium,37.241654959191045
26,Male,UK,3.473239354037293,TikTok,5,Socializing,31.912810219747627,0,6.292733837827828,Medium,54.37507848251296
17,Female,India,2.544505041444034,Instagram,1,Education,14.70749011908377,0,7.476503095888245,Medium,31.854778068475746
16,Female,USA,1.5132268341174004,YouTube,2,Entertainment,33.670513226322534,0,9.351921454309966,Low,56.8755607490608
14,Male,India,3.300600380109576,Instagram,4,Content Creation,16.676457617437734,0,8.093025956814543,Medium,51.27137473423954
25,Male,USA,0.9638588321505708,Instagram,1,Entertainment,21.487561690998238,1,8.107239522880777,Low,18.07257377559977
19,Male,USA,3.838360467042522,YouTube,5,Socializing,19.496634310474263,0,6.9632455094077725,Medium,43.92394096586639
21,Male,USA,5.605026235603292,Twitter,1,Entertainment,5.0,1,5.649820271979585,High,36.64101839595038
21,Female,UK,4.46150696649087,YouTube,3,Socializing,30.14191335063557,0,5.8635885004119785,Medium,0.0
26,Male,Brazil,3.2477217025917757,YouTube,3,Education,6.648255259555207,1,7.772879775219738,Medium,11.330041104027767
13,Female,India,3.049688520763726,Snapchat,5,Socializing,26.561384585496437,0,7.073948811262504,Medium,0.0
20,Female,UK,5.205403532394599,Twitter,4,Entertainment,40.87716531574432,1,5.683277271162883,High,44.561292098966334
24,Male,Canada,1.859074944657464,YouTube,1,Entertainment,33.662295556644246,1,9.045065343323332,Low,43.122579345009456
25,Male,Brazil,3.8440526103450674,TikTok,3,Entertainment,50.41475128552474,1,7.42497142429752,Medium,18.974226800479897
26,Male,Canada,2.435264312717884,YouTube,3,Entertainment,34.69440986187361,1,7.52090329575562,Low,61.96167429822545
15,Female,USA,0.5,YouTube,2,Education,14.033361704410067,1,8.639772106058011,Low,61.57571987290365
20,Female,Germany,5.254683518178716,TikTok,1,Entertainment,23.014689783082467,1,4.897687351536255,High,40.883051735596005
15,Female,USA,3.5913395370350423,TikTok,4,News,17.213064088108197,1,8.614023291466438,Medium,39.236536016367566
18,Female,Canada,1.5614898110519686,YouTube,4,Entertainment,33.38502609216799,0,7.840241229879156,Low,37.51565910809039
14,Female,Canada,4.2566267736084615,Instagram,5,Entertainment,29.3744206265356,0,6.556568989756189,Medium,54.05588108749166
16,Female,India,5.674353365637828,TikTok,5,News,24.43001423288834,0,3.641234544938272,High,61.17757312429973
13,Female,Germany,3.814795084376902,YouTube,1,News,26.169088736293865,0,7.359934806362951,Medium,16.953334577392262
21,Female,India,3.4800302073680256,TikTok,5,Entertainment,22.546584607452047,0,7.391796203964295,Medium,26.90922368014361
20,Male,USA,4.290730807621802,Twitter,4,Entertainment,28.975819573193576,1,6.817275469986591,Medium,31.93250946149338
16,Male,Germany,3.435166393898152,Instagram,3,Education,15.088442649807677,0,6.916414368044098,Medium,42.51297857946547
24,Male,India,1.7564687178023697,YouTube,2,News,11.206679814177056,1,6.338030637688542,Low,44.14652443881251
18,Female,Brazil,3.02770001908598,TikTok,4,Entertainment,23.14986234748288,0,5.470772834771038,Medium,57.69596522807835
14,Male,USA,0.6963466141074179,Instagram,3,Entertainment,6.916801764446284,1,9.88735238279063,Low,22.905696454604836
21,Female,India,1.9730784778792676,Instagram,1,Entertainment,12.821919369723464,1,8.345463609872809,Low,22.03334382019893
27,Female,India,2.1709922674942588,Instagram,3,Education,25.644032757313816,1,7.600144859267957,Low,0.0
24,Female,India,2.6503215114268066,Twitter,2,Education,19.22453760319673,0,8.217369170722252,Medium,56.537877098345845
22,Female,India,2.992160220714915,Instagram,1,Socializing,16.12005215541256,1,8.525370207231047,Medium,22.083571439315502
26,Female,USA,2.02971574070004,YouTube,4,Content Creation,13.403155813897886,0,7.451088459940154,Low,44.20119616844338
17,Female,Germany,3.943321373140978,Twitter,1,News,19.56804445117834,1,8.406341227999546,Medium,50.58316943838843
18,Female,Germany,2.968084770505228,YouTube,1,Entertainment,35.42193918420801,1,7.078824920152348,Medium,34.984078165157534
26,Female,Germany,3.539825096969885,Twitter,1,Education,18.34264662887342,1,7.542752518724815,Medium,28.28443952355388
26,Female,Canada,4.443438283005882,Instagram,3,Entertainment,23.742581195954173,1,4.273502701650204,Medium,29.377173356273357
19,Other,India,3.377681017995652,Twitter,1,News,13.769159095920593,1,5.85161636357866,Medium,57.12922976044692
22,Male,Germany,3.522769195960925,YouTube,2,Socializing,19.181791388853007,0,5.838922082366678,Medium,25.9468783716896
18,Female,Germany,1.712571552708967,Instagram,5,Socializing,18.246828858967564,1,9.441851839350685,Low,30.442595503497
20,Female,Canada,3.738049917873763,Instagram,4,Entertainment,32.95699064817022,1,6.999163018408293,Medium,36.13729213156319
13,Male,Brazil,3.345875300046585,Instagram,1,Entertainment,8.061231212941749,1,7.467603562694068,Medium,31.238242190036395
21,Male,Germany,7.800971527292007,Instagram,3,Education,17.619293935894632,1,3.625248991011744,High,18.399688463336204
14,Female,Brazil,3.122546190512214,Instagram,1,Education,31.28685149451429,0,7.504953646715728,Medium,63.11218225167973
22,Female,India,4.769716817948539,Snapchat,4,Content Creation,24.259812519748635,1,7.7464315873229825,Medium,9.735238751018564
15,Male,India,3.269601425500277,Instagram,4,Entertainment,21.10805529706981,1,8.101577550112406,Medium,13.011940127200894
18,Male,UK,4.211187440920105,Instagram,2,Socializing,36.48741810344735,1,6.511273004141157,Medium,31.013896509576536
19,Other,India,1.908130966647481,YouTube,3,Entertainment,11.295342063860405,1,7.785109011113222,Low,34.26462333703183
21,Male,India,3.624140937967485,TikTok,2,News,26.77656466503137,1,7.4615997595503005,Medium,36.60499505001733
23,Male,Germany,3.516105193273766,YouTube,1,Entertainment,15.461665135628785,1,7.139698509278405,Medium,29.34718640022229
23,Male,India,3.828677998499896,Twitter,1,Socializing,19.81395966405512,0,6.969085315237064,Medium,44.11296584235358
19,Female,Germany,2.581451129563296,TikTok,4,News,25.26123367619989,1,9.53663023880885,Medium,35.2747681159829
24,Male,Germany,2.262727643917217,YouTube,3,Socializing,18.26148818489889,0,8.148717555960284,Low,29.2588668974075
15,Female,USA,4.560528413921655,YouTube,3,Entertainment,7.96603504970847,1,4.257251451151299,Medium,16.617673868370662
15,Other,USA,1.5941398907642286,Instagram,2,Socializing,29.710513781162348,0,8.418042673702322,Low,33.88671167037484
27,Male,India,3.377179304732368,YouTube,1,Content Creation,34.765165475499096,0,7.664029497817678,Medium,52.98858432388839
17,Male,UK,5.314736950382277,TikTok,2,Entertainment,25.178762711639017,1,6.962096897764945,High,8.816489721718739
24,Male,UK,3.420940134905826,Instagram,5,Education,29.291115017466304,0,6.361074231112406,Medium,13.190109899043776
22,Female,India,2.720773370932773,YouTube,4,Socializing,22.881851805443084,0,6.438684010407622,Medium,7.969875066503867
27,Female,USA,1.1501866127084428,Instagram,4,Socializing,26.276893506919127,0,10.0,Low,31.98014682837391
27,Female,Germany,5.05113442690538,TikTok,5,Socializing,20.70382798530448,1,5.518925338361756,High,16.1127778371279
21,Female,India,4.075820316286864,Twitter,2,News,29.509343299131917,1,6.273111481442433,Medium,32.6572714251536
23,Female,UK,4.387097685074664,YouTube,4,Entertainment,34.71611015049048,1,5.448931983978499,Medium,33.53352864280967
22,Female,Australia,3.621051951989103,Snapchat,1,Entertainment,21.22925431950609,1,7.521860982308349,Medium,54.11273194495866
20,Female,India,3.530354828810254,Instagram,5,Socializing,19.945389956777056,1,8.193555851240825,Medium,55.14937425099845
24,Female,Canada,4.439480660289101,YouTube,2,Entertainment,26.618190578922764,1,7.152472389485832,Medium,51.803351695718206
19,Female,Germany,2.755463807588137,Instagram,4,Entertainment,31.082864003295583,0,7.847991705038855,Medium,77.96037424022857
26,Female,Australia,2.4592989996595245,Instagram,1,Entertainment,33.14899514054116,1,5.854071665568243,Low,38.80439568168956
13,Male,India,4.328018162329158,Snapchat,3,Socializing,35.276672603944604,1,9.669084527865309,Medium,74.96592405578892
23,Male,Germany,5.263931329888473,YouTube,1,Entertainment,19.07292840822392,0,6.203722906908598,High,53.5697664742969
22,Male,USA,4.072691329623984,Snapchat,3,Entertainment,21.799712573912288,0,8.012458655983137,Medium,49.312014045105855
22,Female,Canada,3.109926646037905,YouTube,5,Entertainment,24.61795667254177,0,7.5619726874458415,Medium,40.43149759727024
22,Male,India,4.917092568498841,Instagram,1,Socializing,14.153856805589358,0,6.377926998300562,Medium,40.55802816472533
15,Female,India,2.6077100375949764,YouTube,4,Entertainment,33.22284037319142,1,6.871361454635983,Medium,33.86607071766923
13,Male,Brazil,1.061091026182064,Snapchat,1,Education,17.21292329646846,0,9.954380957659266,Low,55.85723368959764
24,Female,USA,1.1809466454540898,Twitter,3,Entertainment,29.61013440133422,0,9.488267904882289,Low,35.145886675371486
25,Female,Brazil,4.895708861264104,YouTube,5,Socializing,17.906647410959255,0,6.280740917903665,Medium,27.137063534806668
25,Male,USA,4.325860169544596,Instagram,5,Education,41.12497001042668,0,4.994017518788732,Medium,0.0
25,Female,India,3.3673498494499188,Instagram,1,Entertainment,46.152972077137576,1,6.668469424516818,Medium,18.34904745643552
18,Male,UK,2.6918185703675563,Twitter,2,Socializing,24.917102290163875,1,9.818832124146004,Medium,71.62340861213752
16,Female,India,1.50926916086812,TikTok,1,Socializing,22.384938697575453,0,6.438179546643204,Low,37.13060938194164
21,Male,Australia,3.261228707104156,YouTube,1,Socializing,29.98295153920361,0,9.520968452999805,Medium,43.761556939145606
13,Male,India,3.792472068835119,YouTube,4,Socializing,19.059977307458308,1,7.936485443277264,Medium,4.091286182937317
20,Male,India,2.8903170600858736,YouTube,4,Content Creation,9.440541235646656,1,8.123335252580423,Medium,18.18683081867117
27,Female,Germany,1.392167671029127,Instagram,1,Socializing,16.637617131092355,0,10.0,Low,13.974372982406308
19,Female,India,4.408884382237404,YouTube,2,News,8.751643023807155,1,5.245969964701024,Medium,52.00263276851301
25,Female,Australia,2.1437771694556558,YouTube,2,Education,13.463866042350308,1,6.627331000591974,Low,42.44483601247263
20,Female,India,5.339923904875274,Snapchat,2,Entertainment,20.323443656639306,1,7.559043252978449,High,54.899258293027046
26,Male,Canada,3.490813076151298,Instagram,2,Entertainment,10.65440554221092,1,5.61159025801613,Medium,43.394304793871264
17,Female,India,4.696794001596753,YouTube,2,Socializing,17.809223945253642,1,5.934919562468161,Medium,61.07960210242115
24,Male,India,1.194275051112368,Twitter,5,Education,37.24810103895389,0,9.290110791894032,Low,41.81294144972821
19,Male,USA,6.264027698444528,TikTok,2,Education,34.325198420890565,0,2.8174054420008656,High,25.114171142921
21,Male,India,8.614136214349196,Instagram,2,Socializing,36.77665624287085,0,3.781277999027117,High,51.981769866079865
23,Female,Brazil,5.52566033597325,Snapchat,1,Education,31.54306850411809,1,4.602544340945488,High,47.82774665077473
15,Female,Germany,2.4730062759124936,TikTok,4,Socializing,34.777528971771964,0,7.849159267286968,Low,51.66774885399245
17,Male,Canada,3.097263912480627,TikTok,3,Education,35.21922987492605,1,8.268594627490732,Medium,7.009202696556756
23,Female,Germany,5.496669554053729,Snapchat,5,Socializing,12.478056725318636,0,8.233545698204862,High,32.556089032269504
23,Male,India,4.481211321686607,Twitter,5,Education,33.092456174352385,1,7.995417266573496,Medium,33.332232497045496
22,Female,USA,0.5,YouTube,5,Socializing,32.66993291413706,1,9.579345290582175,Low,51.60314078563937
21,Female,India,1.2320291598737223,Twitter,1,Socializing,21.645965498422136,0,9.305602131353076,Low,59.23200553224391
17,Male,UK,2.2169865767531407,Snapchat,5,News,39.00221817781283,0,7.691271829666119,Low,24.055248406144607
27,Male,USA,0.5507897609096206,Instagram,5,Entertainment,41.46583456277958,0,10.0,Low,27.58170119866984
26,Male,India,6.818797015848006,Instagram,2,Socializing,21.98357135141126,1,5.914924854772293,High,19.937593303512188
17,Female,USA,2.7072512432579474,Instagram,5,Entertainment,37.373837629845966,1,8.001116013147053,Medium,40.28680853478589
13,Other,India,3.8069434331329473,Instagram,5,Education,22.5144630018763,0,4.714888360949768,Medium,54.968911200039614
22,Female,Germany,4.307972517784526,Instagram,5,Socializing,38.95813916369174,1,6.794150097778845,Medium,35.35201240325213
21,Male,Brazil,3.0500206046972065,Twitter,1,Entertainment,31.735273371610678,1,9.505258564239329,Medium,47.987374826653856
14,Male,USA,3.0332071186694542,Twitter,4,Entertainment,26.43753550511602,0,8.338120374263914,Medium,19.521675563976537
14,Other,Canada,1.7798777292759729,Twitter,5,Education,20.74255383396596,0,7.690162760778469,Low,31.25667854716216
16,Female,India,3.496549394775608,TikTok,2,Education,32.65319889075868,1,6.009516601138636,Medium,58.051159870666325
27,Female,Canada,3.137774657326159,TikTok,2,Education,11.422426518531912,1,8.300670616342693,Medium,41.554922449196255
27,Female,India,1.6176626854320495,Twitter,2,Entertainment,19.030021726296766,1,10.0,Low,62.33819909960516
26,Female,Brazil,4.460976129872144,YouTube,2,Entertainment,41.29306198389168,0,6.291850317017829,Medium,33.83087733451572
22,Female,USA,5.250987499893692,TikTok,4,Entertainment,23.593652740609123,0,6.211281141119113,High,77.07949210451076
27,Female,Germany,6.245542129432485,YouTube,4,Entertainment,18.748523999862577,1,4.342903028298577,High,94.62096579791704
17,Female,India,2.2502671564516445,Twitter,4,Entertainment,32.45316669379682,0,9.306717886697864,Low,21.54576922464016
15,Male,India,4.770651481166083,Instagram,2,Education,38.26624066248318,0,5.306227319740603,Medium,44.581646877783335
25,Female,Germany,1.2517616935617837,Instagram,3,Socializing,35.33767487962323,1,7.417880124927553,Low,32.212899130446715
27,Female,Germany,2.3675086975144106,YouTube,2,Entertainment,13.590368233233663,0,7.483366748895173,Low,44.61432964601891
20,Female,Germany,2.972846817876688,Snapchat,3,Entertainment,13.163653518822224,1,5.742619838355656,Medium,26.93336857836428
24,Male,India,6.141477365914076,YouTube,1,News,26.85954787348346,1,4.693047860984185,High,33.71689034689809
22,Female,India,4.470116874476425,Twitter,2,News,32.522600837707444,1,6.859106404564724,Medium,7.992852665385456
15,Female,India,4.272982969868192,Instagram,2,Education,33.564668569808475,0,8.207048105421077,Medium,60.493432963001496
16,Male,USA,3.09499582299254,TikTok,4,Socializing,11.327256013779904,1,7.602510660264941,Medium,30.21548172531625
16,Male,India,3.464699756497706,Instagram,2,Entertainment,30.34191934399675,1,7.050818534591761,Medium,53.25719909354734
18,Male,Germany,3.464713424544725,YouTube,2,Content Creation,26.818661867876145,1,8.310877089473149,Medium,29.272692617266607
21,Female,Brazil,4.415935371758511,YouTube,2,Entertainment,43.08634893161023,1,6.854611034653717,Medium,11.836682064071011
25,Male,Canada,4.075380379334881,TikTok,4,News,27.166814845919607,1,6.603392366068074,Medium,29.20218965201453
13,Female,India,2.804083502785691,YouTube,5,Entertainment,34.893675177836954,1,8.488526310815987,Medium,44.85622392173487
21,Male,India,1.7937077964275905,Instagram,3,Socializing,20.719926155268503,1,8.602589663172438,Low,37.61173159062956
13,Male,UK,4.234455307835355,YouTube,4,Socializing,19.557919925088758,0,7.989377698119584,Medium,34.81493833446737
15,Female,India,6.0121335142480365,TikTok,4,Entertainment,22.84824936999241,0,3.6434413209316583,High,35.890506166237415
27,Male,Brazil,5.116571466163613,TikTok,5,News,22.450850519344197,1,4.006808677723939,High,14.000214283109235
25,Other,Brazil,4.28624154143792,Instagram,2,Entertainment,23.93257702161377,0,7.165254621586128,Medium,11.22761684784659
20,Male,USA,4.388576026606183,TikTok,4,Entertainment,26.93555692876868,1,5.613795339860588,Medium,28.718839634537296
20,Male,USA,4.021582274113566,TikTok,3,Entertainment,25.641127336232408,1,7.796417393560991,Medium,52.0516319709986
22,Male,Germany,1.1652258173420025,Instagram,2,Socializing,26.03808240736567,1,9.433692365417318,Low,13.200162524766403
21,Male,Canada,4.147507613008284,Snapchat,4,Socializing,33.5257405966132,1,6.315088835565139,Medium,13.06279609656204
17,Male,India,1.1939624735112089,YouTube,3,Socializing,22.81892457853281,1,8.601060355470468,Low,30.7366700497788
21,Male,India,3.384958583719916,YouTube,4,Education,41.33281281139361,0,7.550244091784751,Medium,34.22332051407657
22,Female,USA,2.008502565371417,TikTok,2,Socializing,28.026441028502063,0,7.454575982603788,Low,50.95622948871456
23,Female,Germany,3.627743382997819,TikTok,2,Education,31.990539500687724,0,5.657030579059478,Medium,31.54993643023965
22,Female,Brazil,4.10878784219566,TikTok,1,Socializing,31.359676350049007,0,6.6527853022646655,Medium,56.209670046125765
27,Female,Canada,4.556585656249494,TikTok,2,Education,19.678465828076742,0,7.933026584294403,Medium,33.82647974865648
27,Male,Brazil,1.3815931556515313,TikTok,2,Education,33.07181987908119,1,8.43834900834002,Low,37.03302190882219
20,Female,Australia,3.983959210534955,YouTube,4,Education,28.59256765191799,1,8.537137089267336,Medium,52.7152073839632
26,Female,USA,1.5939666331838906,YouTube,4,Entertainment,18.21174863034377,1,8.425120956058029,Low,53.42023537513752
16,Female,USA,4.435974520988242,Snapchat,3,Socializing,42.66564765356693,0,6.717468773988706,Medium,59.35006665257389
25,Female,India,4.085382696236751,Instagram,5,Education,18.55785339431322,1,8.17970886705747,Medium,28.440728735378887
26,Male,USA,4.755485425859882,TikTok,5,Socializing,40.598329293138406,1,6.358783658484435,Medium,32.372545515768984
17,Male,India,2.233254123564354,YouTube,2,Entertainment,27.231434646922,0,7.538289771513727,Low,38.80545851279268
22,Female,USA,4.173186554879219,Instagram,1,Socializing,25.120438885828843,1,5.266724931156011,Medium,51.88291708907121
24,Female,Australia,6.657636915227226,Snapchat,5,Education,32.471542777773884,0,6.961557763015314,High,55.61963928405424
17,Female,India,3.3104848860243843,TikTok,1,Entertainment,18.316232847109045,1,5.812465371396647,Medium,46.9490651838992
27,Male,UK,2.8222835549681684,TikTok,3,Socializing,36.22709002617371,0,8.015821786563356,Medium,44.47878836377205
23,Male,India,4.345626489351385,Instagram,5,Entertainment,23.23294322773597,0,6.452390297694348,Medium,23.399259820279013
13,Female,USA,3.9143928532279424,Instagram,3,Socializing,32.416657276810405,0,7.436392882838397,Medium,36.00150671742446
14,Male,India,0.5,Instagram,5,Entertainment,21.827513094300343,1,8.02899266425164,Low,32.48029365005049
18,Male,Germany,1.3730508825347243,Twitter,4,Socializing,27.64859823945892,1,8.743226027004228,Low,47.90327707821936
27,Female,USA,2.3633803715759063,Instagram,2,Entertainment,16.20775214097196,1,7.066866829649494,Low,53.44643712597359
16,Male,USA,2.606233733012288,Instagram,3,Socializing,28.65419696636662,0,8.669505933219355,Medium,47.38792884059702
22,Female,USA,3.5217072581953297,Instagram,2,Entertainment,23.584510339277276,1,7.877769400764696,Medium,36.97071351823361
13,Male,Brazil,2.453043329663164,Instagram,3,News,29.052002846462543,1,8.432769696237118,Low,42.24060735393647
23,Female,India,2.9689122203407443,Instagram,5,Entertainment,25.931198351083268,1,8.288357408247153,Medium,81.165934090089
21,Male,Brazil,1.1988097723671327,YouTube,1,Entertainment,23.72003233153232,1,8.780040703554922,Low,25.85797223608525
14,Female,Canada,0.5,YouTube,1,Entertainment,45.83394207736511,0,8.229808573613926,Low,31.74300648601298
25,Male,India,5.141882842179136,YouTube,5,Socializing,25.21988406534948,1,5.246886337271117,High,20.953288944571
25,Male,Canada,4.349247757667033,TikTok,1,Socializing,16.377192287854157,0,5.951633035670653,Medium,26.16694579850613
20,Male,Germany,3.920293945798538,YouTube,5,Entertainment,34.83340844429196,1,7.238140601452096,Medium,51.89734246320743
27,Male,UK,2.7715306351050604,TikTok,2,Socializing,25.338031015403512,1,7.655195031300721,Medium,10.41763728899415
25,Female,USA,3.1290358143533066,Snapchat,3,Socializing,32.81920367644541,1,10.0,Medium,56.03831655467283
19,Female,Brazil,5.166980670436338,Instagram,2,Entertainment,25.73513599892385,1,4.4963550657371645,High,33.44149127579368
15,Female,India,2.8581845343136933,YouTube,3,Socializing,11.290103488330336,1,8.097449816280406,Medium,55.69817676877807
22,Female,India,2.88734910935401,YouTube,5,Entertainment,28.28064119496389,0,6.927162972608549,Medium,53.866363747276125
22,Male,India,0.5,Instagram,1,Socializing,33.40742529102296,1,10.0,Low,56.71274663909728
27,Male,Canada,3.440492532398932,Instagram,5,Entertainment,6.3248645439843045,1,7.398234205173513,Medium,55.299153016259005
19,Female,India,3.32445043943507,TikTok,5,Entertainment,11.514475111699268,1,8.357046577698624,Medium,17.590686374148945
18,Male,USA,0.5,YouTube,5,News,16.732347798664243,1,10.0,Low,21.31911019615968
15,Female,Australia,3.577596359148852,YouTube,3,Entertainment,23.27567959398059,1,6.560687308437628,Medium,31.61479212960961
23,Male,India,2.8000402142234595,YouTube,2,Content Creation,18.81897730993751,0,8.772364194763195,Medium,73.36872289991638
21,Male,India,4.462815131911477,Instagram,5,Socializing,26.015079853339127,1,5.804617527218889,Medium,46.10805791488984
20,Female,USA,4.52348998812636,Instagram,2,News,15.048794416117476,1,7.222322064322432,Medium,43.28959655972187
15,Female,Australia,1.925172519964875,Twitter,5,Entertainment,14.07947402820723,1,9.293480141040966,Low,78.48351446443496
19,Female,Germany,3.442056328287554,YouTube,2,Entertainment,44.26964319370357,1,6.879665583280964,Medium,51.05176195772962
24,Female,India,7.2405038796725725,Twitter,1,Entertainment,26.62005882890838,1,4.426107500282157,High,31.01698338633997
23,Female,UK,3.383780614593829,YouTube,3,Entertainment,18.383175009320208,1,6.981463652093159,Medium,55.51326627492188
22,Male,India,1.5031680381065122,TikTok,1,Entertainment,24.36024372062347,1,9.078471729830186,Low,69.07787931941229
22,Male,USA,4.016295132195583,Twitter,2,News,25.55076491389024,1,6.043887256752633,Medium,60.94194882181884
17,Female,USA,4.134121981687096,Snapchat,1,Socializing,19.55882852316305,0,8.40575911048927,Medium,77.42717271163181
20,Male,India,5.7166105717705085,YouTube,5,Socializing,35.94797543690302,1,3.283138906321547,High,90.01819008231328
18,Male,UK,2.696361811535805,Instagram,3,News,28.6451468366784,0,6.712258801561022,Medium,53.293111640165
23,Male,India,4.176117339944774,Snapchat,3,Entertainment,28.095683137998574,1,8.535994394406996,Medium,0.5470994115088672
16,Female,India,3.178815791560216,TikTok,1,Entertainment,34.73610671087303,1,5.992812938821877,Medium,35.32254751663022
22,Male,Brazil,2.332349984417181,Twitter,3,News,23.201100304407248,0,8.348296688846359,Low,44.46911580238006
21,Female,Canada,3.936528251594498,Snapchat,3,Content Creation,19.21361198200367,0,5.613833804738742,Medium,57.75172361328191
25,Male,India,3.120640703395822,Instagram,4,Entertainment,49.03059341120281,1,8.624691732862876,Medium,37.21234320721728
26,Female,Australia,3.967802016060032,YouTube,2,Education,19.654970056675367,1,5.242874393656908,Medium,48.94069585298805
16,Female,USA,3.590094737468359,YouTube,5,Entertainment,24.6939799469404,1,7.192314573482432,Medium,21.67011084219639
19,Male,India,4.100320037750866,YouTube,1,Entertainment,19.00583975583393,0,7.0513495238167865,Medium,68.49376022121822
20,Female,USA,1.019031643328276,YouTube,2,Entertainment,42.31713062847101,1,9.29629162028651,Low,40.17381309439321
16,Female,Canada,4.720184423797424,Instagram,4,Socializing,23.45261280206949,1,7.272828416237429,Medium,13.696091442215796
23,Female,USA,3.1715400018389825,TikTok,1,Socializing,15.538567943400064,0,7.52936405857663,Medium,52.10476481196984
22,Female,India,2.6616509873264493,TikTok,5,News,23.83171398630925,1,7.897377873840693,Medium,19.654576221862754
13,Male,Canada,2.446264548255956,YouTube,4,Education,22.65698962684793,1,8.96219446171478,Low,89.55107519707582
23,Male,India,3.280175759190566,Instagram,3,Socializing,27.78483801135959,1,7.232632554856354,Medium,61.04656601543422
13,Female,Germany,2.8661007431205165,YouTube,2,Education,13.724660063493385,1,8.36216781216542,Medium,5.767203668749133
25,Male,India,2.1095598439292185,Snapchat,1,Entertainment,8.060980799451439,0,8.301821346896757,Low,17.374628513997408
26,Male,UK,1.7308625509076692,YouTube,3,Education,23.88830001869909,1,8.449625872393055,Low,25.59029322763688
25,Female,Germany,3.939677751377561,Snapchat,5,Education,22.30234365408836,1,5.52236600602149,Medium,41.05431600479432
20,Female,India,2.943662323189049,Instagram,1,Entertainment,26.086265086958655,1,7.3152528554994145,Medium,53.72858834371416
21,Male,India,4.655234757498116,Instagram,3,Entertainment,31.73519628364314,1,5.911637045103436,Medium,53.26282165493128
14,Female,Brazil,2.585231871236376,YouTube,3,Entertainment,7.793674616906845,0,9.448626728426486,Medium,47.413003402176976
20,Male,USA,2.2550905641439654,TikTok,4,News,17.609576057007235,1,7.238129006254253,Low,51.13509530483313
14,Male,Germany,1.81997283190509,YouTube,5,News,19.01606901883843,1,10.0,Low,27.36708860316881
17,Male,Brazil,0.5,YouTube,2,Entertainment,30.52793363866589,0,9.392962566453862,Low,53.45268009504726
22,Male,Australia,3.426884891715916,TikTok,3,Entertainment,32.54006176421669,0,7.030614236659311,Medium,9.117480182457108
14,Female,India,4.015841974964575,TikTok,1,Socializing,40.47831005563829,1,6.372453674358614,Medium,60.49437764193373
18,Male,India,3.0849975764557582,Instagram,2,Entertainment,22.591837884236984,0,7.899819152934261,Medium,45.34030472172843
21,Female,India,4.923147738137171,Instagram,5,Education,21.85637829108376,1,5.52291796659518,Medium,39.98235051277223
21,Male,India,7.233203073300072,YouTube,4,Entertainment,16.300620891448297,1,6.85856782167972,High,45.08073842224465
25,Male,India,6.070276162254585,TikTok,4,Education,15.648677655015767,1,3.7904017454120194,High,33.29691797645485
24,Male,India,3.160570846399728,TikTok,1,Entertainment,36.40413028500458,0,7.3364298998988975,Medium,58.46438110603338
27,Female,India,2.717206922752062,YouTube,4,Education,27.38077226626092,0,9.388624324117432,Medium,52.11609063980406
19,Female,UK,0.7935310345479323,YouTube,3,News,29.13655165688117,1,10.0,Low,65.38461904353736
26,Male,USA,2.5035631143470582,TikTok,4,Entertainment,33.715851198399136,1,8.365197368699427,Medium,27.43246637851533
14,Female,UK,2.217753893010702,Instagram,2,Education,10.513188254379337,0,8.538721246390448,Low,33.30154203084799
23,Other,Germany,3.0750054743837887,Instagram,1,Entertainment,24.16927657583153,1,7.627119873109911,Medium,29.768927651521157
24,Male,Brazil,6.355187327317761,Snapchat,2,Entertainment,42.3738982378074,1,4.043034464836014,High,58.829635356151016
22,Other,India,2.26968641190528,Instagram,5,Entertainment,11.984269260845144,1,6.847306860386878,Low,70.69567822924824
27,Male,India,5.103653476624995,Twitter,3,Entertainment,8.394298452268906,0,6.434965053019884,High,44.27935033642771
16,Male,Germany,3.21812976725069,TikTok,4,Entertainment,29.75391277000828,1,8.67609591652559,Medium,71.55469583082898
14,Female,India,1.812656039791132,Instagram,4,Socializing,24.92871781855178,1,8.750584230514457,Low,50.81382816274652
14,Female,Brazil,0.5,TikTok,5,Socializing,12.533292406531649,1,9.558506615275292,Low,70.30029323193293
23,Male,Canada,3.173412384721892,YouTube,1,Entertainment,5.0,1,9.012063440010005,Medium,40.83448319451237
13,Female,Canada,3.5906471543089125,YouTube,3,News,22.053833129074185,1,6.570117398753956,Medium,53.32651084782143
15,Female,India,1.503764700109934,Instagram,4,Socializing,29.98364144030536,1,8.563640042637834,Low,34.484040856640604
20,Male,Canada,7.808392299415767,YouTube,2,Socializing,42.003801528349086,0,4.264164494355661,High,37.794467384745296
21,Male,Brazil,2.238028557945301,Instagram,4,Entertainment,20.14914870793111,0,7.005632939225263,Low,33.933563465844216
13,Male,India,2.4930443061939256,Instagram,5,Socializing,21.26427006209333,0,6.549295563679625,Low,27.20790101563952
13,Other,Germany,4.376939320483176,Snapchat,1,Education,36.06656479834588,1,7.415603737883684,Medium,20.227007241789604
25,Male,USA,6.226927032693968,Instagram,3,Socializing,13.756696364044236,1,5.179380472155656,High,13.834587595511293
27,Female,Germany,2.4463981937765613,Snapchat,3,Education,21.2533967412368,0,8.569883166119963,Low,16.316582423163286
24,Male,USA,3.6200475225604873,Instagram,4,Entertainment,25.425016961813697,0,7.56910752563551,Medium,52.11249190931146
18,Male,USA,2.136597250396701,TikTok,3,Socializing,37.81785617424357,0,8.282832610081119,Low,36.84601120966826
26,Male,USA,4.62003295474009,Twitter,2,News,8.096012646345091,1,5.8644351836270845,Medium,11.46024660886205
22,Female,USA,1.0230581765119084,Instagram,5,Entertainment,37.87812987904004,0,9.238771628265862,Low,38.35588481825211
17,Male,India,2.399588609569692,Instagram,1,Socializing,14.561037400925096,1,8.629955267650896,Low,17.194051371213888
22,Female,UK,3.851078442675671,YouTube,5,Entertainment,27.755221828283748,0,5.893082889693275,Medium,47.24787625587274
16,Female,Canada,3.3635672246766046,YouTube,3,Entertainment,11.785809356482876,0,7.826725513594575,Medium,50.304871961509406
21,Male,Brazil,2.9138494547323344,TikTok,5,Entertainment,42.12290009912971,1,9.713268376242835,Medium,49.02692446086593
21,Male,India,2.576482700186157,TikTok,4,Entertainment,35.79595777372981,1,8.959127325011877,Medium,70.68856443060356
16,Other,India,5.54633195000009,Instagram,4,Education,14.36833312013828,0,5.174555453206797,High,33.79147822836384
16,Female,India,3.582501452873721,TikTok,1,Content Creation,39.9393733989463,1,5.754778612366709,Medium,50.64934370313885
27,Male,Germany,3.101519751316088,TikTok,3,Socializing,32.39519388508411,1,8.223780286465871,Medium,48.61321814260112
20,Male,India,2.9362096112136284,TikTok,5,Education,20.0763832356384,0,6.24959492704618,Medium,53.96539359062698
15,Male,Australia,5.863416480906407,TikTok,3,Socializing,12.13772896139471,1,5.393697838734433,High,50.05852128314939
18,Female,USA,4.091209901387943,YouTube,3,Socializing,15.667197295522872,0,6.731200851378348,Medium,47.20981946598302
20,Female,India,2.896174608633664,Snapchat,4,Entertainment,29.463290113290363,0,7.4027195425377315,Medium,55.50396325318363
17,Other,UK,4.766507067110778,Instagram,4,Entertainment,8.000762523465127,0,5.727382109288063,Medium,38.120952078187095
16,Female,India,2.742501133903898,Snapchat,1,Entertainment,35.62805232431401,1,8.831535940196648,Medium,67.80143855612752
26,Male,Canada,4.210789154537084,TikTok,2,Content Creation,11.632508156229132,0,6.740028806323147,Medium,24.61881712476752
24,Female,India,1.2448425503326903,YouTube,5,Socializing,37.81435059181031,1,9.518351959603049,Low,44.69419050684413
22,Male,USA,4.307551957483288,YouTube,2,Socializing,40.834495419334736,0,7.073672659138947,Medium,68.36689285893769
17,Female,India,3.438752575663907,YouTube,5,Entertainment,36.59045344559385,0,5.961342242932194,Medium,35.22540330191316
21,Male,India,4.804109531098941,Twitter,5,Entertainment,22.45260145983902,0,6.476124775070818,Medium,13.963316001097397
22,Female,India,3.0039478324789384,YouTube,2,Entertainment,33.74044945096452,0,8.106395950082145,Medium,36.04883241360187
22,Male,India,4.788373192770698,TikTok,4,Education,31.027458114488976,1,8.761486142857478,Medium,32.11096940986104
15,Female,Brazil,3.908800216870496,Instagram,5,Socializing,23.80531982331908,0,7.155488043757408,Medium,59.80408848321199
20,Female,India,5.132009429756625,TikTok,2,Socializing,31.14975924692223,0,3.9680008817049313,High,20.7470594378445
24,Male,Brazil,2.2879601279683874,YouTube,2,Entertainment,23.28399756758316,1,7.833374892094693,Low,32.7808683938077
26,Female,Canada,4.716596507041938,TikTok,2,Entertainment,47.82217001891804,0,5.941177553545232,Medium,23.467242058893365
15,Female,Brazil,5.459497178201373,YouTube,3,Socializing,27.376879968723216,1,4.815967196034389,High,44.06332210496606
26,Female,India,2.761838507553552,Snapchat,4,Socializing,24.70696265130184,1,7.440796916649512,Medium,51.96742608809011
21,Male,Australia,0.7403217053435092,Snapchat,5,Socializing,22.61586404216072,1,6.461416329803759,Low,22.76037729149325
20,Female,Germany,5.252931003567412,Snapchat,4,Entertainment,6.9142456365953,0,6.102030260302103,High,51.333893114580725
24,Male,USA,5.257009481138886,Instagram,3,Education,23.90663221442312,1,6.334356487999763,High,14.556658889360442
18,Female,India,3.1742635527737706,Twitter,5,Education,11.50116927539088,0,6.238834400895199,Medium,45.76546918352172
15,Male,USA,1.4940259597968248,Instagram,1,Education,15.305836938454364,1,8.41512242915541,Low,14.18328665171934
13,Female,UK,0.5,Instagram,5,Entertainment,42.34849388818567,0,8.075755636157961,Low,23.443667960450615
19,Female,India,4.289794524411432,TikTok,5,Entertainment,26.260492590018583,1,6.2808905433132205,Medium,30.022008305625597
13,Female,USA,4.434286443753697,TikTok,5,Socializing,24.15684491680557,0,6.8526733845457,Medium,75.0088720806962
14,Male,Australia,4.375175743127133,YouTube,5,News,21.861414514487784,0,5.536097642655937,Medium,34.036205023301626
22,Male,India,6.421524544113378,YouTube,3,Entertainment,30.7357790998579,1,5.041656061497092,High,44.04174704365295
18,Male,Brazil,4.143109770031855,YouTube,1,Socializing,26.780673016589663,0,6.265700693760318,Medium,3.75594302662725
22,Male,India,3.335732654486331,TikTok,2,Entertainment,27.93009249092215,0,5.307165566558847,Medium,56.175861947731946
20,Male,Brazil,3.5129988929673592,YouTube,1,News,23.791009338801203,0,7.569370713821896,Medium,37.53880393496253
14,Female,Germany,1.5821355736587828,TikTok,4,Education,35.37958601632355,1,8.453286810373513,Low,0.0
18,Female,India,2.088883433479034,Instagram,2,Education,12.560972689649596,0,8.16519939731452,Low,70.81930927515138
23,Female,Germany,4.513248698313087,YouTube,1,News,13.468355078787562,0,5.100881829734389,Medium,40.78257409617534
16,Male,USA,4.941529803621796,Instagram,2,Entertainment,26.354671700778432,0,5.513309358326486,Medium,27.15892767293624
20,Male,India,2.240426695944725,Snapchat,4,Entertainment,27.08381524036536,1,7.954252283848016,Low,55.29108745131803
18,Male,Australia,2.321944506991448,TikTok,1,Entertainment,14.96858429856398,0,8.792856874740718,Low,65.36718503265789
16,Male,USA,6.034084481449112,YouTube,1,Socializing,21.142699666600784,1,5.087131375586801,High,25.8622934719402
19,Female,India,1.785627451193652,YouTube,5,Education,17.788494947605727,1,8.479173000530364,Low,18.67020522290201
20,Male,USA,1.854881969793345,TikTok,2,News,36.0616007798417,1,7.74396519224888,Low,48.70989949505258
19,Female,India,1.7003230300053964,YouTube,3,Entertainment,16.66390423657777,0,9.760862092308187,Low,41.15317428958835
26,Male,India,5.870262693162792,Instagram,1,News,25.44553856087504,0,7.041226384958236,High,62.31833711593944
23,Male,Australia,2.5799867554867646,Twitter,4,Entertainment,28.46187457644831,1,8.965557498421687,Medium,64.11311108930887
17,Male,Australia,4.29762536838228,Instagram,1,Entertainment,32.825612743167184,1,5.948485256131954,Medium,45.624075273056086
14,Female,India,2.4084859421229035,TikTok,3,Entertainment,35.314101550703285,1,8.139516693945342,Low,67.43754266574352
19,Male,Australia,5.516520081318863,Instagram,4,Socializing,21.0854277389124,0,5.785237565123202,High,35.62108117797764
16,Female,USA,3.453801778211421,Instagram,4,Entertainment,30.66257693592175,1,7.095058120941332,Medium,33.830686479581125
17,Male,USA,4.756387354046194,Instagram,1,Content Creation,18.722968238980403,0,6.077160634632611,Medium,24.162701941596094
26,Female,India,4.659549791177761,YouTube,2,Entertainment,33.94555184062387,0,6.626879309404972,Medium,59.86951643827386
17,Male,UK,2.2659017055486226,YouTube,1,Entertainment,17.504605500655064,1,8.700249345338534,Low,44.04292199234178
20,Female,India,4.319984881188387,Instagram,1,Socializing,15.19687987592228,1,4.894566527624798,Medium,15.282910870847443
18,Male,Brazil,6.588100357913044,Twitter,5,Entertainment,24.75508537130633,0,5.228032082707986,High,62.87142976391596
20,Female,USA,5.558568188853581,YouTube,3,Socializing,11.419942065535754,1,5.955551297114136,High,59.766756609851925
25,Male,India,3.9432147109239897,TikTok,2,Education,11.689228936584254,1,7.818383360329756,Medium,31.95107406457568
20,Male,UK,2.6345637515341007,TikTok,2,Socializing,22.28102197547752,1,8.57223917862582,Medium,29.090803397946196
24,Female,Germany,4.277485020700299,YouTube,1,Entertainment,25.14534140404037,1,4.762574303697342,Medium,15.592608482385014
21,Female,India,4.808988063544846,TikTok,3,News,31.74461125508305,1,4.753744764123313,Medium,51.51998180007308
18,Female,Brazil,3.110796894519462,TikTok,2,Education,6.134640101848195,1,5.806951264482271,Medium,18.33285517980445
14,Male,USA,2.6604168908481194,Instagram,5,Entertainment,16.074119649115175,0,9.323352348476163,Medium,58.628548852395454
24,Male,Germany,3.565063867031244,YouTube,1,Education,8.671671936293603,0,8.625693723264575,Medium,100.62284197126588
26,Male,USA,1.8161780307070308,Instagram,3,Socializing,25.311985708752893,1,8.219764789112398,Low,34.07963793564636
19,Male,India,4.79926813938837,Instagram,4,Entertainment,23.964216811808477,1,6.564585811423074,Medium,14.586838869695065
22,Female,India,6.080627516922589,YouTube,4,Entertainment,17.14079237314789,1,5.094144703107828,High,68.95301555835886
13,Male,Canada,2.5084748960785443,Snapchat,4,Entertainment,35.72664730839311,0,9.198978406889562,Medium,37.90113690104901
18,Female,India,4.069950989765333,TikTok,2,Entertainment,11.283944143060284,0,7.54879032198362,Medium,24.9390490381382
17,Male,Brazil,3.752781818048264,YouTube,4,Content Creation,14.669325584549762,0,7.25591818491404,Medium,66.04815804755873
21,Female,USA,3.457333386290109,Snapchat,2,Entertainment,22.45274644079201,1,7.219353208217178,Medium,0.0
17,Female,Canada,5.421406146623792,TikTok,1,Entertainment,30.79439468413196,1,4.358253193128364,High,30.28646167652912
22,Male,India,3.51957356306984,TikTok,5,Socializing,40.22633676463765,0,7.318775487632854,Medium,52.17118902400144
27,Female,Germany,2.917214831301926,Instagram,2,Socializing,19.284526203157757,0,6.593239552326399,Medium,44.67812683368635
17,Male,USA,2.656828177307601,Instagram,5,Socializing,42.54490625189577,0,7.652506119613426,Medium,50.09388180434481
13,Female,India,1.7842111673652847,Snapchat,5,Education,7.370824232464205,0,7.488609317128365,Low,56.15536487586599
15,Female,USA,2.8386362561603,Instagram,4,Socializing,15.629401174556746,0,8.387631751103406,Medium,40.3323043899319
19,Female,India,4.611820229152778,YouTube,3,Education,29.94612990607821,0,5.88806909939887,Medium,22.555054527100044
26,Female,India,5.019080235624813,TikTok,2,Entertainment,27.646695858479333,1,7.325496846179901,High,44.159505780107374
22,Other,India,1.7957777567848088,TikTok,4,Socializing,33.81608152309897,0,7.829191014437609,Low,64.90716703961665
18,Female,Canada,2.598951696944069,Instagram,4,Entertainment,29.302742385852973,0,7.850219214759912,Medium,61.88777081499529
22,Male,India,3.3908783202565043,Snapchat,4,Education,35.289518025953065,0,7.473124344918059,Medium,32.662271942898954
21,Female,India,3.334267872510741,Instagram,5,Socializing,16.853885154595453,1,7.882170771265097,Medium,68.4065659586915
18,Male,USA,1.668017615922758,TikTok,5,Entertainment,16.504375086739817,1,9.04156697324323,Low,18.003700004763232
18,Female,India,4.204774749482795,TikTok,5,Entertainment,5.567641044164326,1,4.938432075439932,Medium,46.30061830384684
13,Male,India,5.23167038453666,Instagram,3,Entertainment,28.43611837939426,0,7.239489249960428,High,30.420547666897225
15,Male,Canada,2.436136925628643,Instagram,1,Entertainment,20.419256781031397,1,8.709193234257327,Low,49.75765828738787
20,Female,India,0.6863246549202007,Instagram,1,Education,5.0,0,10.0,Low,62.37275535133972
22,Female,USA,5.296587092400928,Instagram,3,Education,35.6103306037945,1,5.602573141453014,High,59.61059191968848
24,Female,USA,3.7829015649245528,YouTube,1,Socializing,9.574349200658812,0,5.679050711602312,Medium,26.36248719761262
23,Male,Brazil,5.558764286197734,TikTok,2,Entertainment,38.901547219907584,1,4.73951797986224,High,61.38794983040853
14,Male,USA,3.3134987310489934,TikTok,2,Socializing,21.983897917700524,1,7.625155556444954,Medium,9.114814977930228
17,Male,Germany,2.1003606538371518,TikTok,5,Socializing,28.45958016712752,0,7.790483000486292,Low,30.43977675631907
22,Female,India,3.890866248993305,TikTok,2,Entertainment,22.744727968159008,1,6.793299696565367,Medium,44.19522296747338
19,Male,USA,4.215986380267174,TikTok,1,Entertainment,30.618034704197512,0,7.48370222301727,Medium,55.44377574739063
25,Female,India,2.7178567528711084,TikTok,1,Entertainment,5.0,0,7.493725325170226,Medium,29.47919788654827
25,Male,Australia,3.851224610111055,Instagram,3,Entertainment,21.157533784847253,1,5.820406830019801,Medium,31.501572956218997
26,Female,UK,0.5,Twitter,4,Socializing,25.967294640243967,1,7.751648626561035,Low,81.71297698350905
20,Female,Brazil,5.1822499103654405,Instagram,2,Entertainment,29.186113399450868,0,3.611635350879359,High,20.81191185894686
25,Female,UK,3.505567231147161,YouTube,4,News,5.0,1,8.241421989113443,Medium,30.448579427205782
24,Female,India,4.762656739033783,Instagram,4,Education,35.036684449250586,0,6.5605704163433645,Medium,48.62655187530795
23,Male,India,5.186187358387221,TikTok,1,Socializing,17.100594195095482,1,3.489343282015225,High,36.3745228270893
25,Male,Germany,3.612205635078622,YouTube,5,Socializing,30.59802796070514,1,7.016947788412848,Medium,56.99194258779986
24,Female,UK,1.8112949566940555,Snapchat,5,Education,21.688117614306982,1,7.901534056956138,Low,47.00675843377992
15,Female,India,2.321537904587309,Instagram,4,Entertainment,21.85151875552747,1,8.734751758352616,Low,29.38891490599317
24,Female,India,5.809846190548529,Instagram,3,Education,19.59531639026724,1,4.553098008375732,High,26.107929681056927
20,Female,Canada,3.930896406928917,TikTok,5,Content Creation,36.86675690111184,1,6.664644034950316,Medium,30.555103074714783
24,Female,USA,3.7749381949927696,Instagram,2,Socializing,32.646943066268946,0,8.347950927943856,Medium,14.01398771717794
18,Male,India,4.073053361646719,Snapchat,1,Entertainment,18.95514438687128,0,6.779134903194577,Medium,25.21270376022669
23,Male,India,3.041403126100761,Instagram,4,Entertainment,34.02984624283604,0,6.6578413782706765,Medium,25.241498977744428
26,Male,Brazil,3.0845201571349863,Instagram,3,Education,17.08423405337683,0,7.115754086825809,Medium,22.69637257461931
15,Female,USA,6.170845019604691,Instagram,4,Entertainment,35.73976940795886,1,5.770312068404187,High,38.98985755996041
17,Female,USA,6.542433325152923,Twitter,4,Education,18.73912972670837,1,5.275794400512728,High,64.41524729276793
14,Female,India,3.0414025276715013,Instagram,3,Entertainment,21.32451652039503,0,8.229483102523343,Medium,53.36589112913955
23,Male,India,3.584199854727647,Twitter,2,Entertainment,38.33037349427534,0,5.8872820447979874,Medium,70.6893717820262
22,Male,USA,5.618019629570979,TikTok,4,News,21.810466048201423,1,5.412268514658123,High,67.11506393233316
27,Male,India,4.2748144309378775,TikTok,2,Entertainment,20.27980058633573,1,6.736247581152715,Medium,10.32243715154086
22,Male,USA,3.2185668409912496,Snapchat,2,Education,21.25025351098951,1,6.821118223958629,Medium,52.93745498874609
25,Female,Germany,4.314265621493942,Instagram,2,Socializing,26.79737588491864,0,6.1066191874423845,Medium,44.64701629613051
24,Female,Brazil,2.5031095247108928,TikTok,5,News,26.86523265258079,1,7.481862592506574,Medium,12.908570709660804
14,Male,Brazil,4.850160213627625,TikTok,4,Socializing,11.514273323566991,0,4.640937687004213,Medium,21.804183393455887
26,Other,Canada,3.9050181015880536,Snapchat,3,Education,36.605761665967606,0,5.652885574394299,Medium,39.74546574756757
26,Female,UK,2.270920995319717,YouTube,5,Entertainment,19.73636511458544,1,8.340127293420903,Low,26.59841420598521
13,Female,Australia,1.776159450963141,Instagram,3,Socializing,36.70194557062575,1,7.980061960811748,Low,94.7228730291436
15,Female,India,6.365217842605366,YouTube,5,Entertainment,22.481072396868388,1,4.325882050598286,High,18.08321200811387
25,Female,USA,2.586725002502805,Instagram,5,Education,31.86652833244111,0,7.1784406788136295,Medium,43.75430927193188
13,Male,India,4.598225046296578,Snapchat,5,Entertainment,15.04914246066813,1,6.096457574680064,Medium,24.058251767194506
21,Male,Canada,2.080544490852793,Twitter,3,Entertainment,20.8775404849138,1,8.72727559179748,Low,1.611587460157736
20,Female,USA,4.560392148693919,YouTube,5,Socializing,24.911867022532505,1,6.511979778662781,Medium,41.84105124201397
17,Male,India,2.990320823163967,Twitter,1,Entertainment,42.14147452605837,0,8.50158962972245,Medium,25.51667358862193
23,Male,UK,4.078614463827464,TikTok,1,Entertainment,39.98391945677301,0,3.3305903845565044,Medium,41.86804771381497
19,Male,USA,3.185317104726299,YouTube,5,Education,34.298932474917024,0,6.744477888162408,Medium,17.760746428184724
15,Female,India,3.1644181335902606,Instagram,2,Entertainment,19.96374903273953,0,7.112945273395317,Medium,38.8446874381399
17,Male,USA,3.091516214278464,YouTube,5,Entertainment,26.111464964659724,1,8.830112982166746,Medium,4.520465130076985
24,Male,India,4.002987159638851,Instagram,3,News,19.15700326647749,1,6.283611953779376,Medium,37.813058649201686
14,Female,Australia,3.8896379493868687,TikTok,1,Education,29.86280298189116,1,6.236121713553472,Medium,33.41697946510122
16,Male,USA,1.8589887313220528,Instagram,1,Entertainment,23.73463323189289,0,8.873294705148075,Low,31.376129551423357
14,Male,India,5.052907766071326,Instagram,4,Entertainment,21.85464352795953,0,4.861194772145154,High,53.333629802201045
16,Male,USA,5.413272965106314,Instagram,1,Entertainment,5.0,1,6.664532987064915,High,44.26545554714458
27,Male,Brazil,2.2822567597561103,TikTok,5,Entertainment,24.013337039760373,0,9.48351198339858,Low,0.8955536858606337
17,Male,UK,5.15120632158958,YouTube,3,Entertainment,23.75321187378888,0,7.752559630208044,High,67.11854540839263
16,Female,Canada,3.581623296781454,TikTok,5,Education,51.11366403709799,0,6.816265647690392,Medium,35.741461984263694
20,Male,Canada,1.4359261092557865,TikTok,5,Education,26.29437174816549,0,9.409054415889388,Low,17.4042297032116
24,Male,USA,4.248935345653937,YouTube,3,News,31.06878852855344,1,5.736085034275475,Medium,25.777742399994143
19,Female,USA,4.686320212261911,TikTok,3,Entertainment,14.796321056989278,1,6.291727147440722,Medium,39.76931991375581
18,Male,India,1.3633629293364882,TikTok,2,Socializing,39.36567195665627,1,7.598909362858016,Low,47.00412552256183
16,Female,Brazil,4.021193354231545,Snapchat,5,Entertainment,33.599707927729604,0,6.3518532386426925,Medium,59.291558506142536
27,Male,India,4.524154048666096,Instagram,5,Education,10.449550324158812,1,5.849930601582177,Medium,49.69795531086746
15,Male,Germany,4.003561773365622,Instagram,2,Education,36.651655452119286,1,5.750449809733869,Medium,21.82518591556517
17,Female,Brazil,1.5049694837537606,Instagram,2,Entertainment,31.829545627355674,0,8.210876648908433,Low,33.805986541669455
20,Female,Canada,4.090390027972778,TikTok,1,Entertainment,8.705715379975658,1,5.889360144910771,Medium,63.48656049955571
16,Male,India,5.520773042198516,TikTok,3,Entertainment,19.573154234410183,1,6.663039193429573,High,38.02083567608327
14,Female,India,4.565238508935402,YouTube,5,News,34.78828464954752,0,6.61275101681103,Medium,38.609317396586846
23,Male,UK,3.907443652463863,TikTok,2,Entertainment,28.261240397273674,1,6.604339919622106,Medium,67.79645004830637
16,Male,USA,0.816310061106805,Snapchat,4,Entertainment,34.18356587080631,1,9.668627542294027,Low,76.32333077941837
19,Male,Australia,4.728567016623601,YouTube,1,Entertainment,14.87349714574127,1,7.042737145325344,Medium,32.140667389246424
17,Female,India,5.419428792650319,Instagram,1,Socializing,47.66003466172784,1,6.512281484444864,High,2.742219676487452
16,Male,India,1.667999865366736,TikTok,4,Education,44.60437608651152,0,8.856870201318285,Low,51.4560588893441
23,Female,India,4.77509217556202,Instagram,2,Education,31.58710584070529,0,7.297469731856563,Medium,27.52573363466829
26,Female,USA,4.360982337881663,TikTok,3,Education,14.860168542055412,1,5.595869090638664,Medium,28.22359323406939
22,Male,India,1.4951123836983262,TikTok,1,Entertainment,48.22730077370031,0,9.856039902014167,Low,52.95080564410892
19,Female,India,1.43609066100142,YouTube,2,Content Creation,31.1029619556346,0,10.0,Low,42.65303177394841
15,Female,India,2.223509671048637,Instagram,2,Education,19.318162891993502,1,9.72397329948692,Low,43.51684606654068
22,Male,USA,2.6964543186601606,TikTok,5,Education,23.75374613153228,0,8.125026082319247,Medium,0.0
14,Female,USA,0.5,Instagram,4,Entertainment,25.79775104344367,1,8.960123991932102,Low,46.34036618918826
16,Female,Canada,3.9270449223557633,Instagram,1,Entertainment,30.433862186517693,0,6.919546096089839,Medium,26.424026212228902
16,Female,UK,6.354720820110881,TikTok,2,Entertainment,35.454786177098825,1,1.7810069433466222,High,23.67877530451764
26,Male,Canada,2.4382789262388447,TikTok,5,Socializing,22.82688760275987,1,6.533838613009619,Low,12.971126013649034
21,Male,India,3.7769608790907703,YouTube,1,Content Creation,27.53104051363057,1,7.76803878980033,Medium,29.4347022741428
14,Female,USA,3.674197386862988,Instagram,5,Entertainment,15.5487284726139,1,7.737002142956576,Medium,47.926533786603066
19,Female,USA,3.886170449116469,Snapchat,1,Entertainment,19.614128161576893,0,5.526069986957771,Medium,24.16964785047456
18,Male,USA,4.21367771052924,TikTok,3,Entertainment,23.76890461262071,1,6.982708774795229,Medium,23.393390080404693
16,Female,India,1.851798666984972,YouTube,4,Entertainment,33.03997512148861,0,8.894710352546557,Low,30.46560527659517
24,Male,India,0.7852205186707506,Twitter,2,Content Creation,33.08398390961976,0,9.285534669916638,Low,40.33370445671538
13,Male,UK,2.580679341328234,TikTok,2,Entertainment,22.812447254294,1,7.343159108747102,Medium,18.66667079587901
27,Male,USA,6.038026358585352,YouTube,4,Entertainment,19.70940977023103,1,4.10661949175972,High,61.65831078435782
18,Female,Germany,4.528084505488831,TikTok,4,Education,25.425928608009357,1,7.647574690845229,Medium,58.92328256330458
26,Other,India,3.7193916631483535,Instagram,4,Socializing,36.27993798934224,0,6.243450334351028,Medium,36.68236815089207
13,Male,India,5.1746416189832685,Instagram,1,Education,30.381127468047723,0,6.122305710962778,High,59.14046599553957
17,Male,Brazil,2.3175704050608537,Instagram,1,Entertainment,17.378852652225113,1,7.403595673695881,Low,27.750471253349914
26,Male,Canada,1.249732682875964,YouTube,5,Entertainment,5.0,1,10.0,Low,67.09242766688612
25,Male,India,0.5,YouTube,4,Socializing,26.899338351600036,1,10.0,Low,24.85646862287482
18,Female,Germany,1.187789157776709,TikTok,1,Education,20.97229253353247,1,10.0,Low,20.086699617462838
26,Male,India,2.5962683570047185,TikTok,4,Entertainment,5.0,0,8.26260496286033,Medium,33.24164866924613
16,Male,USA,6.556074743160052,Instagram,1,Entertainment,21.993815973832213,0,7.075345312153082,High,55.20860368297223
22,Female,Brazil,2.4743607487300867,TikTok,1,Socializing,46.07429977351936,1,8.861278758179305,Low,50.67877561711123
23,Male,Germany,4.999418288852194,Instagram,1,Socializing,38.69705411978654,0,5.166867808698258,Medium,27.64870365656538
21,Male,India,4.449463910525097,YouTube,2,Education,18.278995394084436,0,8.24436746091671,Medium,17.505526393340546
18,Female,Brazil,3.198120274677875,Twitter,4,Socializing,24.125563555554148,1,9.082132341269933,Medium,5.76706261505695
19,Male,Brazil,2.786890608468343,YouTube,2,Entertainment,34.26868655558074,0,8.484068788179433,Medium,38.97560358630911
21,Male,India,3.3047710240965724,Instagram,2,Content Creation,14.122317330726828,0,6.834493781777988,Medium,49.917368103330354
23,Male,Canada,3.355932079523856,TikTok,4,Socializing,31.71365340174473,1,6.936484647618839,Medium,54.67419521323284
22,Male,UK,0.7659058038296767,TikTok,5,Entertainment,30.021824976623023,1,8.323479152709472,Low,0.9165784554484162
23,Female,India,4.895439060791455,YouTube,2,News,17.046710949707595,0,6.605543912323832,Medium,41.69429039637217
27,Male,Germany,1.4437216098221295,Snapchat,1,Entertainment,37.54205388943645,0,8.342233560938508,Low,45.47255475624637
26,Female,UK,2.917130322246936,Snapchat,1,Content Creation,12.71096581545002,1,8.564916837112323,Medium,62.70269770181535
27,Male,India,3.2422199224643213,Snapchat,4,Education,22.5895589156696,0,8.505791843697653,Medium,11.310999985726411
17,Male,India,3.9518676116242935,Snapchat,2,Entertainment,41.3329248605481,1,5.859326864518081,Medium,48.18126782276833
24,Female,Canada,3.564569976434776,TikTok,2,Entertainment,9.864833090464494,1,7.631284332906296,Medium,69.12659143932751
22,Female,India,2.362985881857985,TikTok,4,Education,27.67986638562014,1,9.460232741135933,Low,6.808734479543254
16,Female,USA,4.270525509894102,Instagram,2,Content Creation,37.15321087200347,0,6.302234432268169,Medium,52.936057506149474
27,Male,Canada,2.5290263937005677,Instagram,2,Socializing,47.4837901849575,1,8.398975241801656,Medium,52.36680714871887
27,Female,Germany,3.324343340999253,YouTube,1,Entertainment,33.47523420737416,1,6.8388834339259885,Medium,33.93496813085717
16,Male,Germany,2.3768220896407635,Snapchat,4,Entertainment,18.84618083602509,1,8.078902301254352,Low,55.903317706087336
13,Male,Germany,1.1704094587296918,YouTube,3,Socializing,24.090506970654108,1,10.0,Low,92.3732439117303
23,Male,USA,3.375807720866714,TikTok,1,Entertainment,26.95447677184688,1,5.819866183134092,Medium,55.004295907815774
27,Male,Brazil,3.3761660851480264,YouTube,2,Entertainment,25.826224658256663,0,7.92673361453009,Medium,63.42178641152299
22,Male,Canada,2.1645119781236284,Snapchat,1,Education,40.541492665557385,1,9.655887082351043,Low,44.89829591588192
16,Female,Brazil,3.9890611534388976,YouTube,3,Entertainment,27.956592451963285,1,8.587239708329514,Medium,44.57587117173041
23,Female,India,3.640892668433259,YouTube,2,Socializing,28.80042201561981,0,6.040689200966498,Medium,20.49270882824125
24,Female,USA,3.969040826695128,TikTok,5,Entertainment,5.0,1,8.882905447907678,Medium,11.219868369810952
23,Male,Brazil,0.5,TikTok,5,Education,19.35511961357019,0,10.0,Low,8.609348015949351
16,Female,Brazil,2.172721055975966,Instagram,1,Entertainment,20.883680353011894,1,8.795619864462466,Low,51.820520900867976
22,Female,USA,7.099591378333894,TikTok,2,Socializing,22.005316760897053,1,5.07274996903702,High,21.25017271510088
24,Male,Germany,5.053249802655438,YouTube,3,Education,29.468628091476816,0,5.9035751481747125,High,19.70754045551413
19,Male,Canada,4.658415540520249,TikTok,5,Entertainment,9.350315820254671,0,5.040138504481399,Medium,48.83519735442801
14,Male,Brazil,4.276626052619463,Instagram,4,News,17.245372338572544,1,7.322634519691207,Medium,53.95784203367664
18,Male,Germany,3.502079662232156,Snapchat,3,Socializing,28.78566209326099,0,7.542747761024437,Medium,25.554588253086063
13,Male,India,0.5,Snapchat,5,Entertainment,5.593932510060785,1,8.044334626687887,Low,69.15342876109716
23,Male,India,5.028234860503655,YouTube,2,Entertainment,12.271193390105504,0,5.462460767851293,High,13.997864813998577
13,Female,India,3.681668372897944,Snapchat,3,Socializing,14.211225637728244,1,7.4645279115785375,Medium,33.63276354043563
22,Female,India,2.3669485681882323,Instagram,3,Socializing,36.03185353823013,1,9.139867234925568,Low,42.60423685788456
19,Other,USA,3.387383946153344,Instagram,5,Socializing,34.25272221158758,0,7.676935679917364,Medium,53.15918900647993
17,Female,USA,2.6359871196409603,Twitter,2,Content Creation,25.837880554394257,1,6.37551843212637,Medium,79.81407681397415
23,Male,UK,3.1475465840634707,TikTok,1,Socializing,38.42200324481336,1,6.876805890549709,Medium,8.390402271134253
21,Female,Brazil,4.669817652528668,Instagram,4,Education,16.86413580522583,1,7.729355332280671,Medium,74.34114376861368
23,Female,India,3.7589023004651976,Instagram,2,Socializing,45.420677965373386,0,7.009406135095481,Medium,0.0
22,Male,Brazil,5.06837799916128,YouTube,2,Entertainment,31.6454840188697,1,7.445329249197789,High,36.90459668398344
15,Female,India,3.325717896187846,Instagram,1,Entertainment,25.94846496324054,0,8.427531686049523,Medium,27.98375903267281
27,Female,Canada,5.398425750148109,Instagram,4,Socializing,34.64653580021396,0,5.028672887342072,High,36.05290747558866
22,Female,India,2.5479401260086574,Instagram,2,Entertainment,16.662640330283892,0,7.6174640827909315,Medium,31.26447710126856
23,Female,Germany,4.04394666588904,Instagram,2,Socializing,12.43385897767871,1,7.09047126874389,Medium,23.492321299023946
27,Male,UK,3.3660075077250875,Twitter,1,Socializing,20.44612955972261,1,9.01996323211452,Medium,25.213565713825105
16,Female,Brazil,2.88741558606774,YouTube,1,Entertainment,42.54210107672304,0,7.763718454180691,Medium,25.80938678546836
16,Female,UK,3.458573265486922,Instagram,4,News,38.18840511628918,0,7.1266706874903765,Medium,0.0
19,Male,USA,3.501937630660024,YouTube,1,Socializing,30.72222555518998,0,6.482923180000541,Medium,72.78667429852905
21,Female,Germany,2.669552512980005,Instagram,2,Education,24.92687205877926,1,8.823796654423884,Medium,12.704215217178715
19,Female,India,0.7213758712914249,YouTube,1,Entertainment,21.7848051291864,1,8.951374094149923,Low,58.70144794440141
27,Male,India,3.0805157371846685,TikTok,1,Entertainment,36.99976899680634,0,7.305814383632713,Medium,83.20312793313562
17,Male,India,3.681088792016841,TikTok,5,News,13.840854526480568,1,5.969587146975495,Medium,43.22251337249124
14,Female,USA,0.5020637638221905,Instagram,3,News,10.88608530679961,1,9.5024892405313,Low,52.56258868939664
16,Male,UK,3.964434580302173,TikTok,2,Entertainment,9.232912607847654,0,8.528988211483423,Medium,18.979828899734464
19,Female,Brazil,3.9406383191877152,Instagram,3,Socializing,19.495354848980572,1,4.799766919145968,Medium,48.36637219695904
14,Female,USA,3.847783008562737,Instagram,5,News,18.137325398414056,1,6.039492074797952,Medium,84.7552029380054
13,Female,India,1.9151669637804876,Instagram,1,Education,29.78070945570452,0,9.754054318798174,Low,39.69682893694474
23,Male,Australia,5.960313025669027,Twitter,3,Entertainment,31.675493367745705,1,4.520388907447671,High,19.238716335380246
25,Male,USA,1.2889096710328505,TikTok,1,Education,17.763212569301935,1,9.48587248637116,Low,38.3346138442969
18,Female,Canada,1.941598908768416,TikTok,4,Entertainment,35.33504384115027,0,9.256109625604983,Low,15.038547313436757
26,Male,India,3.342096924028472,YouTube,5,News,19.71030971278572,1,7.653773534669424,Medium,70.47227463831172
26,Male,Brazil,0.5,Twitter,3,Entertainment,21.41158139961053,1,8.939604426988677,Low,49.36202815265776
18,Male,India,2.3294564754873752,Snapchat,5,Entertainment,38.21589812308176,0,7.36940435772012,Low,45.7486639709826
24,Female,Germany,4.731031783719935,Twitter,3,Entertainment,48.67849816317719,0,5.294425617364291,Medium,27.424507643380416
22,Male,Germany,5.326687999149211,TikTok,5,Content Creation,22.2628737949145,0,5.063056103089657,High,55.41940106833449
15,Other,Canada,3.861141804306941,Twitter,3,Entertainment,32.68223943953994,1,5.546199751229578,Medium,37.51101327779633
22,Other,USA,3.952659093269261,Instagram,3,Socializing,43.82445359288441,0,6.592385504966301,Medium,34.617527757004495
24,Male,India,3.011154473653189,TikTok,5,Education,21.83445819214917,1,6.995297209798409,Medium,35.15095628947819
24,Male,USA,2.862029046429989,TikTok,3,Entertainment,52.241680705410886,0,5.0905709651007545,Medium,40.95076061411518
22,Male,Germany,3.2662226917095225,Instagram,2,Socializing,26.50240127082901,0,7.464192154757579,Medium,0.3092343828143598
23,Male,India,2.90841361510714,Instagram,5,Entertainment,30.743035638057187,1,8.69855256591016,Medium,16.916123055952347
22,Female,Canada,3.8615777885813753,TikTok,5,Education,8.798240721539152,0,6.765410840570432,Medium,69.11343645714079
18,Female,Canada,3.1431012140735675,Twitter,4,Entertainment,22.957493044928835,0,7.347829025766838,Medium,58.8676390406822
13,Male,India,4.20824608716998,Snapchat,5,Socializing,33.81975666438314,1,7.350765384472256,Medium,35.34078228058987
20,Male,India,3.389510518220573,YouTube,2,Education,30.656705271031505,0,7.590186808181966,Medium,38.83158481440494
21,Male,Germany,3.153998718136184,Twitter,5,Entertainment,23.326912427187526,1,6.927924233558697,Medium,52.94691243544907
26,Male,India,4.529125320776386,TikTok,1,Entertainment,13.176626016022922,1,6.347133356825082,Medium,37.89379492458891
21,Male,UK,3.1443919388141275,YouTube,1,Socializing,19.816466439802667,1,6.388766653438433,Medium,53.56056754243591
20,Male,Australia,4.687507110407592,YouTube,5,Entertainment,36.72907172783317,0,8.071120623030495,Medium,75.72996047592133
22,Male,Brazil,4.080796887747731,YouTube,1,Content Creation,25.96291082187233,1,7.332168620566234,Medium,60.43311412131708
18,Female,India,4.6624856685407305,YouTube,5,Entertainment,14.624769769305274,1,7.604122315646819,Medium,37.81140853335434
21,Male,India,3.162788738483484,Instagram,4,Socializing,30.172017430193648,0,5.515891883788393,Medium,21.125582001451235
27,Male,India,5.036050455978178,TikTok,4,Entertainment,31.56143169642123,0,6.932021822133539,High,60.48096523999542
25,Male,Canada,2.407537371545433,YouTube,4,Socializing,30.349505471970517,1,7.041402062984775,Low,48.52503273243931
26,Female,India,5.123437015829412,YouTube,5,Entertainment,27.94576041131365,1,5.627207651658584,High,72.22800662104873
16,Other,Germany,4.188913572919454,Twitter,5,Socializing,9.880888116938802,1,7.190746146182666,Medium,54.69305179293626
15,Female,India,1.6658368616205017,TikTok,3,Socializing,25.65735363658723,0,10.0,Low,19.649956388667928
13,Female,USA,2.057781935786188,YouTube,5,Entertainment,27.827024878650505,1,8.93428348262437,Low,13.977158110326194
20,Female,UK,1.8520507386971472,Twitter,2,Education,38.9473558684016,1,9.939409975968603,Low,54.45832995456616
17,Female,India,3.3859115412668963,Twitter,5,Education,26.691770926071875,1,5.642800961265038,Medium,36.443589508697045
15,Female,India,3.896382921029277,Instagram,3,Socializing,20.835755986049023,0,8.150366736298878,Medium,59.173069756531376
14,Male,USA,5.665110248039524,TikTok,3,Entertainment,12.728468985889505,1,5.471190150591237,High,41.18575027408585
18,Male,Brazil,4.035118205687328,TikTok,2,Entertainment,36.30400705595567,1,7.017152267431644,Medium,46.8390812334933
20,Male,UK,5.24701221862272,TikTok,4,Education,16.749401917325237,1,6.097922839554225,High,24.134399683161064
22,Male,Germany,1.514178000213294,Snapchat,5,Entertainment,18.850709658649578,0,10.0,Low,36.67906082102143
25,Other,USA,4.105182231869808,YouTube,2,Education,14.245209497119262,1,4.729388343776812,Medium,70.19356790691141
18,Male,Canada,4.2887591978166375,Instagram,2,News,31.62651718962117,1,7.774751534760804,Medium,54.87056705664861
24,Male,India,3.109942711937017,TikTok,5,Socializing,21.244574762119072,1,9.282233290111936,Medium,67.287242868736
21,Female,Brazil,8.343710774814213,Instagram,1,Entertainment,39.34718572082889,1,2.9803607900864426,High,71.50715518321647
26,Male,Australia,3.7872390697419616,TikTok,1,Socializing,32.263365131381995,0,5.698737605072717,Medium,38.097720284897896
16,Female,UK,2.797481969254993,TikTok,2,Socializing,19.450694323828408,0,6.294365642013751,Medium,48.3117803341649
25,Male,USA,2.570310090057644,TikTok,3,Entertainment,35.84284958750026,0,6.528532425777067,Medium,0.0
25,Female,Germany,4.9216407622920375,YouTube,5,Entertainment,23.454342249387683,1,5.433216141839928,Medium,42.57218498098329
26,Female,Canada,3.919746423494936,TikTok,4,Entertainment,32.32268255983435,1,7.332705825181325,Medium,26.59479309491853
25,Male,UK,2.935073405693838,Instagram,1,Socializing,6.113308155287424,1,7.915395616058109,Medium,16.564101738662472
25,Female,India,4.554881130276337,YouTube,3,Entertainment,31.720516566474164,0,4.585898090185395,Medium,50.56100268940366
27,Female,India,3.989206078095611,Twitter,2,Socializing,20.50502408843113,0,6.035740681028632,Medium,11.275229908675726
20,Male,Germany,6.022434127641151,TikTok,4,Entertainment,38.03474050018112,1,4.268830722543671,High,84.53884717648134
27,Male,Germany,4.064642357831037,TikTok,3,Education,28.20308823178356,1,6.895533929870258,Medium,26.709265212565104
15,Female,USA,5.521947136922941,Twitter,5,Content Creation,14.102598984265637,1,7.002364155436704,High,5.465464352023673
26,Female,India,2.809769824772066,TikTok,4,Education,18.623331440713145,1,7.374365741761096,Medium,55.57660567056085
26,Male,India,5.044860220083924,Twitter,1,News,36.3362965840109,0,5.940224165272701,High,27.724687710224025
15,Female,UK,5.359683183564506,Instagram,2,Education,25.405831303048,1,4.786758745313682,High,0.6165153609282612
19,Male,USA,2.335606759521613,Instagram,2,Education,6.357742511780003,1,8.48919892173353,Low,36.5289326047188
25,Female,Canada,2.3074964643429627,TikTok,1,Socializing,42.81161445254969,1,9.327492197309908,Low,19.405016563767475
14,Male,USA,3.8074239396707066,Instagram,1,News,16.38339891379058,1,6.025882155206456,Medium,14.554274909627392
26,Female,USA,4.020444431576777,YouTube,2,Content Creation,20.297475030153905,0,7.070748444124865,Medium,63.87124719486219
27,Male,India,3.3514093142153163,YouTube,1,Entertainment,14.477154391556237,1,6.774454634560714,Medium,65.31247166154877
17,Female,India,3.3520802298608743,TikTok,5,Content Creation,30.045361313473457,1,7.953333987439522,Medium,21.68856295863582
14,Male,USA,3.6925437396682432,TikTok,1,Socializing,22.39020047417677,1,5.47938751539772,Medium,62.10264356936384
14,Male,Germany,4.56445315085954,YouTube,5,Content Creation,15.52511270058518,0,6.887614516457738,Medium,34.878875604793755
18,Female,India,2.1777491514723843,Twitter,3,Entertainment,32.176039727623255,0,9.065903680250065,Low,48.60260671453106
22,Female,Brazil,2.9742781181120392,Instagram,5,Entertainment,26.38285129096217,1,7.940420123046499,Medium,22.055142609222354
27,Male,India,0.5316070508509201,Snapchat,2,Entertainment,24.062025024874085,0,9.645478421503832,Low,46.11512494324839
25,Male,Australia,3.217105516622696,Twitter,2,Entertainment,23.99699991221479,1,8.632989776321896,Medium,35.05405711883039
24,Male,USA,2.428639503852424,YouTube,5,Content Creation,10.887272102709671,1,8.826957300783022,Low,69.28214435154234
24,Female,UK,5.863263578696518,YouTube,4,Entertainment,22.7466881475314,1,8.074069179939068,High,51.84585340442872
26,Female,India,2.525864184828848,Instagram,2,Education,27.23464869478962,1,7.222429267887362,Medium,29.39997221280649
13,Female,India,5.70507787769735,Twitter,2,Entertainment,8.242882764710732,0,5.885360505002196,High,40.01827865555352
18,Male,USA,4.688436948602911,TikTok,5,News,26.0225933580164,1,7.487393283120195,Medium,5.253022002864483
19,Female,UK,2.539926606854782,Instagram,5,Education,39.15897147740473,1,8.62385707703472,Medium,34.45901787781045
20,Male,India,3.326629734120564,Twitter,3,Entertainment,35.461839803639734,1,7.129400162607194,Medium,18.220945832629862
13,Female,Germany,3.7603523376674297,Snapchat,3,Entertainment,17.122292902853378,1,7.94000660333676,Medium,40.9861092061755
19,Female,USA,2.7433320230286777,Instagram,4,Socializing,50.682935166468496,0,5.047373809464441,Medium,63.64720060529984
27,Female,USA,4.391235062717736,Twitter,4,Socializing,18.345494570068816,1,6.379476982784401,Medium,10.168895061684914
16,Female,India,1.49910321745487,Twitter,2,Socializing,28.61356259305998,1,9.383524650161467,Low,22.672544721162154
13,Female,India,2.771514613098125,TikTok,3,Education,16.389229583124923,1,7.015030500980472,Medium,15.267654280522844
21,Male,Brazil,1.5989112441235698,Twitter,3,Socializing,12.208501801221772,1,9.325241154881176,Low,52.49106168199411
14,Male,USA,2.487603795455017,Instagram,2,Education,23.57503703653856,0,7.575584148642162,Low,76.92326771456791
22,Female,Brazil,4.816076439455524,TikTok,4,Socializing,13.359101630772525,0,5.242024966176516,Medium,62.30820922771191
14,Female,Germany,4.480140590977204,YouTube,3,Entertainment,12.05634681266574,0,6.182328279782928,Medium,47.69999877779067
20,Male,UK,4.379999208222886,TikTok,1,Education,20.70455803914466,1,7.292708545010229,Medium,57.227930459429686
16,Female,Brazil,6.078911987750319,YouTube,1,Entertainment,43.79327381077921,0,4.8452915676027954,High,65.08536269079188
13,Female,USA,2.343106095118002,Instagram,1,Entertainment,13.377013963099555,1,6.65531749257728,Low,48.2654464744283
26,Male,USA,4.817245066536461,TikTok,2,News,28.950734940506127,0,5.066243537880309,Medium,6.165141468920574
16,Female,Germany,5.633686623180978,TikTok,5,Entertainment,25.256965210081137,1,5.813669224700049,High,12.954066527110406
23,Male,Canada,4.235855445261649,YouTube,3,Socializing,20.8905660333959,1,5.821546488248109,Medium,30.142762796409613
27,Female,USA,2.97382540370105,Instagram,3,Content Creation,15.415850150360368,1,4.476812936775951,Medium,28.14252851052349
20,Male,Brazil,2.7667050672797178,Instagram,3,Entertainment,54.966399846205306,0,7.069582261610253,Medium,35.60206131738393
22,Female,USA,2.936392378590565,TikTok,3,Entertainment,24.05039644534359,0,8.35991499341675,Medium,55.50544680982595
17,Male,UK,5.353074475736534,YouTube,4,Education,23.500592589241556,1,7.98577939638736,High,5.935752339609863
21,Female,Australia,2.4433105433166906,YouTube,2,Socializing,33.849896576725044,0,6.309370557091854,Low,24.75804985627591
24,Male,Brazil,3.453613734963382,TikTok,1,Entertainment,32.15950794374248,1,6.710433374974037,Medium,53.32007270599068
25,Male,UK,2.681549716253786,TikTok,5,Entertainment,28.265005875110827,1,8.758887364686977,Medium,19.406623313836416
19,Female,India,3.918234633175506,YouTube,1,Entertainment,20.18991650633018,1,5.701193844115924,Medium,56.71167043226012
13,Male,Canada,3.5930981687878125,Snapchat,2,News,14.025424999513344,1,6.595375702446788,Medium,49.81053690717974
17,Female,India,5.885887976157938,TikTok,2,Entertainment,37.29193065289658,1,6.477653352751648,High,49.13884291584535
25,Female,India,1.4066465409732634,TikTok,2,Education,24.918026508768275,0,9.814922724547182,Low,25.47181857204765
26,Female,USA,3.9758776455661113,YouTube,1,Entertainment,28.958705407030926,0,4.839543345767504,Medium,44.38291910108798
22,Female,India,3.776030113820855,Snapchat,3,News,27.138352313565203,1,9.499133520340864,Medium,15.828289020621192
22,Female,Canada,4.6649847307472205,TikTok,4,Entertainment,34.41858308770607,0,7.023332102597786,Medium,68.93052265936387
13,Male,India,2.9108638394052138,Instagram,5,News,21.78175871324356,0,7.676749157033219,Medium,65.28986861104639
19,Female,Brazil,5.6622707388494575,Twitter,3,Entertainment,26.341673895089954,1,5.790401627237348,High,49.76110956577747
13,Female,USA,5.149644523704885,TikTok,1,News,20.082804347354923,1,6.070992372688174,High,62.67285245115174
13,Female,USA,4.515067706192704,TikTok,3,Socializing,46.324887900707246,0,6.349829192372425,Medium,73.60931346501354
22,Male,USA,1.9384023702576412,Snapchat,3,Entertainment,16.922061604027725,1,8.400983602895526,Low,19.11570406789461
19,Female,Canada,3.0975050227256427,Twitter,4,Entertainment,20.235078951128244,0,8.539881856465012,Medium,27.45252042871233
23,Male,Germany,3.0008341678801886,Instagram,2,Education,14.652612572091924,0,8.695469837247659,Medium,64.90923539122741
22,Male,USA,3.4124344260715542,Snapchat,3,Socializing,22.54672068658058,1,8.452155955965514,Medium,43.30517881510394
16,Male,India,2.12140820026096,TikTok,3,Entertainment,9.204964939664402,1,9.001049854138918,Low,72.16209626282881
13,Female,USA,2.2143372843513323,Instagram,2,Socializing,15.197150572761933,1,8.210494207210875,Low,28.75213554347633
24,Male,India,2.904106986117682,TikTok,4,News,14.760467058324444,1,8.395503585598481,Medium,41.310470330508416
13,Female,Germany,1.3443630884197129,TikTok,4,Entertainment,26.54603553835272,0,9.10696005874325,Low,21.96985423367064
24,Female,India,2.3905585988254425,TikTok,4,Entertainment,7.093738595479934,0,7.937865920031589,Low,55.96759571781685
26,Female,India,6.615879291247631,YouTube,3,Education,29.93902753133716,1,5.305387810722892,High,43.93056277928313
18,Female,UK,2.886582788423932,Instagram,5,Education,19.055299222271397,1,8.34466257396681,Medium,50.51254422714096
16,Male,USA,1.387955525339494,Instagram,1,Socializing,33.009752931085735,1,6.731066766346376,Low,51.35239629953906
14,Female,Australia,2.810807260408388,Instagram,5,Entertainment,32.4484501870272,1,7.559841832115038,Medium,71.4493594956085
13,Male,India,6.202678493647246,YouTube,5,Education,20.374270941772835,1,3.8871320476060296,High,9.21609828467156
15,Male,Brazil,2.935936700139952,Instagram,4,Education,22.55873691989704,1,8.554380508278872,Medium,57.84166616150558
18,Male,Brazil,0.8601745289121432,YouTube,3,News,39.92826872626807,0,10.0,Low,18.69712247786243
19,Male,India,2.561272561449728,TikTok,1,Entertainment,28.546514693851226,1,7.651052298246397,Medium,27.727669734287154
24,Male,Australia,4.172258123155109,Instagram,3,Socializing,26.52489456747614,0,7.701168580043071,Medium,42.47413084158539
22,Male,Canada,3.309224157688918,Instagram,2,Socializing,39.44772828646824,0,6.621115181562028,Medium,0.0
14,Female,Germany,4.046928229264188,Instagram,4,Socializing,29.08929577889895,1,7.546119672894134,Medium,22.57427017971945
16,Female,Brazil,2.3513279446084683,YouTube,2,Content Creation,30.03823332423845,1,7.195188933131819,Low,32.180248235945314
20,Male,USA,2.801435164446179,Instagram,1,Entertainment,8.838610609347889,0,7.708510369947065,Medium,11.259445404069195
25,Male,USA,3.050472401866468,Twitter,4,Entertainment,22.24437195562795,1,7.857079533275382,Medium,42.26621754383382
14,Female,India,3.852353342300767,YouTube,4,Entertainment,35.36671074213605,0,6.3025008175457575,Medium,52.23948221110253
24,Male,India,3.006183032007462,TikTok,4,Socializing,9.59232034872075,0,8.924016844805928,Medium,34.985177738225104
21,Female,Germany,3.707801334190373,Snapchat,5,Entertainment,14.571158794046106,1,4.938257421721351,Medium,35.87818120935806
15,Female,USA,3.722754337738502,Instagram,5,Socializing,11.000815808895478,0,7.179861405210684,Medium,23.89043588304213
15,Female,USA,0.5010102889961052,Instagram,4,Entertainment,21.6830670041837,0,8.641970908404394,Low,56.71367118891868
27,Male,Canada,3.776247540074612,TikTok,4,Socializing,29.886880842222457,0,7.368072930048847,Medium,59.797601954634565
13,Male,USA,6.562046656828992,Instagram,3,Education,31.810314671920583,1,4.876817956921803,High,53.23823551823594
27,Female,India,2.7842253267642603,Snapchat,1,Education,28.3499972952735,1,7.133213623016474,Medium,42.33805761919626
17,Male,UK,5.180547330761671,Instagram,2,Socializing,33.225747830719975,1,6.001638065026416,High,45.2493951514962
21,Male,USA,1.6759521458814155,TikTok,1,Entertainment,18.257634594471057,1,8.190460951020729,Low,52.75561400799487
13,Male,India,5.628987449911597,Instagram,1,Entertainment,41.03465291784605,1,6.776614523258963,High,12.916380380324563
18,Female,India,5.674298433553291,Instagram,2,Socializing,11.553007372470123,1,6.422431868687768,High,41.72726039050142
19,Male,USA,5.421966664550362,YouTube,4,Entertainment,35.816427285165965,1,5.617108076955515,High,47.71783028493812
16,Female,Germany,3.0597523921618146,YouTube,2,Content Creation,24.503032054993145,1,6.8847116522188845,Medium,3.288161904807112
24,Male,India,3.4783061587661144,YouTube,4,Entertainment,29.02206054991626,1,6.838449431914996,Medium,64.36483421969078
13,Female,India,4.513678627270693,YouTube,5,Education,42.9412842260836,0,7.467593441657409,Medium,37.25509984890409
20,Male,India,2.190191180708144,Instagram,1,Socializing,27.775345461520253,1,8.641826314654157,Low,37.68624773343308
18,Female,Germany,3.127353147268481,Instagram,4,Entertainment,28.94973144838329,0,7.508996883438717,Medium,16.47246747287053
26,Other,India,4.0967480859979615,TikTok,4,News,32.049773216799224,0,7.010240960197081,Medium,41.45050595322167
17,Other,UK,3.5625216537314626,Twitter,3,Socializing,24.946776856609915,1,6.581056795027467,Medium,5.425311355660519
19,Male,USA,3.0231600023210023,Instagram,5,Entertainment,28.687050316972197,0,6.825730919034447,Medium,14.940280840948752
21,Female,UK,3.598810141092771,Instagram,1,News,19.29961541610986,0,6.464660653415777,Medium,36.81581817522962
20,Female,Brazil,5.341863289866713,Instagram,5,Entertainment,41.2282486891969,1,5.705999005913102,High,64.93925965269472
15,Female,India,2.75133074306988,YouTube,4,Entertainment,28.72329406414266,0,9.636746894374117,Medium,35.74812501600972
25,Female,India,2.5940280187188565,Instagram,5,Entertainment,34.47053469172363,1,8.2535421935702,Medium,68.03822909704117
24,Female,Brazil,5.506154971529631,Instagram,3,Education,30.590453826391755,1,5.3307811140522405,High,56.11322616374531
25,Male,India,3.648264725569992,TikTok,3,Socializing,16.65154401408629,0,7.1603157135000295,Medium,19.00111763544332
24,Male,UK,2.0284983906475538,Twitter,4,Content Creation,28.34392581501338,0,8.695617827183295,Low,18.71462527421896
16,Female,Canada,2.7793208329320205,TikTok,4,Entertainment,29.476970174394776,1,6.498625283243145,Medium,26.156499238529484
13,Male,India,5.265290857785088,YouTube,5,Socializing,37.08129741141976,0,6.213880198655734,High,23.467425071335708
18,Female,USA,3.555951372842314,YouTube,4,Socializing,18.964165535442923,0,5.610378408959066,Medium,53.17945255204955
17,Male,Germany,4.554420001154001,TikTok,3,Education,19.110264435480943,1,6.810222736721027,Medium,60.47544698240439
17,Male,USA,2.8700563388312124,TikTok,2,Entertainment,9.068692763647874,1,7.080330200159275,Medium,15.073291679057403
13,Male,India,4.047594814707764,Twitter,1,Education,18.76633035436562,0,7.130835369242174,Medium,58.10573528736342
27,Female,USA,7.111524765219761,TikTok,2,News,28.60597275252527,0,3.893928511976151,High,33.72144378768709
15,Female,India,4.374711494443412,YouTube,5,Socializing,9.095652907145531,1,8.322482097334833,Medium,3.671315460860278
13,Male,India,4.006723541970585,Instagram,4,Entertainment,20.43152256215202,1,6.878315244773178,Medium,27.423159844195755
19,Male,Canada,4.458253890801265,Snapchat,2,Education,19.59999265307472,1,4.49095167504978,Medium,47.29083563674169
17,Female,India,2.912862820509772,Instagram,1,Education,15.768680804509785,1,6.6839712302078444,Medium,36.45498951847462
14,Male,Brazil,5.101749224810427,YouTube,3,Education,28.3843455732222,1,5.843208295793317,High,72.92602959195395
18,Female,Canada,4.506178274245111,YouTube,4,Entertainment,15.93289279484978,1,6.399795016228543,Medium,42.49854799720087
16,Male,Canada,5.45489059715867,Instagram,5,Socializing,17.945980505529178,0,5.472006132598284,High,35.30797258959912
20,Female,Brazil,3.6989609688545606,Twitter,5,Entertainment,28.181310153579943,1,6.2134250161669,Medium,25.8875607693058
26,Female,UK,0.5,TikTok,3,Entertainment,14.599205551283228,1,10.0,Low,55.017540848512425
16,Female,UK,3.442644935242068,Instagram,3,News,22.6959065871048,1,9.15959386575062,Medium,83.39009971424659
16,Female,India,1.0232035197897638,Instagram,2,Entertainment,20.754731103160072,1,8.337128884058528,Low,32.517699274461584
13,Female,Germany,0.5,YouTube,2,News,19.149323847243288,1,8.640355296232478,Low,46.57724195823239
21,Female,Canada,3.0296800021640755,Snapchat,4,Entertainment,33.750192166304615,1,7.907782720823127,Medium,45.75813844614013
25,Male,USA,2.290673631035291,YouTube,3,Socializing,37.44317249384988,0,7.201942351700076,Low,24.201404442063897
16,Female,Brazil,3.6485605752279673,YouTube,5,Entertainment,36.309576311800456,1,7.802135785309185,Medium,53.94418676083789
24,Male,India,4.4604020461924,YouTube,4,Entertainment,19.313626016761265,1,7.018373971169211,Medium,64.48931829649555
18,Male,India,4.224187230798849,TikTok,2,Socializing,26.417435360709675,1,6.976139895233648,Medium,36.71074988325286
16,Male,India,3.999557211395351,TikTok,1,Entertainment,40.50374839426898,0,5.62244847565929,Medium,69.67666072086485
24,Female,India,4.145091543986741,Instagram,4,Education,33.52092269149963,0,7.423932684990842,Medium,15.79262584462018
16,Male,USA,4.293873499544534,TikTok,4,Entertainment,30.03429769271805,1,6.317445093575625,Medium,28.543411411534272
15,Female,India,6.756065081759866,TikTok,1,Entertainment,13.930838067687354,1,4.175363896563661,High,34.69317058264164
26,Female,Brazil,0.6073393041168416,TikTok,5,Education,36.19141905220484,0,8.227752515739889,Low,30.048329822064936
25,Female,Canada,5.394673837967583,Twitter,5,Socializing,24.048342733894952,0,4.622138014276552,High,24.11909167395821
18,Female,UK,5.126023339241204,Twitter,1,Socializing,41.37486284679446,0,5.584359182776529,High,38.09506483550379
15,Female,UK,3.72937029346933,YouTube,5,Entertainment,21.837587863628183,1,6.427453863429934,Medium,66.87440791661675
13,Male,Germany,5.627358064864275,Instagram,1,Socializing,9.203710136902949,1,8.199332484191334,High,17.656277822939906
19,Female,India,2.8798434600894467,TikTok,4,Entertainment,28.26690656493345,1,6.3234680815255,Medium,76.72389709529827
14,Male,India,1.3423331383695425,Snapchat,3,Entertainment,27.9278624004384,0,9.806580239384369,Low,38.41746013142918
22,Female,UK,5.605296291464268,TikTok,1,Entertainment,49.3587948405288,1,6.75089572534782,High,17.76166857214485
21,Male,India,1.764738315553572,YouTube,1,Entertainment,12.46995167912124,0,9.07533214467835,Low,21.636618030193333
22,Female,USA,1.1236209460886704,Snapchat,1,Entertainment,33.889331806626146,0,8.226173843254388,Low,55.24065707788781
22,Male,India,3.637267798129405,TikTok,1,Entertainment,25.03412924147462,1,6.3228689804871365,Medium,30.083836227051027
19,Female,USA,5.702569098749626,Instagram,4,Socializing,36.812622141383805,0,5.818813234289859,High,67.41046626160798
13,Female,Canada,3.5203108904468428,YouTube,4,Education,27.211947541397517,1,8.70789885186612,Medium,15.16986241935065
24,Female,Brazil,3.110241328602496,TikTok,4,Socializing,31.686342463342516,1,8.748391091816298,Medium,29.91051677888172
15,Female,Brazil,3.4447830203324727,Instagram,2,Entertainment,28.346875297476267,1,9.15219108723014,Medium,44.24187677686837
15,Female,Canada,2.754839761936108,YouTube,1,Entertainment,30.871251415071765,0,8.232684656707209,Medium,42.9281974038031
16,Male,UK,4.388614835308966,TikTok,2,Socializing,22.25553661001588,0,8.08467331478666,Medium,7.778390670298499
15,Female,India,3.20842349193214,TikTok,2,News,21.155324115585152,1,6.9191298048692325,Medium,41.73660646600384
23,Other,Germany,2.838667209903141,Twitter,3,News,16.001431291468514,1,7.932245904192191,Medium,38.56327251334957
26,Female,India,2.762893939027854,YouTube,4,Entertainment,5.0,1,9.824947511456296,Medium,24.86631634964716
22,Male,Germany,2.844616343241834,Instagram,2,Education,16.67515435582864,1,9.089589084894408,Medium,5.226578323676556
14,Female,India,0.5,TikTok,4,Education,24.08013218849198,1,9.878865291270316,Low,62.62271525494359
25,Male,UK,4.031547301770187,YouTube,5,Entertainment,24.41113202795278,1,7.198871582315775,Medium,36.71908037709927
15,Female,Brazil,2.6402137736210305,YouTube,4,Socializing,27.463118027099974,0,7.389796322683862,Medium,0.0
17,Male,India,1.148178889217338,YouTube,2,Entertainment,19.865995592282157,0,10.0,Low,55.26198082249886
25,Male,Brazil,3.0044788293882734,YouTube,2,Socializing,20.83857006149256,1,7.4610872830736605,Medium,49.423239922764125
27,Male,India,3.1260895476978647,Instagram,2,Entertainment,23.71016144034616,1,7.55587490938121,Medium,38.022454599220254
19,Female,India,1.49505191766195,YouTube,3,Education,18.446051416962305,1,7.690683420283408,Low,17.506337041522016
22,Male,Brazil,4.071942360528805,Instagram,1,Education,42.93287716487232,1,6.705637354235542,Medium,61.219750613252174
14,Male,India,1.996652302040267,Instagram,1,Education,37.50772001144089,1,9.196144940040003,Low,40.5623330500939
25,Male,Brazil,3.528776730497333,TikTok,2,Entertainment,28.413104431913503,1,9.456103350318598,Medium,32.574491289278086
24,Male,Canada,1.7928526215943918,YouTube,4,Education,24.296458240107963,1,8.236855545996862,Low,11.754388532597137
17,Female,UK,0.9833417674708658,YouTube,3,Socializing,18.77532393533036,1,8.880255082648159,Low,26.945648443611358
18,Female,USA,4.740549031042471,TikTok,4,Entertainment,53.61264115727853,0,6.695755022060469,Medium,37.52823210818694
23,Female,India,2.52884951800429,YouTube,2,Socializing,24.131752694519147,0,8.121949577934885,Medium,43.63582178295222
21,Female,India,2.7674767699823666,YouTube,5,Socializing,30.4948756211999,0,8.853943852046555,Medium,47.95757540879914
17,Female,India,2.768097557806115,TikTok,5,Entertainment,22.559252233147912,1,6.7970820337394136,Medium,82.28605785447863
23,Female,India,1.5069193292551768,TikTok,3,Entertainment,34.53917913223061,0,8.60113016201257,Low,0.0
17,Male,USA,2.752478751349332,Instagram,4,Education,40.67095566711619,1,5.713266442903475,Medium,22.64129860097511
24,Male,UK,1.1527841783905577,TikTok,1,Entertainment,38.85096857802242,1,8.053710077285915,Low,23.52857614831478
16,Male,India,5.893695634657544,Instagram,4,Education,26.259477358456017,0,5.477451233506083,High,33.22638106004825
15,Male,Australia,2.5449437495693714,Instagram,4,Socializing,17.603720006550994,1,7.17301085060492,Medium,45.22695472692477
24,Female,India,3.753566448862729,Snapchat,2,Socializing,22.51448222868669,1,7.080714391903432,Medium,47.01527041611863
18,Male,Brazil,4.203683549527269,YouTube,3,Education,23.12469480452757,0,6.408714609240191,Medium,91.33080586008153
13,Female,USA,2.36138389750717,TikTok,2,Entertainment,6.223211843774223,0,7.644472161058981,Low,35.90367484387915
26,Male,UK,2.000334121322868,TikTok,2,Entertainment,35.975923345474044,0,8.31697024484311,Low,46.40023697882616
25,Female,India,1.6975596541846594,YouTube,2,Entertainment,10.983887626085291,1,7.643129710493242,Low,45.15480438395976
14,Female,India,3.251441143978814,Twitter,1,Entertainment,27.547707180593918,1,6.65539066367769,Medium,61.98454494946296
22,Male,India,2.610973971781787,TikTok,4,Entertainment,46.65587187130655,0,6.654562794232716,Medium,1.5386386955290805
23,Female,UK,5.461205953773878,Instagram,3,News,24.63007361384768,0,5.897863325085209,High,41.68962437571183
13,Female,Australia,5.924634987706595,Instagram,2,Socializing,18.078700781000883,1,6.042402502323595,High,34.670836154851195
21,Male,India,4.234134901751158,TikTok,4,Entertainment,25.06234793955465,0,6.569208408371722,Medium,74.19692598229865
22,Male,USA,6.548686310744896,Instagram,4,Entertainment,29.571689492445223,0,2.448689956401199,High,46.48561778882473
26,Male,USA,5.599838264067891,Instagram,5,Entertainment,13.0168963627444,1,3.981777211560849,High,38.53161272276154
13,Female,Brazil,3.463420761784157,TikTok,3,Socializing,27.67216691778317,0,6.842463132323646,Medium,36.347977007556224
21,Female,USA,2.13859417178028,Twitter,1,Entertainment,21.08251113019108,0,7.447913164606456,Low,73.3761307015035
27,Female,UK,5.482537753134549,TikTok,3,News,32.583373134317306,1,6.872887471165935,High,46.13901251281364
15,Male,India,2.3842849490160987,Instagram,2,Entertainment,18.13857123399783,1,7.026451667506453,Low,36.89911053533047
16,Male,Australia,4.00747516282042,TikTok,4,Content Creation,58.03592804496656,0,7.339537283655998,Medium,68.84057893550937
22,Male,USA,2.934590286363137,YouTube,3,Entertainment,23.30737903406844,0,8.473463681385537,Medium,43.44861609888335
15,Female,India,3.7448095384482345,Instagram,2,News,36.21817071967022,1,7.696097981486818,Medium,51.16046020409517
19,Male,Australia,3.2686102552915477,Instagram,2,Education,31.045348676607013,0,8.902665146011168,Medium,26.3693241514585
23,Male,India,5.412251529284893,Instagram,2,News,5.0,1,6.063965535548663,High,64.42072479383225
27,Male,USA,3.8620634872469823,Twitter,1,Socializing,30.53378627244904,1,7.344214002683477,Medium,27.25076541978593
15,Other,Australia,5.114843131105904,Instagram,4,Socializing,32.86929547143208,0,4.930487856640785,High,18.167288536120505
27,Female,UK,1.5457849635110446,Instagram,1,Socializing,26.368649820017183,1,8.45759107437476,Low,50.40718232920794
22,Female,USA,3.187857327660174,Instagram,1,Entertainment,33.28352921498739,0,7.598148020349291,Medium,50.70436272869955
13,Male,USA,3.8191198256187073,TikTok,4,Education,29.876692750265654,1,8.357339914661136,Medium,52.30768584023353
17,Male,USA,3.7165158799884574,Instagram,1,Entertainment,5.0,1,7.320743359104207,Medium,52.18484169511596
13,Female,India,6.006457672933535,YouTube,5,Entertainment,29.445236285852346,1,5.783469638823437,High,62.01486934896653
13,Female,Germany,5.453360967722976,TikTok,2,Education,20.480711006125176,0,5.323372682157427,High,28.87140846397693
21,Male,Canada,3.5599175042420423,Snapchat,2,Socializing,22.108002203673244,1,6.665567944812001,Medium,29.615637249295737
13,Male,India,1.9320987650627317,YouTube,2,Education,29.964135826659916,0,8.40847783727876,Low,64.53576877398032
13,Female,India,6.2336417651635365,YouTube,3,Entertainment,31.456301517234063,1,6.465636229878561,High,17.72749557077286
19,Other,USA,4.583098494257708,Instagram,2,Socializing,27.7396269060319,0,5.016264610229012,Medium,0.0
15,Female,Germany,1.0300034528466804,Instagram,3,Education,15.808339283224392,0,9.19122238937848,Low,26.819980450113857
27,Female,Canada,2.4630605543434245,Instagram,1,Education,39.682831261995005,0,8.683618588711632,Low,16.51229292552089
27,Female,India,3.390187672207179,Instagram,4,Education,35.408243581560335,1,6.687066491481371,Medium,62.56990893001733
13,Male,Germany,1.2615722537207228,YouTube,1,Entertainment,29.267385898267428,1,10.0,Low,41.46605795838343
23,Other,UK,5.5557326210854825,TikTok,5,Entertainment,27.41446248585781,1,5.052395613605873,High,75.24856027607134
26,Female,India,3.887455562426239,YouTube,2,Entertainment,39.18684621547297,1,6.051820791503404,Medium,51.13009399624921
20,Female,USA,0.5,YouTube,2,Entertainment,24.454268285199728,1,10.0,Low,43.785551287418265
27,Female,Brazil,4.418566281271131,YouTube,1,Socializing,23.70652537048573,1,7.525746290010764,Medium,44.85759869853891
24,Female,India,3.580347656726278,Instagram,1,Education,21.950883137335683,1,10.0,Medium,39.38601364106916
23,Male,India,5.256379661135116,YouTube,2,Entertainment,33.576498806576005,1,4.494583376488843,High,23.367734697456918
27,Female,India,4.161583019500076,YouTube,1,Socializing,24.9990305707676,1,8.826935854143382,Medium,48.76167796792632
14,Female,India,3.821351711476502,Instagram,2,Content Creation,28.05519694604765,0,9.00282543301354,Medium,68.98769132555137
16,Male,Germany,4.431740156497694,TikTok,5,Education,31.05927496623704,0,6.284865727671627,Medium,56.00437709780105
14,Female,India,3.713364682810364,YouTube,3,News,27.678783497170144,1,7.535865711694823,Medium,59.03124831128187
25,Male,USA,2.1612044165906203,Instagram,1,Education,47.98178054130264,1,10.0,Low,13.114122722341753
15,Male,Australia,0.5,YouTube,5,Content Creation,24.056912209474383,0,10.0,Low,59.39018236352919
27,Male,India,4.756864727361603,TikTok,2,Socializing,26.3586806645052,1,6.403241423666233,Medium,34.12522456176484
26,Male,India,4.199376615688422,YouTube,4,Socializing,18.936711539342284,0,6.102864693587451,Medium,76.56132418946027
15,Male,Australia,2.076237049281572,Instagram,1,Education,30.5428743395218,1,7.467807502188426,Low,13.900136166292704
26,Female,Canada,3.617549238421934,TikTok,2,Entertainment,15.77355694831694,1,6.8275851341660365,Medium,41.86466466269215
27,Female,USA,4.992031987889513,Instagram,2,Education,28.497300258369776,0,7.234154001662762,Medium,37.181639601350696
16,Female,Germany,2.2119220185890995,YouTube,4,Entertainment,24.682638983745083,1,8.508543600911333,Low,23.74633417676592
13,Female,Canada,5.954279752905979,Instagram,4,Education,15.447136951977557,1,6.166723696374439,High,22.38288374780773
14,Female,UK,3.1301873455110445,Snapchat,3,Education,15.388317345506506,0,6.113940420588326,Medium,28.8467320550967
18,Male,India,2.470684086040171,TikTok,4,Education,27.257627500879725,0,8.258380142307178,Low,26.43920264812686
13,Male,USA,1.84377790045112,TikTok,1,Socializing,31.8945175232347,0,9.893502289669,Low,28.724902143051672
17,Male,USA,4.389279645408882,Instagram,5,Entertainment,24.08123491144573,0,6.063481980631312,Medium,65.75498787642378
21,Female,Germany,3.5034635007876616,YouTube,1,Education,23.014348691395348,1,8.293112465151651,Medium,22.43844883977702
18,Female,India,3.4657108836518917,YouTube,5,Entertainment,18.062150741007432,1,8.360869571362109,Medium,25.438576565835533
15,Female,Australia,3.154244693626081,Instagram,2,News,31.149010601484708,1,6.713109020845629,Medium,35.69401732974979
18,Male,Canada,4.462798419386199,TikTok,4,Education,21.06931229766265,1,7.781467880973971,Medium,20.36574640081365
25,Female,Brazil,5.513437692231893,Instagram,2,Socializing,34.90195245074403,0,4.75669929655344,High,39.27124312921418
26,Female,Germany,3.734670175392659,Snapchat,5,Entertainment,20.034966452793235,1,7.007841908465701,Medium,0.0
14,Male,Canada,3.361636774824879,Instagram,2,Education,26.697522800937325,1,6.122614037022937,Medium,41.46962727603177
20,Female,Brazil,1.922133135831704,Twitter,4,Socializing,32.50355590376208,1,9.464335985732172,Low,30.53954775596993
27,Male,India,3.2089528080625422,Twitter,3,Entertainment,29.53613084891538,1,6.662188168721499,Medium,0.0
17,Male,Brazil,4.976035039840992,Instagram,3,Socializing,20.213414501049385,1,6.459601845194301,Medium,41.366528547137776
13,Male,Australia,1.8086442198944213,Twitter,3,Content Creation,16.79569210039346,0,8.656923790797176,Low,0.0
18,Male,India,3.8160528182546902,TikTok,5,Entertainment,5.193395949742218,1,7.667564954704141,Medium,18.12317116516299
19,Female,Brazil,1.1523527320728868,YouTube,5,Education,8.779390604419387,0,6.763460857773549,Low,46.21142957618665
17,Male,Canada,2.2834236793287337,YouTube,5,Socializing,19.57656041986157,0,7.989383621759335,Low,23.73281449780775
21,Female,Canada,1.3135853193224798,YouTube,2,Education,46.211522530582194,1,8.338104770124188,Low,70.37678672233314
24,Male,India,4.596740204684982,YouTube,5,Socializing,19.82168609749857,0,6.142128957074292,Medium,74.54639022989313
23,Female,Brazil,3.189251136517573,Snapchat,2,Socializing,10.991068751375291,0,6.96199147264934,Medium,7.307644227538553
21,Male,Germany,4.344100472099488,Snapchat,4,Entertainment,23.79157797960825,1,7.612343585812211,Medium,45.90435506137388
16,Male,India,3.5324211650198243,TikTok,5,Education,20.02287903185985,1,8.15898215679138,Medium,56.29185681193607
23,Female,Germany,2.048544641051886,Instagram,2,Entertainment,23.6285065156726,0,6.863758089120982,Low,24.553045615308484
14,Female,USA,5.59055597911908,TikTok,1,Education,22.521586482785068,1,5.076656097522044,High,62.80278386439056
14,Female,USA,5.630802441758629,TikTok,5,Entertainment,30.05964580413285,0,6.246520599186917,High,48.13729120111525
14,Male,USA,5.495114504573225,Snapchat,2,News,36.379118706766086,1,7.307712138608278,High,61.7900908542336
27,Male,India,6.3914463903566245,YouTube,2,Entertainment,8.051766894991804,1,5.199119553383258,High,38.72236035545944
27,Female,Brazil,4.236806058672193,YouTube,4,Entertainment,29.467584828687933,1,6.59663331633804,Medium,41.4916681485607
18,Female,USA,3.62017843091866,Instagram,2,News,24.15674742800542,0,7.269067088433858,Medium,55.070173982246686
19,Female,USA,4.012197774086868,YouTube,4,Socializing,41.37459616923866,1,4.998224721832912,Medium,26.244877934913163
14,Other,India,6.600940298297999,Instagram,4,Entertainment,22.60489487172429,1,4.417459399107193,High,26.896109706917542
21,Female,Canada,3.421590802203236,TikTok,2,Socializing,27.560399489967164,1,6.789530694895871,Medium,20.85352143820222
14,Male,Brazil,0.6050136470857685,Instagram,5,Socializing,26.078070702270505,1,7.744419207812879,Low,39.7518338723118
14,Female,India,4.530479069172083,TikTok,1,News,21.431642752489008,0,8.367943808084718,Medium,47.92335232835825
13,Female,UK,3.069326368160836,YouTube,2,Entertainment,11.417792506106924,1,7.00957554360395,Medium,21.97232665176937
16,Female,Canada,3.308529435322072,TikTok,5,Education,27.295923157761976,0,6.035125756168522,Medium,30.806115895967256
13,Male,Brazil,2.7708098168376405,Instagram,2,News,11.496652027998898,1,6.329942388954642,Medium,50.63505877181895
20,Male,USA,4.772996476273953,TikTok,5,Content Creation,33.71885794242234,1,5.854273929066978,Medium,31.66963251140627
21,Male,India,5.216792238139087,Instagram,5,Entertainment,33.56762159808173,0,6.450457022472472,High,49.29662106320852
22,Female,Canada,1.6702297041264544,TikTok,2,News,30.961260387852946,1,7.859120479626532,Low,61.34948762685252
25,Male,India,2.156366544844944,Instagram,1,Entertainment,17.004275919302174,0,6.956580758521451,Low,45.2884757334942
19,Male,Germany,2.047362341077648,TikTok,1,News,31.68720913809725,0,7.713027992268343,Low,31.522111996401044
21,Male,India,2.820617380290216,Snapchat,1,Socializing,39.17076932738827,1,7.075720722000584,Medium,44.481840953605705
19,Female,Canada,4.403492579416839,Instagram,3,Entertainment,29.01263517746848,1,7.026369818598826,Medium,32.411992623752106
16,Male,India,3.9979509650623823,Twitter,2,Entertainment,28.387473337392265,0,7.065167802326957,Medium,24.830034126714622
20,Female,UK,3.2321884665780085,TikTok,1,News,32.54434104993604,1,6.909159491672928,Medium,46.8833022574776
17,Female,Germany,5.824422347244274,Instagram,5,Socializing,28.568664562553103,0,4.806064682257591,High,51.92620380008776
27,Female,USA,4.093423169553871,YouTube,1,Entertainment,24.00264979502334,0,4.618809805757665,Medium,19.460006239631763
23,Male,UK,5.183766933390881,Twitter,4,Education,26.74368592863464,1,5.496285798204548,High,52.64789224177052
24,Female,UK,1.1974804623736102,YouTube,5,Education,39.85890142099687,1,9.327512579008529,Low,20.234589377465745
22,Female,USA,1.982913011369786,Snapchat,2,News,20.085569576726503,1,7.505874105125694,Low,27.433821071267204
24,Female,Canada,4.4405618175055945,Instagram,1,Content Creation,17.38060657236653,1,9.894968457594269,Medium,67.7759250355427
27,Male,Canada,3.0477212262353253,Instagram,3,News,42.9162355801911,1,7.619601522257584,Medium,56.20864912428966
14,Female,Brazil,2.0755180940254965,Instagram,4,Socializing,26.22905617478157,0,8.703082095511416,Low,36.45331760249643
26,Female,USA,3.920039114172232,Instagram,2,News,29.11087995931824,1,6.44132030634261,Medium,31.843672218970347
14,Female,India,2.893022271864404,YouTube,1,Entertainment,26.18594946998796,1,7.29107919848237,Medium,52.58215681217431
26,Female,Australia,5.737277863889683,YouTube,3,Entertainment,27.68752566594921,0,5.858929155327402,High,10.346752208320748
18,Female,Brazil,5.031306422544184,Instagram,5,Entertainment,20.95304179187086,1,5.704118009923783,High,36.630693624921925
15,Female,Canada,1.534296545600638,Instagram,2,Entertainment,13.49859059832587,0,8.842943333786073,Low,0.0
13,Male,UK,2.281557171814975,Snapchat,5,Socializing,21.91091637259873,1,9.001214100944276,Low,45.21574799740489
19,Male,India,3.6512929920804624,YouTube,4,News,30.47698913259224,1,7.862941206927262,Medium,43.82671467562751
20,Male,UK,5.446806418359723,Instagram,3,Education,6.14947560171559,1,8.543949370632568,High,65.04400685798583
20,Male,Brazil,1.696990715230701,YouTube,5,Socializing,33.02201818864756,0,7.641351488717376,Low,17.52877870664044
20,Female,Brazil,5.621134824979765,Instagram,5,Education,37.648769813913134,0,5.788265076069444,High,51.91392199711549
21,Female,Brazil,4.109674414593829,TikTok,3,Entertainment,48.42583284894039,0,6.403340953184222,Medium,27.905854606364088
18,Male,USA,5.556091917730465,YouTube,5,Socializing,13.061317709131195,1,3.1562665176635245,High,47.1329579098972
14,Female,Germany,2.991640532416369,TikTok,2,Entertainment,29.59923175753745,0,6.529349801020002,Medium,41.82259483825474
15,Female,India,2.4219176692046114,Snapchat,1,Entertainment,23.28355706966781,1,9.846796462583356,Low,15.136326106582132
25,Other,Germany,5.73961028666088,YouTube,2,Entertainment,24.842405361801816,1,5.810089546762088,High,46.85821821639804
15,Female,India,4.683779355246282,Snapchat,4,Content Creation,12.720061661685753,1,4.664444528869607,Medium,29.940793111187052
21,Other,India,3.027408383646715,TikTok,2,Entertainment,38.75058439167542,1,8.761669036717631,Medium,31.020220870445023
16,Female,USA,5.366107670103234,YouTube,5,Entertainment,14.705191902340706,0,6.567953454209323,High,16.260197994886653
16,Male,Canada,4.621598156925439,TikTok,3,Entertainment,28.16005483362526,1,6.185931076485329,Medium,57.37893484700518
21,Male,Canada,1.1803345631801203,YouTube,5,News,14.021491553106342,0,7.789348515352011,Low,48.77128767849609
19,Male,USA,2.2586749771692194,Twitter,1,Education,24.22423910295873,0,7.491732562782026,Low,43.00045733504956
14,Male,Canada,2.706215522683608,YouTube,4,Socializing,9.995117987059285,1,7.799160507330868,Medium,65.22034741688213
27,Male,Australia,2.145518066528945,YouTube,4,Entertainment,8.197740595735102,1,8.290773298536202,Low,45.98989998085296
19,Female,India,1.846386139438485,TikTok,5,Education,36.57153176426274,0,8.07975861511015,Low,39.8889291525248
18,Female,USA,4.635229923594762,Instagram,3,Entertainment,38.08599889991621,0,4.6720285215184045,Medium,28.297908708278012
15,Male,Germany,4.2448228696127766,TikTok,2,Entertainment,19.61497058508009,0,6.2029421748652975,Medium,2.614015365649152
14,Female,India,2.48486493520761,Instagram,4,Socializing,32.52040123393924,1,7.726418246092895,Low,35.26862725567803
25,Male,India,1.0962193144725902,Instagram,5,Education,9.193878390930372,1,9.911310478069172,Low,90.89591728679952
26,Male,UK,4.867462026442605,Instagram,5,News,10.387442481758892,0,4.5754754503993365,Medium,42.06450107845856
20,Male,India,4.719903588392774,YouTube,1,Entertainment,33.99117052816509,1,5.579525359367971,Medium,30.47931079453921
26,Female,India,3.4786383874002413,Snapchat,2,Socializing,31.432408176669284,1,6.093225078631742,Medium,50.73189443538453
16,Male,India,4.201880290768305,TikTok,4,News,31.47602062497367,0,6.657863994025617,Medium,0.0
13,Male,India,0.7912583025489823,YouTube,3,Socializing,29.89097444120761,1,7.532507084951122,Low,82.793543834013
25,Male,UK,3.3801054628485265,YouTube,4,Socializing,13.4038970647157,1,7.284899380610314,Medium,46.300639492689854
15,Male,Germany,4.662791206013737,Instagram,2,Content Creation,25.201325679681798,0,6.239017056601997,Medium,21.83251502701489
27,Female,India,4.208125203411219,Instagram,4,Socializing,46.72369991955638,1,4.963451086538867,Medium,41.70921040561621
24,Female,India,1.5314392607902203,Instagram,3,Entertainment,11.294333979738417,0,7.91308092356496,Low,61.82830749365572
16,Other,India,5.03093080585456,Instagram,3,Socializing,18.50374978549798,1,6.801103764350475,High,68.64954704763294
14,Female,India,2.998842552369707,Twitter,5,Education,29.293433170964096,1,7.779049645916179,Medium,57.76082074524064
23,Female,India,5.536773001626736,YouTube,1,Entertainment,19.37504667062024,1,3.6182293485767834,High,41.6461985950361
14,Female,India,5.799385080783256,Instagram,5,Content Creation,5.0,0,4.635305735116837,High,34.50636399245567
17,Male,USA,5.074297265087027,Instagram,4,Education,27.88663913902208,1,6.495988638911832,High,0.0
26,Male,India,4.008934667969994,Instagram,1,Content Creation,37.76203907334565,1,6.7580562954764,Medium,35.281432708842026
27,Male,Canada,0.7811490747765459,Instagram,3,Education,38.33576907425461,1,9.598671562145828,Low,39.76248751431248
23,Female,Canada,3.0093508169775043,YouTube,2,Entertainment,23.681078193705453,0,8.728837892063959,Medium,31.47875717468125
17,Female,UK,4.581467915567215,Snapchat,4,Entertainment,46.261046551697056,1,4.514354116359143,Medium,25.693392214979813
21,Female,Brazil,6.094600247212796,Twitter,1,Entertainment,15.582991285584404,1,5.748531657789657,High,40.77189142320968
19,Female,India,7.421108233831039,Instagram,3,Entertainment,24.169340613918376,1,3.438442151328592,High,82.37280816071541
25,Female,USA,0.7467674427514761,Instagram,4,Education,29.91806409015779,0,9.215414161277842,Low,41.77150737448725
20,Female,USA,4.453930519476315,Twitter,2,Education,21.456877070576017,0,4.261099312837477,Medium,12.93362188004448
18,Male,India,5.14222772348069,Instagram,2,Education,23.56507733929078,1,5.175833928088291,High,21.57504882341484
26,Female,India,4.891953782547081,Instagram,2,News,50.06617311292472,1,6.251622271866474,Medium,34.37054141744565
24,Female,UK,3.153567254380785,Instagram,1,Socializing,11.507761520303491,0,6.038816090154581,Medium,67.43421337835862
21,Female,Germany,2.419444780064612,YouTube,4,Socializing,20.634711548890834,1,8.740348596715222,Low,31.96231875462945
23,Male,USA,1.9345799852544363,Instagram,2,News,43.96693786067064,1,9.098905288378152,Low,23.84442966280548
25,Other,Germany,3.5162948584380764,YouTube,1,Education,45.18096743058773,0,5.466281855709682,Medium,38.478312237631535
17,Female,India,2.218651925962275,YouTube,1,Entertainment,22.945954525201948,0,8.489542108053866,Low,50.98448712695867
16,Female,USA,1.663511130663836,Snapchat,1,Education,20.56830820266947,1,7.959575888049659,Low,58.36488528748623
18,Male,India,4.522018349811715,Instagram,1,Entertainment,20.52913666899351,0,6.201206913308569,Medium,0.0
20,Male,Germany,1.3879537054719702,Twitter,4,Socializing,24.734030053290127,1,7.696047675626589,Low,27.62224837307208
21,Female,Germany,4.445581704440178,TikTok,3,Education,35.702654349323154,0,8.317352737706258,Medium,14.76987530794458
17,Female,Brazil,2.246376550794824,TikTok,3,Entertainment,14.632779861278449,0,8.584598770401083,Low,70.30771692809938
17,Male,Canada,4.897296423332673,Snapchat,5,Socializing,21.58735740271177,0,6.522512418845743,Medium,30.665223378432074
25,Male,UK,4.515330107818253,Instagram,2,Entertainment,5.0,0,5.811453441361053,Medium,22.620732787176536
18,Female,UK,2.8195555216914148,YouTube,5,Socializing,16.015957899681588,1,6.988962519392145,Medium,9.498913816206173
13,Male,India,3.239759471478181,Instagram,5,Entertainment,27.804706047286647,1,7.668308428443066,Medium,0.0
18,Male,USA,3.3458273007347654,Twitter,2,Entertainment,28.69593251340705,0,6.982995215010773,Medium,35.577268848175834
21,Female,Germany,3.442552310206697,TikTok,5,News,15.397225786029166,1,6.149690030082262,Medium,81.83586499849557
15,Male,India,2.931208662672492,Twitter,2,Education,9.463168305491614,1,9.581720780668482,Medium,47.62101032874511
15,Female,India,1.1802639082913085,YouTube,3,Entertainment,9.44781136167276,0,8.904328650699993,Low,70.3600220927917
22,Male,USA,3.6045032861924784,TikTok,4,Entertainment,13.007631745351691,0,7.523963029561089,Medium,53.11071246413075
13,Male,Australia,3.226565078609355,TikTok,2,Education,20.32802723936804,0,8.334177941470031,Medium,32.07159486228759
26,Male,India,3.860922753359569,Instagram,3,Entertainment,27.562104836100893,1,6.902616377560003,Medium,22.858247921521627
24,Male,USA,3.563220743308333,Instagram,2,Education,21.635571711053437,1,9.767187527220493,Medium,29.118459846518324
14,Male,India,4.103597916922814,YouTube,5,Entertainment,29.99239410071414,1,7.470942670730589,Medium,64.80252469966025
23,Male,India,1.8579640576876968,YouTube,5,Entertainment,8.989391926977028,1,7.688694663187054,Low,27.404821690825827
22,Female,India,1.146888846787533,Instagram,1,Entertainment,27.06760604799811,0,8.357044433813101,Low,66.79857176419495
16,Male,Brazil,3.776383945980633,TikTok,4,Entertainment,22.96819588025697,0,7.216870219127928,Medium,0.0
16,Female,India,2.8868714513874822,Snapchat,3,News,18.56365589677325,1,8.815873096102393,Medium,38.85214688353954
17,Male,India,3.219054558386232,TikTok,4,Education,33.47398265346992,0,6.24210616537029,Medium,56.27181153242885
14,Female,India,4.949996949500715,YouTube,2,Socializing,40.472372234786754,0,7.1663910675085525,Medium,42.90090538057424
13,Male,USA,2.0610905578263794,TikTok,3,News,19.53734879321524,1,8.828501707788726,Low,91.63353106388683
27,Female,Canada,3.436986106699892,Snapchat,1,News,22.26975289496505,0,5.927115218038704,Medium,42.16545300211049
26,Male,India,6.303150711640856,TikTok,1,Education,15.5397022153044,0,6.487076115033792,High,72.6047307677403
16,Female,India,6.077461767124644,Twitter,3,Socializing,18.64322582654829,0,4.619176950257545,High,17.63873466928277
24,Female,USA,3.236155979591726,Twitter,5,Education,6.773882326908385,1,6.923708807791658,Medium,34.622948464069204
27,Female,India,5.302789457999712,Instagram,5,Socializing,5.0,0,6.184568604106406,High,43.67479927364615
24,Female,Brazil,2.9148611198819983,YouTube,4,Socializing,36.29490332079561,1,6.19804544896395,Medium,41.680210791406935
24,Male,UK,2.558749229086807,Snapchat,4,Education,22.14870719594572,1,7.742464406015919,Medium,61.7028943349329
22,Male,USA,4.397223486183586,YouTube,4,Socializing,20.83934446200905,1,4.965498977890087,Medium,16.186027268446914
19,Female,Brazil,6.382180108998655,TikTok,3,Entertainment,25.351785511065977,1,5.002224124975684,High,44.76178979213614
20,Other,Brazil,5.378849015823693,TikTok,2,Education,14.930145443875114,1,5.839201937100923,High,72.4130865178953
21,Male,Canada,4.044873292475026,Snapchat,1,Content Creation,17.64925371300812,0,7.13368556362138,Medium,67.38493385050508
22,Female,USA,2.3666602504849434,TikTok,5,Socializing,31.54923246990759,1,7.170411966696356,Low,63.23809491158946
15,Male,India,4.485281759389954,Instagram,5,Socializing,37.12886327190021,0,7.900880539223479,Medium,41.14408696903936
20,Female,Germany,4.248258990516424,TikTok,1,Socializing,39.76875896585105,0,5.877924907357491,Medium,45.10314500885126
21,Female,India,5.205430177897334,YouTube,5,Entertainment,34.01435021033239,0,6.16427493481498,High,6.160932411460635
16,Female,Germany,2.3153044906868554,Twitter,3,Socializing,30.252264079064044,1,5.8932323306494725,Low,49.58886318829041
18,Male,India,1.7413680193909429,Twitter,4,Education,30.054286300793983,1,8.715562216645173,Low,73.76442121667053
15,Male,USA,3.90218955764381,Instagram,2,Entertainment,39.9305008083399,1,5.692177396431669,Medium,0.0
23,Male,Canada,6.135993244498174,Twitter,4,Entertainment,16.827030735310714,0,6.690532631029819,High,0.0
24,Female,India,2.0661135079755018,TikTok,5,News,27.115293173495864,0,9.33084374025211,Low,39.9331935510466
24,Other,Canada,3.778532857652388,Instagram,2,Socializing,28.77213993735504,0,7.496628690019948,Medium,66.46945548700371
23,Male,USA,1.6753450996218984,Instagram,1,Education,10.234909821704669,1,9.425854737703212,Low,30.12816303297759
15,Male,USA,1.9183269993967849,TikTok,3,Entertainment,13.921015651939229,1,9.242332785845695,Low,41.54348668970068
13,Female,Canada,3.325294053465538,YouTube,4,Education,23.08955205392822,1,6.94149340236886,Medium,54.48652522689004
19,Female,UK,4.492215148896909,Twitter,5,Education,10.355019056423156,1,6.10731501430765,Medium,86.58387998577118
19,Female,USA,1.9965977445115937,Instagram,5,Socializing,21.829498053825134,0,7.343583276633176,Low,32.70536887919914
27,Male,USA,6.748397338728333,YouTube,5,News,46.73060032317338,0,4.324906859767676,High,53.307930413056006
21,Male,Germany,5.397690041096586,Snapchat,5,Entertainment,22.233280304351805,0,6.637595590144032,High,30.476858675060974
24,Male,India,3.24156928934973,YouTube,1,Education,23.234040932341674,1,7.200103159576084,Medium,10.703561760405528
21,Male,Germany,4.530953188867066,Twitter,5,Entertainment,55.59697429812088,1,8.25977329920263,Medium,37.90775493553112
21,Female,USA,1.3465802561615845,Instagram,5,Education,33.72252502812779,0,8.13167074317027,Low,0.0
23,Female,India,6.55599922298031,Instagram,4,Socializing,16.27086585422989,1,4.682379684179375,High,74.62419291167907
27,Male,Canada,2.0886551911693987,Instagram,5,Education,17.576574728551392,1,7.891541396661019,Low,41.518442844200166
13,Female,India,5.789848223280226,TikTok,4,Content Creation,11.336784406929718,1,3.2442950706393243,High,76.81282876026847
14,Male,USA,1.321356346256802,Instagram,4,Socializing,31.011697611466747,0,8.482107813348383,Low,46.396444816898494
19,Male,Australia,2.8042364066059404,Instagram,3,Entertainment,42.76178315090637,1,7.881063750905396,Medium,54.98390845927827
19,Male,Germany,1.0540532680065615,Instagram,4,Education,22.91344659812872,0,9.28195830340603,Low,53.68565682685768
17,Female,India,2.607793692636908,YouTube,4,News,12.539917163774613,1,8.12473679930239,Medium,52.51359158351015
14,Female,Canada,4.4983214196489945,Twitter,4,Entertainment,54.319467942568096,0,6.237312359530801,Medium,27.623118255508427
26,Female,USA,4.062393375697394,YouTube,4,Socializing,17.057111808729594,0,6.586175190165831,Medium,51.843921189783245
20,Male,Germany,2.4886490734067275,Instagram,1,Socializing,23.881722600413973,0,8.309507834194186,Low,15.403755474173767
20,Male,India,1.097554390087604,Snapchat,4,Entertainment,5.0,0,8.772320194832702,Low,47.46263400522971
23,Female,India,2.675136378499042,Instagram,1,Entertainment,20.261651304588487,0,6.0993850889016645,Medium,40.16892952897154
21,Male,Brazil,5.565189387611536,YouTube,4,Socializing,34.82233533011134,1,4.393267632978317,High,62.64732040393085
13,Female,India,3.6097459639431935,Instagram,3,News,26.559926060997185,1,8.780821500606066,Medium,75.4267385148353
19,Male,India,5.431546069751103,Snapchat,2,Content Creation,33.86169999680254,1,6.699838707288649,High,33.829447920234294
23,Female,Germany,3.926709195322105,Instagram,4,News,24.14292036059592,0,7.221660081106922,Medium,45.973523570256994
21,Male,India,6.748000448791141,YouTube,1,Entertainment,31.66613385317861,0,3.1593731410681727,High,45.66402651111559
25,Male,India,4.671598737149875,Instagram,4,Entertainment,26.13841917884908,0,7.453816229975875,Medium,44.5981607732472
25,Male,Canada,5.328461595688634,YouTube,2,Socializing,22.68951955566357,0,4.348444175155628,High,48.56611910769392
21,Male,Canada,6.327393617798812,Instagram,3,Entertainment,30.741037311712255,1,6.750017357180244,High,0.0
18,Female,Germany,0.5,Instagram,4,Education,21.48459175775041,1,9.540085221520204,Low,51.84350214198243
25,Female,UK,1.113422487036357,Instagram,1,Entertainment,42.76076217828489,1,9.965267402082269,Low,37.61740916536184
21,Female,Germany,1.283090829152807,TikTok,5,Socializing,39.256085432954805,0,8.428789803658942,Low,38.03719257653278
13,Female,Brazil,5.831583076524757,TikTok,3,Entertainment,26.282015639980887,0,5.40164872103836,High,34.10997279112554
14,Female,USA,6.543355014328861,Instagram,3,Entertainment,21.632267338819,0,5.672626694937937,High,60.99849590008776
17,Male,Germany,3.18447396261028,YouTube,4,Entertainment,19.3169224843241,1,6.821073089075536,Medium,40.98380715896803
21,Male,Canada,2.4851280730367087,Instagram,5,Education,21.96041306442444,0,8.648556812801358,Low,35.12907821970599
22,Male,India,4.878779017971331,YouTube,2,Education,31.97778162545861,1,5.190239687876782,Medium,71.05093842882678
19,Female,India,3.394241742694968,Twitter,3,Socializing,25.17043254529049,0,7.865459824897598,Medium,57.48241578111532
15,Male,Brazil,4.5881766148835545,TikTok,2,Education,28.10321607971711,1,6.771488078009456,Medium,44.24819928392816
27,Female,Australia,2.061711432666043,TikTok,5,Entertainment,24.58029496324246,0,9.985298066004315,Low,47.72596237426641
15,Female,USA,3.3719182253291944,Snapchat,5,News,34.88039684397195,1,8.175642217099773,Medium,27.767161977433297
13,Male,India,4.459783956459153,Twitter,1,Entertainment,22.649255650503328,1,5.3534981128678485,Medium,79.3758203092398
27,Other,Brazil,3.835580660687431,YouTube,5,Education,35.605491618668545,0,6.31670408226053,Medium,46.380199954936735
23,Female,Germany,5.088878331850443,Instagram,5,Content Creation,22.787514802600835,1,4.339362340200376,High,37.65238628648622
27,Other,USA,5.103349789979534,Snapchat,1,Entertainment,11.91032230666059,1,4.943283464488082,High,35.451439994773125
25,Male,Canada,3.0984690779035065,YouTube,1,Socializing,5.0,1,8.124442192064427,Medium,52.46403536036218
15,Male,Germany,3.12174514745026,Instagram,3,Socializing,27.79137791619141,1,5.746653645676031,Medium,31.678930623214647
20,Male,India,3.6091041138636792,Twitter,1,News,18.09704315267131,0,8.47456747652512,Medium,48.95606332652925
26,Male,India,3.9733380357061914,Twitter,5,Entertainment,6.415679027065803,1,8.327510509906825,Medium,55.68862126125839
26,Male,India,4.080564124761792,YouTube,3,Education,23.44315460052774,0,7.637974055193552,Medium,16.432763912165825
25,Female,Germany,1.9713341925855568,Instagram,3,News,36.45213777615905,1,8.976412527715423,Low,72.4622741015557
18,Female,UK,2.717064239348719,YouTube,4,Socializing,27.759808332968618,1,7.008579147796128,Medium,54.17194372000107
18,Male,India,5.270476349414002,Instagram,4,Entertainment,38.17441309513895,1,5.340455217864287,High,42.044972454746805
15,Female,Germany,1.1288522337897544,Twitter,3,Entertainment,36.63308837153107,1,10.0,Low,45.99912499859834
26,Male,Germany,5.280101546415985,TikTok,5,Entertainment,35.95444469466782,1,7.229505612451824,High,40.63385287613449
17,Female,India,2.5010518625766336,TikTok,1,Education,23.46876377332685,0,7.049611487762799,Medium,41.862633904173066
25,Male,Canada,3.281286501184571,Snapchat,2,News,10.9537781534753,0,7.715987133830971,Medium,15.19622127443794
23,Female,India,5.787625103138162,Twitter,1,Entertainment,30.010001837710323,1,5.151776657294069,High,70.1007300521637
26,Male,India,3.411916381685164,Instagram,1,Socializing,24.48044994736944,1,6.905362302244458,Medium,28.15457183285332
23,Female,Germany,5.227855865852433,Twitter,4,Socializing,26.27398164026176,1,7.291134717521836,High,51.06575463122872
26,Male,India,5.0242584348589245,Snapchat,2,Entertainment,24.7521444976361,1,5.323091042662592,High,50.39818448359377
13,Female,Brazil,2.5644900444731906,YouTube,4,Entertainment,25.7094734895426,1,7.225906662790297,Medium,21.96913691632822
23,Male,Germany,5.556756305753893,TikTok,1,Socializing,22.413389804427517,0,4.329677531347611,High,21.951613778693503
24,Female,USA,3.991324618808816,YouTube,1,Entertainment,17.844546075504,0,6.510422075967156,Medium,54.69703566199521
17,Female,UK,3.138609315631048,TikTok,3,News,20.974865724802427,1,8.175855448779402,Medium,60.02473566135197
20,Male,USA,0.74818333909323,YouTube,1,Entertainment,14.377228135711738,0,8.653279568592625,Low,23.722937091142036
16,Male,Brazil,0.7561968497878788,YouTube,5,Entertainment,37.45967211220314,1,7.839681377358755,Low,23.924624228348662
27,Female,India,5.026419903105848,Twitter,5,Entertainment,22.31204231263676,1,6.750718988386896,High,56.38878241310364
17,Female,Australia,0.5,YouTube,4,Education,25.07866071975527,1,8.986313849917234,Low,24.83447982563318
15,Female,India,4.794477827131986,Snapchat,2,Entertainment,26.89459452664436,0,5.500073087724048,Medium,54.09914211888525
13,Female,Brazil,3.1804309227147742,Instagram,2,Entertainment,15.142063520076826,1,6.765158806999848,Medium,26.910362236824422
15,Female,India,0.5,TikTok,5,Education,10.62896544325135,0,10.0,Low,39.89102190470884
16,Female,Australia,2.7206680575669964,Instagram,1,Education,34.16132634634276,1,7.634647002070277,Medium,43.45010554517762
17,Male,Germany,4.844957778269542,Twitter,1,Education,31.519678529588276,0,4.727163198983842,Medium,47.79065177670944
18,Female,UK,3.8455234488198577,Instagram,2,Socializing,26.04165697129771,0,6.360884493715302,Medium,49.4903916053902
23,Male,India,4.461097984893913,Snapchat,1,Entertainment,33.9577571106913,0,7.807954685171797,Medium,44.469640910022775
26,Other,USA,3.579246403448922,YouTube,2,Content Creation,27.87111757774183,1,4.957756415562438,Medium,45.00490562590069
22,Male,UK,4.607586627401689,TikTok,5,Education,27.41258248314479,1,7.176648457910449,Medium,32.68852369089189
20,Male,Germany,1.0097597815613533,Instagram,3,Entertainment,23.66367140784024,0,8.310586740294475,Low,23.94477864553288
20,Female,Canada,1.7612026230434965,Twitter,5,Education,30.008337237054103,1,8.989762842273509,Low,54.73226691617903
18,Female,India,6.988819410844699,TikTok,2,News,22.918522746739708,1,3.47087269486948,High,14.349019232120142
16,Male,India,2.171556948996926,Instagram,4,Education,12.085591260765348,1,8.870699189444688,Low,53.47946867022365
19,Male,India,2.438023374230427,YouTube,5,Entertainment,26.31586040708638,0,7.193949622536884,Low,12.75913942342136
26,Male,India,3.200837880332008,Twitter,3,Entertainment,20.058781085217294,1,5.9091230775082,Medium,25.82289517913327
16,Male,USA,3.941873069829057,Twitter,2,Entertainment,19.251388574092548,1,4.989785777917224,Medium,47.4545892217065
13,Male,USA,4.737681259876199,YouTube,5,Socializing,33.776481242225366,1,5.7455876458845765,Medium,11.580362390728954
19,Female,India,3.640508907876525,TikTok,4,Socializing,38.22513015417128,0,8.607535892742954,Medium,41.263760385173065
17,Male,India,4.403302911341341,Twitter,5,Socializing,24.694986696008264,1,6.696364480063643,Medium,59.13348200148624
27,Female,Brazil,3.478931882135332,Instagram,5,Entertainment,25.18806756293617,1,7.210714918079428,Medium,27.574973812232415
13,Female,Germany,5.758576596368686,TikTok,2,Education,24.94232343442787,1,7.38327890046123,High,55.907892939937895
25,Male,USA,5.327751776927255,YouTube,3,Entertainment,5.0,1,5.792261998699428,High,41.384625799369466
22,Male,UK,5.832486260803118,TikTok,2,Entertainment,21.982964279131306,1,6.24402693400188,High,18.77443854453853
13,Female,Germany,3.523354707844975,TikTok,1,Entertainment,10.464210401163932,0,6.9896220353152,Medium,63.8367849187076
14,Male,UK,3.7070501223419337,Twitter,4,Entertainment,15.215316585000034,1,7.827159150900365,Medium,48.720444834419865
13,Female,Canada,3.52443677432707,TikTok,5,Content Creation,33.725312505661634,1,7.656685730917792,Medium,27.500207126791288
19,Male,India,4.001626501120878,Snapchat,1,Education,21.40716586384032,1,7.152487797884118,Medium,28.82021404468925
15,Female,Germany,4.2031366971484125,Instagram,4,Entertainment,17.5530612914708,1,6.425447154078073,Medium,49.79281615868105
19,Female,USA,5.031933920966463,Instagram,5,Socializing,19.721003429176356,1,4.578803783906945,High,14.03757654207554
13,Male,Brazil,1.1946182828868237,TikTok,2,Socializing,23.723199602230626,1,10.0,Low,47.6507869283926
17,Female,USA,4.126918547926628,TikTok,3,News,30.94979161808707,1,8.078271066724758,Medium,42.75522254497282
26,Male,Australia,5.1264384934346365,Instagram,2,Education,41.53737041689183,1,5.843424976364661,High,39.38070562870585
16,Male,India,2.638703398602257,Snapchat,2,Education,20.461169849176645,1,7.868424893424653,Medium,59.3664920982727
19,Female,India,4.43402411041818,Snapchat,2,Entertainment,25.89852747847653,1,4.820290044672776,Medium,38.77187014285202
27,Female,India,4.100788111483799,Twitter,1,Entertainment,19.99688903370239,0,7.841742568305912,Medium,49.72381265732483
26,Male,USA,2.8217175130052365,TikTok,4,Education,41.51561090211275,1,7.690506645176606,Medium,62.45051541231591
18,Female,USA,2.8251405382223704,TikTok,3,Entertainment,19.554793763152645,0,4.798837666908132,Medium,46.078690978574215
21,Male,USA,3.8875519298163055,Instagram,2,Education,18.428464159659,1,7.539839753229023,Medium,16.49592934400095
17,Male,Brazil,5.304099783670481,Twitter,5,Education,26.7681767289021,1,5.996556008818454,High,44.16816165959581
26,Male,Australia,0.5,Twitter,5,News,7.607428419963224,0,9.843426704452735,Low,41.78947268030242
15,Female,India,2.786897850675192,TikTok,4,News,34.233089045664954,1,5.6129106425962245,Medium,30.23402165548824
22,Female,India,4.5279683609723165,YouTube,5,Entertainment,29.742262284039924,1,5.3558021267788405,Medium,75.60279108094912
22,Female,Canada,3.992870853853632,Instagram,5,Entertainment,31.872977028228224,1,7.530610978832456,Medium,54.685715102625885
27,Male,USA,4.517148193839269,Instagram,3,Content Creation,35.35170599084188,1,6.03812759694579,Medium,20.083956236264363
21,Male,India,3.3957657159906667,YouTube,4,Education,6.791413872124483,1,6.48919578803964,Medium,19.238183668888745
16,Male,USA,4.814840072113544,TikTok,4,News,24.085060216741187,1,4.654472920154356,Medium,8.232700676537359
19,Female,India,2.374907913964554,Instagram,3,Entertainment,22.087590606797345,0,7.468847967536971,Low,33.74427444032147
19,Male,USA,3.5946606471899143,YouTube,1,Entertainment,29.430424714477308,0,6.469456079447844,Medium,40.66003454019947
15,Male,USA,4.801561675259107,Twitter,1,Entertainment,37.33019904678179,1,5.2299969938424455,Medium,34.566248219741446
17,Male,India,2.458236559564239,Snapchat,4,Entertainment,16.91410512488534,0,7.569315764876929,Low,94.69673138834544
22,Female,Germany,5.114543497632798,TikTok,1,Entertainment,30.635173467029727,1,6.814306866678631,High,40.11223278314713
14,Female,USA,2.8737444505579344,Snapchat,1,Entertainment,23.29990571430432,1,7.657218239491201,Medium,55.37264113044161
15,Female,India,3.334003765357141,YouTube,4,Socializing,34.96901427457416,1,4.833151970574583,Medium,20.795057871640395
17,Male,USA,5.04201126750092,TikTok,5,Socializing,27.770239994478665,1,7.075478766439892,High,23.891672079174494
13,Male,Germany,2.016375433992545,Twitter,1,Education,27.08583305267541,1,8.765178828932887,Low,53.42248833336342
15,Male,Brazil,5.0313977086183765,YouTube,5,Socializing,14.294053501926449,1,5.815419698032833,High,4.530819698182917
26,Male,India,4.865723292667029,Instagram,5,Content Creation,46.85468037309643,0,5.7044625701195,Medium,27.58326967843537
18,Female,USA,3.6500530601644536,YouTube,2,Education,21.486618050316917,0,7.246958682617754,Medium,38.07137292826035
24,Male,UK,2.102186278666472,YouTube,5,Entertainment,15.659497169521735,1,6.880719879465746,Low,19.050511736319187
25,Female,USA,4.925751247754357,YouTube,3,Education,21.28750656833206,1,4.601356122983831,Medium,48.84336077399389
23,Male,India,5.514347236624985,Instagram,5,News,30.45648603289708,1,6.587319136146582,High,14.159685124443374
18,Female,India,1.831474560772285,YouTube,5,Entertainment,5.0,1,8.690730588226643,Low,37.648977657368576
18,Female,Canada,3.865904151653261,Instagram,1,Entertainment,28.78854055022802,1,7.429106392084154,Medium,50.23038782017004
15,Male,India,3.084458330071584,YouTube,1,News,20.30599549164555,1,8.754110396826828,Medium,52.35265950451488
19,Male,India,8.300277410213162,Instagram,2,Entertainment,19.434321211622784,0,2.6676583442845816,High,93.56059971020576
26,Female,Canada,1.903320232470234,YouTube,4,Entertainment,34.90086693327551,1,8.311776045984235,Low,21.920212046410622
23,Other,India,7.5030842958502895,Instagram,5,Entertainment,18.71078660655588,1,3.3521480549374827,High,46.46551942069322
24,Female,India,0.5,TikTok,1,Entertainment,24.85622648969949,0,9.45731085809013,Low,56.134859903780765
17,Male,India,4.940854499096896,Instagram,2,Content Creation,46.78945077286173,0,5.358661191287958,Medium,40.90390655313863
13,Female,UK,4.642350358810084,YouTube,2,Entertainment,9.884519139723391,0,6.619913850421743,Medium,42.72711946357976
20,Female,Brazil,2.12078774389074,TikTok,1,Education,29.638997003531223,0,8.229879561408307,Low,49.13218507864205
18,Male,Germany,3.034248592506704,Instagram,3,Entertainment,43.44744189174114,0,7.346146393683464,Medium,24.24729663799973
24,Male,USA,0.5,Instagram,4,Entertainment,26.745404582099653,1,9.640707678937837,Low,20.18265909759201
22,Male,Germany,3.8068801473063374,TikTok,1,Education,32.230179695865104,1,7.758958113590238,Medium,26.122351374133565
20,Male,UK,5.819722470910579,Instagram,5,Education,22.388179711113292,1,7.37005299987706,High,25.230095923134197
14,Male,India,3.878662938392615,Snapchat,4,News,33.67174964287499,1,6.3519501700369725,Medium,35.96267472183875
22,Female,Brazil,3.385204103162575,Twitter,1,Socializing,18.79473211577394,1,6.36764308220762,Medium,29.12627832510215
22,Female,Canada,1.5506386947643802,TikTok,3,Entertainment,17.12747368787499,0,9.217480167769592,Low,23.50272583693573
24,Male,USA,3.0349058592896583,Snapchat,5,Entertainment,19.03422402183548,1,8.22634738416577,Medium,55.44184285482442
18,Female,India,4.354224221285952,Snapchat,3,Education,26.524324351727063,0,5.2914937113972815,Medium,44.960016381572615
20,Male,USA,2.7319188187189987,TikTok,3,News,33.850327785449906,0,9.411210710450492,Medium,64.08743200787328
17,Male,India,4.657873133592125,TikTok,1,Entertainment,27.64688054644286,1,5.693855954875279,Medium,41.025992722235
22,Female,Germany,2.411556997154237,Instagram,4,Entertainment,19.588093986702106,1,8.993950797806239,Low,39.316708358195385
26,Female,India,5.702288013323085,TikTok,2,Entertainment,35.2303266992368,0,5.139505166599524,High,48.29585053365884
19,Female,India,3.280543224824,YouTube,2,Entertainment,39.51014719429422,0,7.456459356961731,Medium,28.89072063553764
15,Female,Brazil,1.5623918924409967,Twitter,1,Entertainment,39.13033551937358,1,7.761616898495141,Low,16.780314739529434
16,Male,India,3.783499246617019,Instagram,3,Education,29.98720385770568,1,6.917835228298332,Medium,64.7558902035676
14,Male,India,1.5947119040911375,Twitter,2,Socializing,26.383442632051988,1,8.907571439609036,Low,14.09995806381144
20,Male,Canada,3.219700412830657,Instagram,1,Entertainment,7.25609853309107,1,6.1858600338920375,Medium,61.63597527391462
21,Female,UK,3.292791699866259,Instagram,5,Entertainment,35.79056306627258,1,7.498114624735664,Medium,88.36000994480557
23,Male,India,3.887646854841892,TikTok,1,Entertainment,18.47963627462652,1,8.236511757781864,Medium,46.51338883039053
23,Female,USA,2.154339812042249,Instagram,3,Entertainment,23.3679739604284,1,9.075912119717705,Low,31.61904494157556
25,Other,Germany,2.908741944693177,Instagram,1,Education,24.751320450289047,1,7.12512889109899,Medium,36.63392612709938
21,Female,India,3.770759998292647,Snapchat,4,Education,9.654309277267108,1,7.726989744958572,Medium,29.536232772865745
22,Female,India,2.563981814904608,YouTube,1,News,36.49932283649129,0,8.578494579597411,Medium,43.79680972398503
26,Female,India,3.59089087441527,YouTube,4,Entertainment,23.953842273709647,0,6.430061727883688,Medium,12.332143624360556
14,Male,Germany,2.7580327146048176,Instagram,5,Education,29.189617460746057,0,8.999407023885153,Medium,30.95184482327124
23,Female,Canada,2.9360431010124826,Instagram,3,News,5.76964982713724,0,7.674509486454874,Medium,3.9696319269369766
19,Other,India,3.805431165624967,YouTube,5,Socializing,45.23911293880384,0,6.008869866220004,Medium,37.69956575937528
13,Male,Germany,1.4228885039703871,Snapchat,3,Socializing,27.845604307439523,0,7.368637109255125,Low,31.69572437430793
21,Female,India,4.256094306871133,YouTube,2,Entertainment,11.452354312038064,0,6.30565535556282,Medium,69.3341573997346
18,Other,Australia,3.8199834172970686,YouTube,4,Entertainment,14.18791554239617,0,7.665513631799216,Medium,59.90797039370119
20,Male,Australia,3.984709687567907,YouTube,2,Socializing,15.66265204303894,1,8.461475402768908,Medium,43.29313888958365
26,Female,Brazil,6.712596449078096,YouTube,1,Content Creation,20.020129471662536,1,1.8527628502254092,High,14.372533915827177
18,Female,USA,3.987697198421391,Instagram,5,News,23.671370089476643,1,6.502975866440871,Medium,57.51130604769237
16,Female,USA,3.203037978638445,Twitter,3,Socializing,8.880116639465456,0,8.36526535863989,Medium,49.62234713942329
25,Male,India,4.35879988754158,Instagram,3,Entertainment,38.61409687844253,0,6.572401141768625,Medium,0.0
20,Female,USA,4.720508190290928,Instagram,5,Entertainment,37.048676869463584,1,5.549432265874796,Medium,30.69200797223725
19,Female,UK,5.453834775971327,Instagram,2,Entertainment,23.3645345281154,1,6.74664511892549,High,0.7800093137056976
19,Female,Germany,1.4956688467545387,Twitter,4,Content Creation,20.19855028714543,0,8.203083654755117,Low,16.0083088462481
15,Female,India,4.206538872296155,YouTube,3,Entertainment,14.949067525190454,0,7.277976857800823,Medium,81.79904862811573
14,Male,Germany,3.533741173870652,Instagram,3,News,24.304737755776063,0,7.312645111822494,Medium,65.57913031382476
16,Male,India,0.5786090137084012,TikTok,2,Socializing,21.76415643987332,1,9.447566059198447,Low,31.533217789440577
19,Male,Canada,2.11146118444252,TikTok,1,Entertainment,50.47838117765725,1,9.410195810500984,Low,37.85156354896198
19,Male,India,3.460719706998641,Instagram,5,Entertainment,32.93088572375749,1,6.542969977423683,Medium,52.91562486480217
14,Female,India,1.3028343718790572,YouTube,3,Socializing,35.30832267732592,0,7.723629644783154,Low,45.47559750502381
19,Female,Brazil,3.684448185482708,Instagram,4,Entertainment,28.488726823595943,1,7.935156743978016,Medium,11.498697687138687
21,Female,Brazil,4.4403766884257605,TikTok,3,Socializing,27.380348269575972,0,6.51625832158812,Medium,57.57386513170623
16,Male,India,0.9539256897571852,Twitter,5,Entertainment,19.871787704975738,0,8.45465944266744,Low,34.075589853246754
24,Male,India,3.5807324391936923,YouTube,4,Socializing,33.733571120415654,0,7.189578931641467,Medium,46.240636216564106
15,Male,Germany,4.937638981598818,YouTube,2,Entertainment,37.691393916021006,0,8.721343361095935,Medium,6.035494740520434
16,Male,India,2.098094869185463,YouTube,1,Entertainment,15.659609041940142,0,9.197899052987816,Low,29.01085684525167
14,Male,USA,4.603106104498861,Instagram,2,Education,24.16242029513388,0,7.054180715157177,Medium,44.88585061490896
21,Female,India,4.87486939660287,YouTube,4,Education,38.60140582539636,0,5.600293265224825,Medium,67.23670201440186
27,Female,UK,2.492606755272298,Instagram,4,Entertainment,37.64708749611725,1,6.926340608512563,Low,42.75919778445834
22,Male,Canada,3.642870173404146,TikTok,3,News,26.379126144605305,1,7.394400133117343,Medium,26.12466711869213
21,Male,India,3.398959039434785,TikTok,3,Socializing,56.52733141650874,1,8.2595855155224,Medium,62.475600720269625
26,Male,India,3.469255081110704,TikTok,3,Socializing,26.35817567642517,1,6.933199022891415,Medium,26.18002339084704
24,Other,Brazil,5.1501698454651486,TikTok,1,Entertainment,8.088733404849336,0,6.669391120906741,High,60.07098545141972
25,Other,India,2.9037800085940173,YouTube,5,Entertainment,37.19381170678665,0,6.177112359090047,Medium,47.08769398824307
17,Female,Brazil,3.215564704129468,Instagram,5,Entertainment,18.29155448067475,1,5.528600196663038,Medium,20.25608460357193
25,Female,USA,3.953096156310312,Instagram,3,Entertainment,36.10569518161856,0,4.64299036125827,Medium,58.59214444545993
26,Female,Canada,3.5929817677626983,Instagram,5,Socializing,44.76012629696263,0,7.941910971481076,Medium,3.2620221506711147
15,Female,India,3.895768393243973,Instagram,3,Education,5.91664369711236,1,8.493619606825181,Medium,32.11073097535212
16,Male,UK,0.5,TikTok,4,Education,11.88874237282288,0,10.0,Low,39.80922306529837
22,Female,USA,2.832127720698117,Twitter,4,Entertainment,21.06344906454868,1,8.001222607119205,Medium,72.84857795982361
25,Other,USA,5.472808370938648,YouTube,3,Education,41.83329716711937,1,6.647863135325621,High,4.59837141824228
14,Female,Canada,2.763225108159072,Instagram,3,Socializing,27.657204043291767,1,6.85898889066925,Medium,21.666384123762064
26,Female,Canada,5.838209722711039,Instagram,3,Socializing,19.289124673286462,1,7.839335484021383,High,31.55958222256222
25,Male,UK,1.950173754894548,Instagram,5,Entertainment,7.814874806216725,1,7.959722140577928,Low,62.71514747219111
16,Female,India,2.272794281578995,Instagram,4,Education,38.157730534841086,1,9.700833180234172,Low,24.46085883447158
14,Male,India,2.236737565216229,Instagram,5,News,29.906429794687234,1,7.695961655711975,Low,29.88789002856444
23,Other,India,4.245231432432161,TikTok,2,Socializing,28.79851544676185,1,7.392909790291862,Medium,8.770711144644775
17,Female,India,1.1971264087290905,YouTube,3,Socializing,35.536757653994336,1,8.47960141886602,Low,52.88445553016616
14,Female,India,2.760093179823948,Instagram,1,Content Creation,26.034014504489782,0,8.243841737593735,Medium,20.44171632059414
26,Male,Germany,3.401620478233061,YouTube,4,News,19.610713733249995,1,5.555385429689784,Medium,92.70465564688416
18,Male,India,6.3290716003655305,TikTok,2,News,16.17154176557355,1,5.014564357435056,High,13.166488713938731
18,Female,Germany,3.5632154041303035,Snapchat,3,Entertainment,9.300127696796205,0,7.366768722485818,Medium,18.888234863877965
13,Female,Brazil,3.845063785187021,Twitter,5,Entertainment,22.24273688713349,1,6.64275906936353,Medium,18.87060392084566
13,Female,Australia,3.895586153944135,TikTok,3,Entertainment,24.70274978472448,1,4.9256503624713535,Medium,47.20936118062537
14,Male,USA,0.5,Instagram,3,Entertainment,33.263682566039144,1,10.0,Low,20.13619539169043
16,Male,India,4.107198425294751,Instagram,2,Entertainment,12.283546198757296,0,8.265967193405137,Medium,24.92760843849516
22,Male,India,2.558982639524284,Instagram,3,Socializing,28.88377365413565,1,7.466150369046855,Medium,68.22765638373005
18,Male,USA,1.6168606513950097,TikTok,2,Education,26.700591221756667,1,8.506340640675255,Low,45.00406976962304
22,Female,UK,2.689762060876035,Instagram,5,Socializing,27.7346810961273,0,7.930862412087368,Medium,85.87892969920759
18,Female,Germany,2.411450883643014,Instagram,4,Socializing,7.260601830200535,1,8.18818128279448,Low,33.94000013801124
24,Female,Brazil,3.6218823398228994,TikTok,2,Entertainment,35.7091025578873,0,6.267629524295171,Medium,54.44413126933685
13,Female,USA,3.367637647023081,TikTok,1,Education,17.306368658344404,0,7.1718300306032425,Medium,27.193508102968245
15,Male,Australia,3.356060454392957,Twitter,1,Socializing,28.112889952408704,1,8.625047072227483,Medium,45.695183279522745
20,Female,India,1.2588780669829809,TikTok,5,Entertainment,39.759534448271104,0,9.076183126608589,Low,39.31400036602004
26,Male,Canada,5.330324195719003,Twitter,4,Entertainment,15.519215748278,0,6.371241181723059,High,42.21437390328847
27,Female,Australia,0.5389595829484337,YouTube,4,Content Creation,5.0,0,8.964288160631831,Low,12.378560465252406
20,Female,India,4.240677531749204,Instagram,3,Education,31.586864576559364,1,4.998835578146875,Medium,45.91072662755322
14,Female,USA,3.394134271266079,TikTok,1,Socializing,33.58312835115751,0,5.255032532919492,Medium,67.18560985384535
26,Female,India,4.537091658355294,TikTok,4,Education,39.02177893403591,1,6.309002045752373,Medium,0.0
15,Male,USA,3.5596811543174,Instagram,5,Education,22.76772242296449,1,7.406854787744218,Medium,31.513242863296508
15,Other,Canada,1.332973774794283,Twitter,2,News,31.311736192061403,1,10.0,Low,18.60298629407284
19,Female,India,2.3763821181206017,Twitter,3,News,15.757726375646357,0,8.688334642042877,Low,18.760600746035102
26,Female,USA,3.51082682150908,YouTube,2,Content Creation,6.604488249598191,1,6.511059691639585,Medium,36.91462997762901
22,Other,Brazil,5.7436623760950845,TikTok,4,Socializing,27.284761770210466,1,5.809716571528647,High,20.89057735332319
20,Female,India,2.5578959640102323,YouTube,3,Education,30.79663970740233,1,6.693934136750932,Medium,33.23760624712174
17,Female,India,1.9433537683626376,Instagram,4,Education,34.79417019589043,1,8.57370528244784,Low,76.8045782759142
15,Female,India,0.5,TikTok,4,Entertainment,11.49056174442136,1,8.996800967756315,Low,14.466202053577785
26,Female,Germany,2.472736387795201,Instagram,4,Entertainment,26.01004159018248,1,8.756749882782522,Low,35.03979832147189
14,Male,Germany,4.181737027106284,TikTok,3,Entertainment,38.9659944317482,1,6.875096640366976,Medium,53.3166686948072
14,Male,Brazil,2.921116771344677,TikTok,1,Content Creation,36.2071967811701,0,7.671114129090927,Medium,78.40811767052078
19,Female,USA,5.074007194625347,YouTube,4,News,36.14474554486973,1,6.479034919040927,High,46.94805412288748
24,Other,Australia,6.32838167795218,YouTube,3,Socializing,30.80562988999733,1,4.834334412863431,High,24.29108046475917
17,Male,Australia,4.803098834478931,TikTok,3,Socializing,14.686129186491137,1,5.076116068192508,Medium,37.46860482871037
26,Female,UK,3.940952146312589,Instagram,4,News,24.184134168658524,1,7.581948376562728,Medium,64.98350437935994
19,Other,India,4.465613663289133,TikTok,3,Entertainment,26.26661719240331,1,7.039364797630142,Medium,64.01023022137805
20,Male,India,3.4576394980089824,Twitter,1,Socializing,23.92301609053238,1,7.546092859102571,Medium,53.59630699469263
19,Male,Canada,4.313225687638232,TikTok,5,Socializing,20.69706767004547,1,6.572889675312424,Medium,74.03636427595947
13,Male,Canada,2.155002338656048,YouTube,4,Socializing,45.791689190637456,1,9.588914260591965,Low,75.4241761357575
17,Female,Canada,5.141153296360271,TikTok,1,Socializing,31.78567765593492,1,4.871036273131871,High,39.2622472685861
18,Male,India,4.3843387225309485,YouTube,3,Entertainment,27.52844558326386,1,6.562080229737388,Medium,42.64121608717998
13,Male,USA,2.7528961648228,YouTube,3,Socializing,18.6177125484198,1,7.178330167934515,Medium,69.41686014799446
20,Female,USA,4.305978479663119,YouTube,2,News,39.76285774079274,0,6.682547981581526,Medium,52.573741744757655
25,Female,India,2.9170671418021046,Twitter,5,Entertainment,30.329295942797284,0,8.775918336821228,Medium,6.417670152059529
21,Female,India,5.800657310396349,Instagram,4,Education,28.08512795051241,1,5.767835454601821,High,33.77242384939167
27,Female,India,1.9227780810204536,YouTube,1,News,8.143102695101103,1,8.479484073485112,Low,25.665254029377177
25,Female,India,6.135105147221868,YouTube,3,Education,27.78691915713361,1,5.971696978411898,High,70.73310050016774
17,Male,Canada,2.795325833757462,Instagram,4,Entertainment,27.600412706177185,1,6.800254550533048,Medium,68.69310601851274
13,Male,USA,4.668218526853185,Instagram,2,Entertainment,35.160263141056205,0,7.430887205049702,Medium,57.8877403540817
19,Female,India,4.525375362775316,Instagram,1,Entertainment,7.914917276396864,0,6.098813463602694,Medium,70.77622160326396
27,Female,Germany,5.409945234076796,TikTok,4,Socializing,10.785463767531269,0,4.794916794392786,High,51.045108090034766
21,Female,UK,3.169802074009528,YouTube,1,Entertainment,29.303647861849885,0,6.919558222591487,Medium,52.014586814339566
26,Male,USA,3.669323771229392,YouTube,1,News,13.924290037362509,1,7.303836958207316,Medium,29.17409602234452
27,Female,India,4.075659037328132,TikTok,3,Entertainment,33.24138707887437,1,7.973609250875934,Medium,19.552478410359782
25,Female,India,2.9037174766394718,TikTok,5,Socializing,28.41148449809985,0,8.595790546089447,Medium,40.76243920437109
18,Male,Canada,2.146084626143221,YouTube,4,Education,25.10834914902322,1,7.712017340116535,Low,42.99725501310063
19,Male,India,3.665289018929584,Instagram,1,Entertainment,38.41619208602359,1,6.63280619828956,Medium,47.50392050428239
14,Female,India,4.7706551959942285,Snapchat,5,Entertainment,33.36863458192792,1,7.156820272097072,Medium,33.59697320141136
13,Male,Germany,1.5209645904906162,YouTube,2,Socializing,12.745693150466511,1,8.716571711188838,Low,15.76537316131972
16,Male,USA,3.650207424796119,Twitter,5,Entertainment,44.311757100099925,1,7.641832948479129,Medium,32.48955193677047
26,Male,USA,1.2866177402643038,Twitter,1,Socializing,24.81139052336292,0,9.581252320461088,Low,33.600398294984615
27,Female,Brazil,6.396271761867919,YouTube,5,Socializing,25.76616747181037,1,4.633773002156217,High,47.10570062898335
26,Female,Brazil,3.221461425384542,YouTube,3,Entertainment,20.741274407146967,1,8.15322652421903,Medium,23.78535616786157
26,Female,Australia,4.110039807427578,Twitter,1,Socializing,29.194970601290656,0,6.302820993241292,Medium,47.479744401978536
25,Male,India,3.5295307150754898,Instagram,3,Socializing,5.0,1,6.944472774107569,Medium,43.12640656709706
15,Female,UK,2.126870548504228,YouTube,5,News,20.91009377450895,0,7.556699809015193,Low,62.888396144105954
22,Female,India,5.128489120202772,Twitter,4,Socializing,7.9832496578341505,1,4.937052258158659,High,29.605813755839225
25,Male,USA,2.515486967078324,TikTok,3,Education,21.39035444385548,1,6.610922278520003,Medium,75.71582278985446
23,Male,USA,2.6369673500506767,Snapchat,2,Entertainment,23.882264253622147,0,7.785348920653729,Medium,0.0
26,Male,UK,4.8955561761454405,Instagram,5,Socializing,9.388418737793462,1,6.830577169296671,Medium,64.63795938699405
26,Male,Australia,5.024666941026652,TikTok,2,Socializing,26.96588301317985,1,4.165748552512948,High,45.29145384576134
26,Male,Germany,3.7453691928627855,YouTube,3,Entertainment,36.89414263404924,1,7.263806258594755,Medium,71.79807818044351
15,Male,USA,2.81424901210741,Instagram,2,Entertainment,18.269824947182887,0,7.418874352601177,Medium,39.270583240713584
24,Male,UK,3.047651599624529,Instagram,5,Education,30.18675807651696,0,7.026817163892448,Medium,59.49239872143157
20,Female,Australia,2.7749505546888287,YouTube,4,Entertainment,25.822492966854675,0,7.938565528129507,Medium,59.44168788083464
13,Male,India,5.187239315854312,YouTube,2,Education,22.38739130655364,1,5.7640703754216736,High,78.52466041759943
20,Female,Canada,3.1777173588315377,Snapchat,2,Socializing,9.722882007600065,0,7.90403464464205,Medium,60.01383790185926
14,Male,Canada,3.854430649747196,YouTube,2,Entertainment,18.550828808197604,0,8.740107009127158,Medium,37.94337630986698
14,Female,UK,0.5,YouTube,5,Socializing,35.06298718171693,1,10.0,Low,17.89356138106247
22,Female,India,2.291802764509752,Snapchat,1,Socializing,27.48832972441032,0,8.399500770351198,Low,41.11584464313552
14,Female,Australia,3.44254267366108,TikTok,1,Entertainment,35.54504179520704,0,7.752773186576551,Medium,9.22860153689259
22,Male,India,1.6142979514022056,Snapchat,5,Education,18.23146165066661,0,7.00002374217038,Low,70.72059664191409
23,Male,India,5.032527230360968,YouTube,5,Entertainment,32.62095275322961,0,5.441406456301827,High,31.17317830195553
14,Male,Canada,2.7646532564678585,Instagram,5,Socializing,20.5510156813806,0,7.274238619844896,Medium,31.14885407038592
17,Female,Brazil,3.68192890134732,TikTok,2,Content Creation,27.05555934855329,1,6.423384050928744,Medium,24.727348982242223
13,Male,UK,3.047200590382782,Snapchat,4,Entertainment,19.32129863991597,1,7.07843989402035,Medium,13.639068286212948
19,Male,Australia,4.21628512572436,TikTok,2,News,23.084730302585136,0,6.155587508084411,Medium,74.84356432986169
21,Male,India,7.85396278182059,YouTube,2,Socializing,25.95474084938095,1,4.088957078342242,High,39.16031967849528
14,Female,Germany,4.407466657427221,Instagram,3,Socializing,32.19950235414864,1,6.205188688439496,Medium,18.7936511198658
14,Female,Brazil,2.722136943173694,TikTok,3,Socializing,29.66979962314676,1,6.2924377678442,Medium,50.68909586667794
19,Other,USA,3.4870593140610087,YouTube,4,Education,30.14076044719168,1,7.875561104758203,Medium,43.17086347686652
24,Male,UK,4.28102140174536,Instagram,3,Education,24.07424232436613,1,6.570404773852368,Medium,20.600334166519733
21,Male,India,5.749932950649541,Instagram,4,Socializing,27.975942663295108,1,5.752218071981703,High,60.70356316797219
22,Male,USA,4.682329791307728,TikTok,2,Socializing,26.0286866457465,0,6.355502995244402,Medium,2.784409821636011
17,Female,India,5.063117496657713,Instagram,2,News,28.052000286765207,0,6.660328772043618,High,78.84385220309628
17,Female,Canada,2.331103065653505,YouTube,3,Entertainment,29.64297361000152,1,8.790553809096252,Low,60.75994007884431
27,Female,India,5.123568912848132,Snapchat,3,Entertainment,12.3440406810173,1,7.593421777602533,High,22.768679683719157
23,Female,USA,2.1837486185049872,Snapchat,1,Socializing,24.58001715319156,0,7.399857837728234,Low,18.65924358214604
20,Male,UK,2.6890544266178464,Instagram,4,Socializing,19.20624537119601,1,7.8610549784130015,Medium,30.21008085154059
17,Male,USA,5.570288085211452,Instagram,4,Entertainment,17.122171578844558,1,4.491308824783721,High,45.44324956312389
19,Male,Germany,3.3076489017860613,Instagram,4,Entertainment,32.741337614781145,0,7.667450912399455,Medium,38.90110072155354
13,Male,USA,2.8881443735142587,Instagram,5,Entertainment,32.06001426032405,0,7.049993196731169,Medium,17.63169282096395
26,Male,India,5.155714753098902,YouTube,3,Education,27.40530156008736,0,5.5361837090916985,High,13.146375262344424
18,Female,India,1.568716328710703,Instagram,3,Socializing,22.939633463160646,1,9.98443879823733,Low,40.94261459332829
26,Male,UK,2.5846831055463304,Snapchat,5,Entertainment,44.41134456363528,1,6.970164433595493,Medium,19.40858888859001
20,Male,India,4.2746106357638425,Instagram,4,News,13.531630390304194,0,6.121081071022009,Medium,47.76576637025765
20,Female,Australia,1.5891392538623474,TikTok,3,Entertainment,5.0,0,8.916022573830134,Low,61.86240031447932
23,Other,Brazil,6.299745046315154,Twitter,3,Entertainment,26.212457996164535,1,6.572964033800634,High,31.108965965098477
21,Female,Canada,5.947529349401727,Instagram,2,Entertainment,42.31514504600216,0,4.824989464814604,High,29.737755059304668
13,Male,India,5.443101517469213,Snapchat,1,Entertainment,20.9308026432744,1,6.054246397804257,High,28.60634841832584
23,Male,Australia,3.9723429476666414,Instagram,1,Education,13.907451239992046,0,7.2853811071466,Medium,49.51181476748772
25,Male,Germany,6.074999712075602,Twitter,1,Entertainment,27.807234369637836,0,3.8451366447531794,High,35.11608776709736
17,Male,USA,2.636267201608605,YouTube,1,Socializing,19.517220070434657,1,9.941975141779864,Medium,42.813520636006814
14,Female,India,5.4868202487614095,Instagram,5,Education,33.72928303768457,1,5.405767545806762,High,79.11778941114065
22,Male,UK,3.767439380849403,Twitter,3,Content Creation,25.16616760955449,1,6.594333283159721,Medium,52.010796750222376
24,Male,USA,3.620221887100838,Instagram,5,Entertainment,15.966184538663704,1,7.02044386582855,Medium,36.99001036304274
15,Male,Australia,4.154274623565215,Instagram,5,Socializing,13.171186872508487,0,5.846641737478031,Medium,3.617156281157236
26,Female,Brazil,2.5638406655339523,Instagram,4,Entertainment,24.533682544746355,1,8.979972963187205,Medium,33.64853574626902
15,Male,USA,2.3059681979844298,Twitter,2,Education,24.73504963866504,0,7.714704540991224,Low,49.734995076736034
19,Male,USA,6.115475721537704,TikTok,2,Entertainment,19.91671362795504,1,4.766109047188637,High,25.9846887149038
14,Other,USA,5.519857861822182,TikTok,1,Socializing,25.80139729750328,1,6.574116270693674,High,58.44738019589693
21,Female,Germany,2.594403665222707,Instagram,3,Entertainment,8.691572086373611,1,7.1412812630540285,Medium,34.17350577908248
22,Female,USA,3.092968709823748,Instagram,5,Education,38.1370006378746,1,8.550984767062273,Medium,28.47214829254345
23,Male,UK,0.5,TikTok,5,Socializing,12.57416003362881,1,9.711013157594644,Low,80.34146631479652
14,Female,Australia,4.896860630962247,Twitter,5,Socializing,38.54651257269254,1,6.142457256317419,Medium,46.49803443293939
13,Male,Brazil,3.316069268851327,YouTube,1,News,23.6790244020333,1,8.061813516005948,Medium,87.97989753702737
22,Female,India,3.244795485578733,YouTube,3,Entertainment,5.0,0,6.511400337001881,Medium,17.16126065620992
25,Male,India,3.3187336171220685,YouTube,1,Socializing,34.40964752745594,1,7.024288331597098,Medium,59.99864925879416
24,Female,Australia,4.761504131481971,Instagram,4,Education,27.378600378550253,1,5.375941021782024,Medium,32.398904546893775
22,Female,India,5.164697233988637,Instagram,5,Socializing,24.519997615399397,0,5.607594258251369,High,59.13851926230265
25,Male,Canada,4.160307615342031,YouTube,1,Socializing,40.44647188591145,1,8.672757528008184,Medium,38.01215032020066
24,Female,USA,3.785216916560836,TikTok,5,Socializing,35.96044167720448,1,6.402448544928436,Medium,36.44926469655756
15,Female,USA,3.289089932031029,YouTube,5,Content Creation,23.672756641007773,0,7.889915361586806,Medium,31.727962082263748
15,Male,Germany,2.077539665724093,Instagram,5,Entertainment,22.846621325690133,0,8.176840274353378,Low,6.4222511246052605
13,Male,UK,5.907915087824923,Twitter,1,Socializing,14.759644392733282,0,5.663532793038914,High,22.002337831176572
14,Female,Germany,1.6196718920904276,Instagram,5,Education,55.84802632123086,0,8.874591808920869,Low,23.869436949131757
19,Male,Germany,4.893769437428878,TikTok,5,Socializing,27.83726726866228,0,8.020455942703533,Medium,43.19913097094407
22,Male,India,3.317048883693964,Instagram,1,Socializing,19.790892670261755,1,8.760955656043464,Medium,33.99768468765879
13,Female,Germany,6.05530028302787,Snapchat,2,Socializing,27.57645471874316,0,4.887236353420174,High,42.21786537577521
23,Male,India,2.4545172564360285,Instagram,2,Entertainment,21.06735734369857,1,6.812358901401316,Low,55.304710197693495
15,Female,Brazil,3.069637640752128,Instagram,2,Content Creation,23.853240884552875,1,6.682580287096913,Medium,43.308237684799465
14,Male,India,4.817017846826683,Snapchat,5,Entertainment,14.580654844902185,1,6.968640182339029,Medium,77.40131274208171
22,Female,Canada,0.7100864699858667,TikTok,2,Entertainment,17.059768234591594,0,10.0,Low,33.301774465840744
17,Male,Canada,5.907683463943724,Instagram,5,Entertainment,34.504075983114575,0,4.275955982816942,High,46.71398189999791
18,Male,India,3.807843335517076,Twitter,2,Socializing,18.51691102256003,1,7.123471381063765,Medium,56.89770091840103
19,Male,USA,4.761082494471767,YouTube,2,Education,8.116409886015148,1,5.848515800120044,Medium,18.150010236848296
24,Female,India,5.4010287004130895,TikTok,2,Entertainment,5.478816219826193,1,5.517933677151634,High,54.24603654050619
26,Male,Germany,5.190892310241694,TikTok,1,Entertainment,18.420654191040175,1,4.893066612342007,High,11.693457206788109
27,Male,Canada,1.9095573134718185,Instagram,3,Entertainment,10.42106896340761,0,8.544821892293168,Low,21.291948533279527
18,Female,UK,2.5090260067275776,Instagram,5,Education,22.790982779747814,1,7.657813034359195,Medium,33.99214011997864
27,Female,USA,5.15753680413303,TikTok,1,Education,25.277068677896946,0,7.40918732269077,High,44.91850164514514
23,Female,USA,3.6134982466151295,Twitter,5,Entertainment,27.333970780486613,1,8.453075343518387,Medium,31.099795474518334
19,Female,India,0.5,Instagram,1,Socializing,29.555396341256536,1,9.742608122735431,Low,33.55755349974859
21,Female,India,4.143398892379036,YouTube,1,News,33.0543674661268,0,5.244728121007016,Medium,42.98011358816251
27,Male,Germany,2.3554693925775605,Instagram,3,Entertainment,7.935234713374658,0,7.992745451752665,Low,44.815438417027295
22,Male,India,2.3733268234403697,TikTok,1,Education,25.279277533738657,1,7.86132266525976,Low,36.3127413476079
24,Female,Canada,3.6427661373459417,TikTok,3,News,23.282903090775367,1,6.202492213932707,Medium,64.14286556661848
13,Male,UK,4.861408731169869,Instagram,4,Content Creation,25.2170554858949,1,5.847601041525279,Medium,67.29243717267401
22,Male,Canada,3.279002680137471,Twitter,4,Socializing,27.598261594301963,0,8.10009706205838,Medium,56.12337059961608
15,Female,Brazil,1.9771683956501809,Instagram,2,Entertainment,29.88691383925972,1,7.038833393601786,Low,35.28598318812231
16,Male,UK,6.945396204884137,Twitter,2,Socializing,28.701367942655214,0,4.590319736753695,High,42.64462821676079
22,Male,Germany,2.833905755770649,Instagram,3,Entertainment,16.0639255411614,1,8.090548814425281,Medium,51.36093186607507
14,Female,UK,4.786705697231175,Instagram,1,Socializing,28.284006365540268,1,4.645871823930589,Medium,42.00029534720554
26,Female,India,2.4994609158501846,Twitter,4,News,60.98304673279203,1,10.0,Low,56.30596296749616
15,Female,USA,0.5,YouTube,3,Content Creation,24.908557557252376,0,10.0,Low,39.22849239557495
15,Male,UK,2.868549350852766,YouTube,3,Entertainment,18.98498787570713,1,7.789596555843621,Medium,12.736517745189325
20,Male,UK,1.3832282244188852,YouTube,1,News,20.67809186365103,0,8.88433855474967,Low,7.374017921425569
17,Female,Germany,2.3110328206711843,Snapchat,5,Entertainment,28.24274007709928,0,9.097605361056235,Low,22.580488722519902
26,Male,Australia,4.674899297258444,YouTube,1,Socializing,20.10544501659711,0,6.707087841672405,Medium,53.21499977549564
19,Male,Australia,3.502477900677831,TikTok,4,Entertainment,33.67292767413245,0,6.533810389951911,Medium,40.923266638544
27,Female,India,5.004928146711695,YouTube,4,Socializing,31.49032019448419,0,5.140017888611138,High,0.0
27,Female,India,3.0395672395033744,Instagram,2,Education,27.166118925143184,1,5.811222696316892,Medium,61.25436200669426
14,Male,USA,1.6704013593684488,TikTok,2,Entertainment,42.77754871911272,0,9.614659891867188,Low,52.34171411203704
19,Female,Germany,4.614651148088878,Twitter,4,Entertainment,21.33207260902757,1,8.844212038365358,Medium,50.717831393810016
15,Male,Canada,2.3659036719836037,Snapchat,3,Entertainment,34.37296738471319,0,8.289367399192647,Low,33.513697157346904
27,Female,Germany,3.818826597293545,Twitter,1,Entertainment,30.55225221653232,1,7.182533880730942,Medium,0.0
20,Female,Germany,6.519952720953779,Snapchat,2,Education,33.37123186666587,0,5.709437600197787,High,26.87420839936032
23,Female,USA,3.739839326267018,Instagram,1,Entertainment,41.20874898392937,1,9.223878716756053,Medium,38.28288290757558
24,Female,India,0.5,Instagram,3,Socializing,26.343827253567625,1,10.0,Low,41.80819322562047
24,Female,UK,4.768138793400677,Instagram,1,Entertainment,5.538566067845451,0,6.513544000191647,Medium,65.21029456612163
17,Male,Brazil,2.750005960885325,TikTok,4,Socializing,39.208911039563695,1,7.2733378674339315,Medium,66.77947124660581
15,Male,Brazil,2.085480194183305,YouTube,5,Education,31.884884547398205,1,8.6564465729941,Low,27.04171559996387
22,Female,Australia,4.389938375538248,TikTok,5,Education,29.444177345601773,1,6.740399173787555,Medium,71.89886364939008
25,Male,Canada,3.170413843399149,Snapchat,3,Socializing,22.584025630545614,1,7.742356874182331,Medium,38.21739965638754
24,Male,UK,2.8811273600723277,Instagram,1,News,15.028878277218276,1,5.5773328878770805,Medium,49.54488772354065
23,Female,India,3.5546572231723106,TikTok,3,Education,21.812791899369955,1,7.536188278770698,Medium,40.05489849092806
18,Male,India,3.30371345197244,Snapchat,1,Education,25.69573543354807,1,8.662952995586505,Medium,26.28012203909028
25,Female,India,4.098820799825448,YouTube,4,Education,23.943664265710115,0,5.542458267873527,Medium,44.44003455954136
22,Female,India,0.730463070493097,Twitter,1,Socializing,13.805888161644791,1,7.35024657903497,Low,28.90136972650828
24,Female,USA,4.542327488531459,Instagram,1,Entertainment,18.91788370021268,1,7.1138315987544445,Medium,51.7214285490633
19,Female,India,3.577795933276449,Twitter,3,News,6.21096266425949,1,7.057128191852975,Medium,52.71783552110541
18,Other,Canada,1.4027791600530422,YouTube,5,Education,32.802123197537945,0,8.503084646087144,Low,15.336626325742358
20,Female,India,1.669793954838883,Instagram,1,Entertainment,55.07941316366127,0,9.354058325141647,Low,67.28993929209355
26,Female,India,2.400843261552564,YouTube,3,Entertainment,14.326541191343823,0,9.685868262627816,Low,0.0
13,Male,Germany,2.5791871463371674,YouTube,2,Entertainment,42.84033528871908,1,10.0,Medium,38.14956907533119
23,Male,India,4.19862684887591,YouTube,5,News,9.564829857370682,0,7.137262821966315,Medium,34.209162159827144
19,Female,India,6.841859442193146,Twitter,4,News,52.07034673887715,1,3.693533504032765,High,15.190316975229749
23,Male,Canada,3.723254591348775,YouTube,3,Entertainment,14.422719189108776,0,6.559187156406103,Medium,55.57812171458959
16,Male,India,4.518757672105076,Instagram,1,Socializing,29.222576378990603,0,5.765880292647961,Medium,46.11913370884976
25,Male,India,1.8929717289968704,Instagram,3,Entertainment,21.879749754779283,1,7.960102865910697,Low,93.85375611134624
22,Male,USA,1.012968140116126,YouTube,1,Socializing,13.996842284259536,0,8.016810716636778,Low,14.186784946630798
13,Male,UK,6.63419498334136,Instagram,1,Entertainment,24.977139861405316,1,3.969718854747613,High,42.00997309315572
23,Other,India,6.022635498665537,TikTok,5,Entertainment,28.553737410881247,0,6.996284031109809,High,56.27337773606446
18,Male,India,2.95218868003158,YouTube,1,Socializing,14.67524190801445,0,7.361715376434991,Medium,48.67735117336012
22,Other,USA,3.888424180654538,Instagram,4,Socializing,18.340314340717462,0,5.767094122734755,Medium,6.913033705675723
19,Female,Brazil,4.553915983659701,YouTube,3,Entertainment,18.774883011899764,0,7.6873762019740735,Medium,51.25196463768802
17,Female,India,3.605432475521977,TikTok,2,Socializing,19.43783936707545,0,6.702169006514426,Medium,31.994029528850344
14,Female,India,4.234338790730731,Snapchat,1,Education,17.094056286765134,1,7.228946597852206,Medium,42.069022652131416
20,Male,USA,1.620489059867665,YouTube,3,Entertainment,39.4145718243267,1,7.934675012458308,Low,51.14204473003723
15,Male,India,5.690911726452232,Instagram,3,Education,5.0,0,5.3064058214465,High,62.53775116811772
26,Male,UK,2.8875121770225536,Instagram,4,Education,16.46317016503641,1,6.918886534598123,Medium,62.82913396017821
17,Male,India,3.357592009734826,Instagram,1,Socializing,29.00035072104744,0,7.643173326768677,Medium,34.44354875211904
23,Male,USA,5.864033524476651,Instagram,5,Education,30.440511569723316,0,5.182912845497957,High,31.60649567361509
16,Female,India,4.047874855006896,TikTok,1,Socializing,22.4242997516642,0,8.64580248206043,Medium,52.93367332199958
27,Female,India,3.885943293811791,Instagram,1,Education,37.57647455555757,0,6.859159048254371,Medium,24.52527469093215
19,Male,India,1.621968720520952,Instagram,2,Education,27.58735599075476,0,8.33744537672162,Low,31.044572917754596
20,Female,Canada,4.119123189398097,TikTok,3,Education,24.44016585327513,1,6.170484943196621,Medium,36.1668452752072
24,Female,Brazil,2.323739645730649,YouTube,3,Entertainment,18.084915717805536,1,7.20596033478826,Low,56.26356136170193
15,Male,UK,3.1625068734188586,TikTok,1,Socializing,31.024937909573048,1,8.326015807543648,Medium,45.55073056566523
26,Male,India,4.383911258028235,Instagram,3,Education,29.17680082650558,0,6.933478623828515,Medium,49.82655734859757
18,Male,Australia,1.4056538530040927,Instagram,1,Entertainment,15.77223986022186,0,8.907484451308171,Low,48.03707241132682
18,Female,Canada,4.052819729328808,Instagram,2,Entertainment,22.82309258357699,0,6.857365083084914,Medium,38.513725111798514
27,Female,UK,4.371649488306256,YouTube,4,Socializing,21.03156103381521,1,7.479445530599791,Medium,11.55170128272578
18,Female,India,5.1089086302750415,Snapchat,1,Education,40.65569327427755,0,6.521938123652273,High,28.456089343729943
20,Other,Canada,2.676335382424381,Instagram,2,Education,19.155298658303963,1,7.742400614414987,Medium,22.563498564926103
13,Female,Canada,4.788305005859988,YouTube,4,Education,5.0,1,5.253180714523644,Medium,33.823339657870115
18,Male,USA,1.6551742585693732,Snapchat,2,Entertainment,27.328030364112763,1,7.106588155163388,Low,50.67954791041512
27,Male,Germany,2.9773862857248594,TikTok,3,Socializing,39.37855535140546,0,7.773657595500567,Medium,36.5902218633393
24,Female,India,2.787884741701695,Snapchat,1,Entertainment,25.769545852705257,1,7.643105094069627,Medium,22.09256529751221
17,Male,India,3.22791222445793,Twitter,3,News,21.2544424805211,1,7.461899682994651,Medium,48.308049138877166
27,Male,India,2.483998500747081,TikTok,1,Entertainment,30.380129718239388,0,7.8069872002979634,Low,75.52084718900024
21,Other,USA,2.173922050522392,Snapchat,3,Entertainment,17.473147706851826,1,8.700225080316507,Low,26.303816870607022
25,Female,USA,5.959766417447231,Twitter,4,Entertainment,20.577915443095986,0,4.815740661273115,High,21.844068436813345
24,Female,Australia,3.7592640230181855,Instagram,3,Education,34.40407732578064,0,6.259906090215413,Medium,34.385071219503075
20,Female,India,2.9368335649138686,TikTok,1,Socializing,24.630626952219703,1,7.324051955749068,Medium,64.9229074103469
14,Female,India,2.3143834516398805,YouTube,4,Education,39.952962757360126,1,8.722961867916283,Low,36.11063828705837
27,Other,Canada,4.00573418036247,Instagram,5,Education,30.506842001625976,1,6.248928807484865,Medium,0.0
18,Female,UK,2.970669760312423,TikTok,5,Socializing,35.794514256092995,1,8.388450840691105,Medium,48.02603438487331
15,Male,UK,2.9234327776722395,TikTok,3,Entertainment,31.74213499538729,1,6.842664240678657,Medium,66.83297116284442
27,Male,India,3.975768968966014,YouTube,4,Content Creation,12.717635086922572,0,8.145902810289114,Medium,43.10306821011399
26,Female,Canada,3.1134800159898552,Snapchat,3,Entertainment,13.339402389222952,1,7.432287355138079,Medium,49.41433541101914
21,Male,India,1.2136034855277096,TikTok,3,Entertainment,27.65744538067017,1,8.305383751630488,Low,51.44538046760182
21,Male,USA,3.7013474620042666,Instagram,3,Socializing,37.62392864539939,1,7.43037409257366,Medium,26.59295441508809
22,Other,Canada,1.3119805348989098,YouTube,2,Entertainment,36.19541546678283,0,8.136038740352054,Low,45.86353076373649
20,Male,USA,5.414100347611242,Instagram,4,Entertainment,44.01262080164459,0,6.065595117016168,High,27.97719937942447
27,Female,UK,3.743437444670555,Instagram,4,Entertainment,35.53115188195001,0,7.204516485410851,Medium,41.095500627822446
16,Male,India,3.243612033023489,TikTok,2,Socializing,31.370450257902792,1,6.655192390490365,Medium,37.52693052924688
18,Female,India,2.4666896917336243,TikTok,5,Entertainment,16.781756326580712,0,7.749611519454653,Low,55.67569513744448
24,Female,India,3.1046934010422547,TikTok,1,Socializing,15.268365241554951,0,9.114827263426974,Medium,43.56271948898325
15,Male,Brazil,3.569259251234988,YouTube,1,Entertainment,28.097489938046994,1,7.642762772470506,Medium,47.49152199147637
27,Male,USA,1.757512806479414,YouTube,5,News,23.78209776195528,0,7.552579666092845,Low,5.289055329020073
27,Female,Brazil,5.709890925422743,Twitter,2,Socializing,31.629058808534104,0,6.082106010808448,High,80.29567795082804
23,Male,USA,4.357495474259132,TikTok,2,Socializing,45.73873436642064,1,6.694051025651143,Medium,41.44003534562793
27,Female,Brazil,5.3897710862461015,Instagram,3,Socializing,26.19756637775804,0,4.830691826332995,High,60.85868451134064
13,Female,India,4.840740671009266,Instagram,3,Entertainment,22.676294109570968,1,5.835656778076513,Medium,49.73965332882796
18,Male,USA,3.4756034243039573,Snapchat,1,Education,30.603612753201308,0,7.434398916728325,Medium,60.956452060072806
21,Male,Australia,6.233050765756075,YouTube,4,Education,25.14856946610928,1,4.726468689703999,High,0.0
18,Female,UK,1.967270064055556,Instagram,2,Entertainment,25.09320069667348,0,10.0,Low,53.23537940680083
27,Female,USA,6.1175707059695865,TikTok,2,News,40.97495206953833,1,3.934062796493462,High,31.63140856021355
26,Female,UK,0.6068470649750268,Instagram,2,Entertainment,47.42475656724325,0,9.211431610524537,Low,28.449534339242568
27,Male,India,3.495892601625803,TikTok,3,Education,22.26377308252232,1,8.188559745860022,Medium,38.429789453710086
27,Female,UK,3.619578556763338,Instagram,4,Education,29.695051089921392,1,7.329348931824558,Medium,22.434386636600745
19,Male,UK,4.331740697328347,Instagram,5,Entertainment,25.78723178672794,0,6.048904240002445,Medium,11.006828875777511
17,Male,USA,5.391392234638204,YouTube,3,Entertainment,13.227268434329936,1,6.381704711546705,High,53.73702681701194
14,Other,Canada,3.9500009964921774,TikTok,1,Entertainment,12.828759453484407,1,6.905189061899685,Medium,26.72496128386241
22,Male,Germany,1.838150457124684,TikTok,5,Entertainment,30.39406327992345,1,9.396986734583196,Low,30.10945595361887
23,Female,UK,1.9285521016184948,YouTube,2,Entertainment,16.068157677895176,1,9.284585844243152,Low,47.89202487225626
17,Female,India,4.989829996408142,Instagram,1,Socializing,29.92792328992596,0,6.407798244459538,Medium,17.418161812074015
13,Male,Brazil,4.462404217441986,YouTube,5,Socializing,22.844452226812532,1,6.22489686406534,Medium,32.71452717060133
23,Female,India,4.524111679034351,Instagram,5,Entertainment,38.31980918059288,0,7.111804567868981,Medium,4.479749659789498
24,Female,India,1.6640714262607976,YouTube,1,News,33.68959893169155,0,8.585681883114459,Low,37.00774748179949
16,Female,India,4.83027761575406,TikTok,2,Entertainment,35.59152778652789,1,6.024494173207017,Medium,59.06249335192639
26,Male,India,3.899787931387743,Instagram,4,Socializing,22.03926230599589,0,7.03159379382251,Medium,63.53084060682861
17,Male,Germany,5.815189766899859,Snapchat,5,Socializing,34.326920943288215,0,5.07110419731125,High,46.427716944615895
18,Female,USA,3.5346969231671714,Instagram,1,Education,18.69791972980441,0,9.094134961701892,Medium,57.0139397042567
24,Male,USA,3.602942078374041,TikTok,5,Socializing,25.5293638611183,0,7.351489402861381,Medium,30.9080612020339
25,Male,India,3.2140882672764297,YouTube,4,News,46.91882327854978,0,9.197263582710349,Medium,0.0
20,Female,Canada,2.248136592627273,Instagram,2,Entertainment,19.47134309585474,1,8.322354664383024,Low,63.13738201851535
24,Female,UK,5.035113434703795,TikTok,5,Entertainment,21.56838322283465,1,6.817517771587924,High,47.620774637019466
26,Female,USA,2.6149009171910103,TikTok,3,Entertainment,21.872291906978063,1,7.693120542041398,Medium,51.403085652337865
18,Male,UK,0.9916357195565948,Twitter,1,Socializing,44.14898400829704,0,6.969961393163679,Low,33.84200572248915
16,Female,Australia,6.068566948702828,YouTube,5,Socializing,23.725883280554942,1,5.406998890489799,High,27.67519629267148
13,Male,Germany,4.070660206134824,YouTube,4,Socializing,34.960756834129896,1,7.550957068414553,Medium,55.12767029715417
21,Female,Canada,4.150557988488753,YouTube,5,Entertainment,20.33255021418429,1,7.066268745736166,Medium,68.2354351804498
25,Male,India,0.5,Snapchat,2,Entertainment,28.116709912677194,1,10.0,Low,37.1447064042127
18,Female,India,3.779861949236943,YouTube,3,Socializing,31.294180121422865,1,7.636939202108294,Medium,6.57759007069167
24,Male,USA,2.643683866085472,YouTube,3,Socializing,26.800141687285087,1,8.68918445680828,Medium,38.34014110882372
13,Female,Canada,5.463603607702781,TikTok,3,Entertainment,30.692511409819915,1,5.288545707875669,High,12.381973751598814
17,Male,Australia,2.011783186089501,Snapchat,4,Entertainment,28.335835504749987,0,7.910787443572124,Low,41.684490141518246
17,Female,India,2.865872402677496,Instagram,2,Entertainment,13.970679954505384,1,9.203927169457858,Medium,43.53102230594609
14,Female,USA,2.915740142121773,Instagram,4,Entertainment,23.114381723218216,0,8.57158940595741,Medium,23.95021387104412
15,Male,USA,7.087338991555596,Instagram,4,Socializing,23.696009421791643,0,3.86953758423332,High,14.35359212634626
23,Female,Germany,2.609065852525407,YouTube,4,Education,44.54216505644506,1,8.581220344802345,Medium,0.0
18,Male,India,4.155378830730284,Instagram,4,Entertainment,10.416062981607562,1,7.722622908804793,Medium,64.4525989549476
17,Male,India,4.018797391209647,Instagram,3,Entertainment,5.0,0,6.746611858129008,Medium,0.0
20,Male,Brazil,1.8422339123816285,TikTok,3,Education,30.518191879989534,0,7.925806169922007,Low,56.58186909185318
17,Male,India,2.641633068689167,Twitter,1,Content Creation,18.99039258152376,1,4.680428557739253,Medium,49.890166116486256
21,Female,USA,0.5,Twitter,1,Entertainment,22.264103768450056,1,8.265928444266892,Low,60.60051031170626
24,Male,Brazil,4.1326451142624245,TikTok,2,Socializing,28.239250260327594,1,7.535632072707311,Medium,40.20904656609432
22,Male,Australia,2.0794661948291684,YouTube,2,Education,39.1197868637895,0,8.695979744256011,Low,14.787871407120557
19,Female,Germany,2.4605414877035967,TikTok,4,Education,5.0,1,9.1306870009973,Low,24.55301143320516
26,Male,Canada,3.585505228122829,TikTok,3,Entertainment,32.80006301270639,1,6.426002369122579,Medium,81.13941925865429
13,Female,India,2.458491402528764,Instagram,2,Entertainment,22.958023257069087,0,6.818409205981854,Low,36.14165425970862
20,Male,UK,4.08373512733629,TikTok,2,Entertainment,23.666448170166017,1,8.128605152052456,Medium,46.81073368993344
15,Male,Canada,6.688632346254507,Instagram,5,Entertainment,18.19411429313222,0,4.490541130365032,High,52.92982188071778
15,Male,USA,4.120464112760447,TikTok,4,Socializing,12.440614968695629,1,6.631842490712986,Medium,43.38946548545285
26,Male,Canada,3.318063178202646,YouTube,5,News,36.187374153503775,0,6.298326734162789,Medium,7.693977390112046
15,Female,India,3.898449176723873,Twitter,4,Education,33.148938399705656,1,7.55305486708336,Medium,31.75582122953717
21,Female,India,0.6810678024493462,TikTok,2,Entertainment,20.5651099604225,0,9.315301861671442,Low,40.56650516373615
20,Female,USA,4.612408914904345,Snapchat,3,Education,16.33590362068239,1,6.510152705064578,Medium,41.84197086922143
23,Female,Brazil,4.401094291166574,YouTube,3,Entertainment,26.54549039951532,0,5.113783446102291,Medium,63.75873484490575
14,Female,Australia,6.326563502467218,Instagram,5,Entertainment,31.15763287243032,0,4.495348299505303,High,46.734206933221934
15,Female,USA,2.429931089316125,Snapchat,3,Socializing,26.906704283284125,0,7.322139137298508,Low,64.73101848306153
13,Male,Australia,4.880490425139198,YouTube,3,Education,27.122044631963337,1,5.538523360062439,Medium,29.53559046298268
21,Male,Germany,5.797836704461982,YouTube,5,News,32.64442472984954,1,6.008154291868959,High,59.45669771729983
16,Female,Germany,3.7346770356001895,Instagram,5,Entertainment,22.31493912800613,1,7.302242875532138,Medium,24.49575153284777
18,Male,Germany,4.128984129313737,YouTube,2,Education,17.125094199226908,1,8.492213528365037,Medium,34.538703303866015
25,Male,India,4.7951574264564805,YouTube,5,Entertainment,19.39500664322702,1,6.933683774506696,Medium,18.856960830912328
15,Male,India,0.7564325027841123,Instagram,2,Socializing,20.025777008925523,0,10.0,Low,49.82354007873693
16,Female,USA,5.584435145807243,Instagram,2,Education,23.15328901240685,1,6.157913881582719,High,43.57904874390322
21,Female,UK,2.968211838456184,Twitter,4,Socializing,22.804879467684906,1,6.972829000861088,Medium,54.788430503606165
17,Female,Germany,3.752176613024816,Instagram,5,Socializing,35.10447707643796,1,6.110838093266162,Medium,22.085676077353405
23,Male,India,3.626531760745807,YouTube,5,Entertainment,12.876720568589546,1,6.8236637888351925,Medium,82.7738690214868
15,Male,India,5.041174691672834,Instagram,5,Socializing,39.50440622983408,1,7.0680698857776,High,39.29566016290059
19,Male,USA,5.173743962850372,YouTube,1,Entertainment,34.99470647796008,1,5.811191185444633,High,61.7603641862769
20,Female,India,3.1350503256098903,TikTok,4,Entertainment,16.447513401596023,1,8.235286867977686,Medium,23.635140438124896
26,Male,India,2.768484505290288,YouTube,3,Entertainment,15.569174126847606,0,7.513728320621069,Medium,33.598981263706044
27,Female,India,2.9651239295631884,TikTok,4,Education,29.095438754981384,0,10.0,Medium,33.57568184786438
14,Female,India,2.489513074172713,TikTok,2,Entertainment,27.548806715692063,0,6.454325700670969,Low,54.29025714135419
26,Female,India,3.719228608155421,Snapchat,3,Socializing,22.720110739997374,1,5.831074856135719,Medium,50.19940292448818
24,Female,Canada,3.364476473977009,Instagram,4,News,30.156760964250065,1,6.389495428406441,Medium,30.02066642978497
21,Male,Germany,1.210625445877648,Snapchat,2,Entertainment,39.14143675849533,1,9.036259699655062,Low,48.59480396799148
17,Other,Canada,3.3260768506809644,TikTok,1,Entertainment,31.566583954358588,1,6.194075079393406,Medium,58.2374715400652
14,Male,Canada,1.9287743455443296,Twitter,3,Socializing,30.01805585388609,0,7.846637733628823,Low,38.680314040092114
24,Female,USA,3.751566165882664,Snapchat,5,Entertainment,25.119119383411448,0,7.083056923751235,Medium,35.37221136677832
19,Male,USA,3.8959537113584983,TikTok,5,Socializing,51.082276547450384,1,6.328166865303518,Medium,53.88375089749785
19,Male,Canada,3.855562239299931,TikTok,3,Education,22.125112893605223,0,5.53504661287117,Medium,30.03866746423408
25,Male,USA,0.6946703115186503,YouTube,2,Education,24.7593247425542,1,9.077450656780831,Low,52.946249479478006
24,Female,India,4.390604142390804,YouTube,1,Entertainment,16.09894128283183,1,5.703241924646342,Medium,29.73006780386071
23,Male,Canada,1.7704351388626896,Instagram,1,Content Creation,19.41901652394849,0,9.120238688652693,Low,37.379153580285205
24,Female,India,4.4357033500899865,Snapchat,2,Education,16.105849328202517,1,6.637888952939311,Medium,24.633403757224254
23,Female,USA,2.5768875486116114,TikTok,3,Socializing,21.04270686359066,0,8.824841434484542,Medium,31.23580334935389
25,Male,India,5.604283721980405,TikTok,5,News,24.50342647373747,1,5.828019336473576,High,22.163877838792967
19,Male,Australia,3.421034922297175,Snapchat,5,Entertainment,6.795780084063342,1,8.316357181810853,Medium,27.658189463462016
15,Male,Canada,5.219094876911713,YouTube,4,Education,28.14781360076331,1,4.6962695859928685,High,18.658602351364408
17,Male,Canada,2.0166952220642926,Snapchat,2,Education,15.459617224949966,0,7.817394027176967,Low,45.56193077633826
20,Female,India,1.6993337352918298,TikTok,4,Entertainment,21.82932170363037,0,9.245264310991145,Low,55.76107252684908
25,Female,UK,3.1411430568743754,YouTube,4,Socializing,33.72002134572005,1,7.1491530952912585,Medium,34.577216095046786
24,Female,India,4.892857982023793,YouTube,1,News,45.13759809252778,0,6.123197979076365,Medium,67.22779485724834
13,Male,India,5.057116399578776,YouTube,4,News,20.43516865831351,1,5.943153403857751,High,44.928435030861024
22,Other,USA,5.135160075540481,Instagram,2,Education,26.787353819835214,0,7.783325505890181,High,0.0
20,Female,Germany,3.747998852817094,Instagram,1,News,22.98453625183051,0,5.964302699946222,Medium,73.98193444624292
17,Male,Brazil,3.071011266730571,Snapchat,1,News,10.6145754826737,0,5.799721128740771,Medium,51.52595923901556
19,Male,Germany,3.584910737619148,TikTok,1,Socializing,16.498587175562214,0,6.030305323036366,Medium,45.99755147709472
25,Female,India,3.214890438692329,Instagram,4,Education,11.910907280853912,1,6.453010563417505,Medium,73.29275337432168
26,Male,Germany,3.468730209075169,TikTok,2,Entertainment,21.843200728863195,0,6.608139155439703,Medium,40.197979366894224
15,Male,India,5.0274801687042805,YouTube,3,Education,30.597510106067045,1,5.453006507536963,High,51.02422197290885
23,Female,India,5.242911827909043,TikTok,2,Content Creation,28.89069920320368,1,7.216819663506545,High,16.347924192050783
22,Female,India,3.753170802640653,Instagram,5,Education,23.71195279295508,0,6.531168525078281,Medium,17.196937522940672
17,Female,Germany,3.711186159970609,Instagram,4,Entertainment,31.29637290844647,1,8.889731528643653,Medium,51.67961268252133
15,Male,India,2.4992107394082512,Instagram,1,Entertainment,22.506818570557066,1,8.213039550312779,Low,62.79221460730952
15,Female,India,3.826212859367372,TikTok,3,Socializing,17.018048077528285,1,6.836630143883056,Medium,53.8275170215756
27,Female,UK,1.3079602374107702,Twitter,4,Entertainment,39.54020920400082,1,9.961981770896406,Low,30.628268367769586
15,Female,UK,5.473977883330459,YouTube,3,Socializing,32.25101666228585,0,5.901185746309795,High,0.0
18,Other,USA,4.591306540440489,TikTok,1,Entertainment,31.99445680586707,1,5.196145418422046,Medium,23.37381152800124
19,Male,Brazil,3.282640426065832,Twitter,2,Content Creation,27.645194248558425,1,6.774367800941459,Medium,61.84569525450678
18,Male,Germany,4.162150540295128,YouTube,3,News,16.632633438643925,1,5.985110679430676,Medium,58.27309595288524
24,Male,Australia,3.2049928048649425,YouTube,5,Socializing,9.005762941702216,1,7.57019386725832,Medium,75.14802766827778
20,Female,Australia,4.224968849856769,YouTube,2,Entertainment,33.26315602438713,0,7.098248330202187,Medium,25.133193314881822
22,Male,USA,2.3806569017735253,TikTok,5,Education,12.57081302341746,1,8.380217633992183,Low,37.24991553219398
23,Female,India,4.970530925021406,Instagram,4,Education,31.1392820390553,1,7.037699601750088,Medium,22.1262322061132
19,Female,India,4.266871289210032,Instagram,4,News,24.59329174423568,1,6.427171174915423,Medium,96.93231823216313
16,Female,Canada,4.449395257687577,Instagram,5,Socializing,25.20927322815545,1,6.665897879227325,Medium,41.96811100225132
16,Male,Germany,1.5167324860442144,YouTube,2,News,24.88644085829457,1,7.95493672023589,Low,13.07253583219916
16,Male,India,6.272635474485039,TikTok,5,News,17.26553166304219,0,5.707241138382806,High,28.979900810942656
15,Male,Germany,5.236851140477732,YouTube,4,Content Creation,34.26991394679206,1,5.043982046296066,High,33.912666727664885
17,Male,USA,1.646948936595196,Instagram,3,Entertainment,34.109567546404016,1,9.046796098282192,Low,56.63990188002336
15,Female,India,4.723165580859599,Instagram,1,Education,28.33912650040442,0,8.524821278059765,Medium,11.068358056592231
17,Female,India,4.381203016263387,Instagram,2,Entertainment,28.262633370817213,1,5.849659993780958,Medium,10.346357228080514
17,Male,India,3.312139800755821,TikTok,2,Entertainment,21.94223331279846,0,7.1997869556005005,Medium,34.35979329178781
23,Female,Canada,1.7228923729735306,Instagram,4,Education,20.40270176990155,1,8.491436972184816,Low,23.37961427853579
22,Female,India,1.3512089660973956,Instagram,5,Entertainment,16.60856512810458,0,9.31811727085068,Low,29.977044596052437
15,Female,Brazil,0.6471154884146397,Instagram,5,Entertainment,23.746217124942085,1,9.612179637803294,Low,53.68226196341183
21,Male,Australia,4.934094011378399,Snapchat,5,Entertainment,8.901299280498026,1,6.57579341442313,Medium,44.86449677266984
25,Male,India,4.714960511052572,TikTok,5,Entertainment,37.780376392567625,1,4.980193396658941,Medium,28.03729989094928
27,Female,Germany,3.0596799538900368,Instagram,3,Socializing,17.13050347951826,1,8.00517180592948,Medium,46.53515985327116
20,Male,Germany,3.988566589088916,Instagram,4,Entertainment,34.35957218529059,1,7.310682571473642,Medium,37.30597449219319
20,Female,USA,4.677848041712521,Instagram,4,Entertainment,38.89782172357128,0,5.327446550755448,Medium,41.40296071246609
16,Female,Brazil,3.773090632772988,YouTube,2,Socializing,17.957259782503016,0,8.322157977682128,Medium,54.2870158089619
24,Male,UK,5.620682883846813,Instagram,5,Entertainment,20.698749513857525,1,3.711476955738031,High,27.989055742215925
26,Female,India,4.254687654035985,Instagram,2,Entertainment,27.504486589023934,1,7.421286050231627,Medium,75.54800400004876
15,Female,UK,3.146534960212968,Instagram,2,Entertainment,16.121961164698646,0,8.899868754348196,Medium,48.226611548327135
23,Female,Brazil,0.6011002401740582,Instagram,1,Entertainment,26.708630987031327,0,8.619197739636558,Low,47.09670740795963
24,Female,India,3.1895594272972727,TikTok,4,Socializing,25.38816836350668,0,8.178957283853855,Medium,15.727541125028974
25,Female,India,3.4447832181995324,TikTok,2,Socializing,15.31698303450484,1,5.425634347632865,Medium,42.699872315829566
23,Male,USA,2.0150880850077866,Instagram,2,News,17.743674422000662,0,7.167587017822242,Low,19.259098667514472
21,Male,USA,2.103815536045359,Instagram,4,Education,35.660366538589386,1,8.202364059456348,Low,35.909276782858775
24,Female,India,4.709462601075784,YouTube,3,Entertainment,24.98591607896654,0,6.6003588234026,Medium,29.107821205943083
22,Male,USA,2.504826887962718,Twitter,1,Education,37.33619395140117,1,7.341795035925738,Medium,28.002591692279275
24,Female,India,2.9915664887597626,YouTube,4,Socializing,15.807895666029058,1,6.979773939608798,Medium,47.75198109241433
15,Female,USA,2.7167120759404524,TikTok,1,Entertainment,20.50190960627153,1,7.002529130178098,Medium,45.73795068163436
15,Male,USA,2.7970788080636773,Instagram,4,Entertainment,27.010946519875077,0,6.619181905542006,Medium,34.18900060948291
20,Female,Brazil,2.405309618099606,Twitter,4,Entertainment,40.57683138090317,1,6.839586942701629,Low,13.719647595695626
16,Other,Canada,1.1772032123371177,Snapchat,1,Entertainment,25.301613077118024,1,9.54268141423531,Low,56.30654214517489
25,Female,USA,0.5,YouTube,1,Socializing,33.34241399590708,1,10.0,Low,21.60150791299372
27,Male,India,5.02664800978381,YouTube,5,Education,14.239161976779624,1,6.133713198262107,High,49.926897299321325
22,Female,India,3.937052422544409,YouTube,4,Entertainment,18.982879677510187,0,6.342149560847156,Medium,37.116788786845454
15,Male,USA,1.876752581224609,Instagram,1,News,14.716381713624545,0,8.477427983378199,Low,47.864289287573776
27,Male,India,1.7947848636973294,Instagram,3,Entertainment,24.82263276732961,1,9.882272578397682,Low,20.51434849011586
16,Female,USA,2.07693021408312,Snapchat,5,Education,5.509725889916584,1,8.331422926622354,Low,23.59550456032504
18,Male,UK,3.8293374364106594,TikTok,5,Entertainment,23.894140797013208,0,6.3733115800890845,Medium,36.87402023102123
27,Female,Canada,3.081838555689937,Instagram,5,Education,18.45716805412286,1,8.1699150054826,Medium,49.48307380853501
21,Female,Australia,2.6691436360560523,Instagram,1,Education,20.61980827295484,1,7.731404822863683,Medium,23.5200656637566
17,Female,UK,3.342652541863388,Instagram,5,Socializing,23.21852852540841,0,6.767850303894313,Medium,71.97575420641236
26,Male,Germany,3.322020681637172,Snapchat,3,News,38.12649560983938,0,6.4182496637282735,Medium,54.3596217754385
23,Male,UK,0.6672437201263284,YouTube,3,Entertainment,31.711915566453037,0,10.0,Low,59.97640148224161
15,Female,Canada,6.746963571175832,YouTube,4,News,35.4787807250337,1,3.428565947506449,High,34.3460933993581
18,Female,UK,5.284895273043471,YouTube,4,Education,21.67689589570865,1,4.900592776753584,High,4.434668992393888
13,Female,USA,2.74049152323089,Instagram,3,Entertainment,19.118635087960925,0,7.610923284180418,Medium,24.64395064816179
26,Female,Brazil,1.71426264442682,YouTube,1,Entertainment,17.205974522977755,1,7.885390086054369,Low,55.50112078759841
21,Male,India,3.363212440832572,Twitter,2,News,30.61319813245245,0,5.737072964440349,Medium,48.65465682034166
15,Male,Brazil,4.571571961176169,TikTok,4,Entertainment,27.823782147779955,0,5.713725779671272,Medium,30.922355922221527
25,Female,Germany,1.8252365588853965,TikTok,2,Entertainment,28.4265813908084,1,10.0,Low,63.75250711894169
27,Male,UK,4.125230282015517,YouTube,2,Entertainment,31.26712731953671,1,6.979813566865161,Medium,45.366040177571776
26,Male,India,3.9985098933790506,Snapchat,1,Socializing,5.923408291929544,1,8.040493201088104,Medium,64.04981019663109
24,Female,India,3.436330939782712,Instagram,5,Socializing,39.04425495526152,1,6.254738657626621,Medium,25.321077883799447
13,Female,Brazil,2.162233311146595,TikTok,5,Entertainment,19.11774614476136,0,6.783102319971629,Low,11.123963189238548
26,Female,India,3.776571378101949,Instagram,1,Entertainment,16.747726783670235,1,6.2291752566171406,Medium,16.636348557249477
20,Male,India,4.748194510808327,YouTube,1,Entertainment,37.15191985694858,1,6.102905230528669,Medium,44.023319627734224
27,Female,India,1.531163560414751,TikTok,4,Entertainment,27.28518970972519,1,8.538654742767713,Low,16.595107255496444
23,Male,India,2.6350904524558305,YouTube,4,Entertainment,13.381060303435191,0,8.469433432827174,Medium,31.27982882696165
13,Female,UK,3.6188283804287136,TikTok,3,Entertainment,22.995198184110954,0,8.375271469749931,Medium,7.113805715129942
15,Male,India,4.387215350180312,Instagram,3,Education,19.64942260241757,0,6.047256279602842,Medium,31.394475151832687
21,Male,USA,5.722506450143959,Instagram,2,Socializing,10.750083041826375,0,5.369580731063546,High,51.27825048777347
19,Female,Canada,2.4181015047997487,YouTube,2,Entertainment,28.840329833437927,0,7.664660230755762,Low,43.10815032895196
24,Female,India,4.847494780902848,YouTube,5,Entertainment,25.888132549160048,0,4.923118778913281,Medium,52.34382172098812
16,Female,Australia,2.9108148386690558,Instagram,3,Entertainment,20.992519639874764,1,8.922310846587838,Medium,45.97969486279136
14,Female,USA,3.80859297756149,YouTube,1,Entertainment,17.114690314628625,1,6.631064724571839,Medium,62.555379109241386
17,Female,India,3.9853120728406974,Instagram,1,Socializing,5.425955528469451,1,6.285039578773091,Medium,19.96775376748093
18,Other,India,0.5,TikTok,5,Socializing,41.458953782626274,1,9.645650798039387,Low,54.533349697613566
14,Female,India,2.734721554165388,Snapchat,3,Education,21.417133971697726,0,8.612287665836988,Medium,6.627840315787211
23,Female,UK,4.247514459337141,Snapchat,1,Socializing,15.988494299946003,0,7.366867373008681,Medium,55.82303237709422
20,Male,Brazil,4.082119883466709,Instagram,1,News,51.90785237210645,1,5.924687915340268,Medium,38.33561757099298
17,Male,India,2.9789781262474726,Instagram,4,Socializing,32.30543924377366,1,9.735368657380768,Medium,29.619807320117992
20,Male,India,4.600181205347092,YouTube,3,Content Creation,30.918706117107604,1,6.461291099191596,Medium,65.80131137540074
24,Female,India,3.1146407376878824,Snapchat,5,News,30.70587576836373,1,6.983590652928951,Medium,28.424330399752392
22,Female,Germany,3.1085347179336287,Snapchat,4,Education,11.68832493032343,1,6.974631723281046,Medium,39.28382176125013
26,Female,India,2.3459909161374752,TikTok,2,Education,36.748843492619024,1,8.40551610803344,Low,68.78835109238705
21,Female,UK,4.316139205957327,YouTube,3,Education,23.013100243889,1,4.574027058636563,Medium,0.0
24,Female,USA,3.81920260047867,Snapchat,1,News,5.0,1,5.594860640092454,Medium,20.396691046124708
18,Male,India,4.707186733954664,YouTube,3,Entertainment,25.84232575051987,1,5.683687175062531,Medium,42.59910306219632
19,Female,USA,5.05326873581847,TikTok,1,Entertainment,10.25933246993893,0,7.72103526972019,High,61.91176094394128
26,Male,India,4.579421258912914,TikTok,4,News,31.67633556571032,0,5.851516405669446,Medium,80.09649568766167
19,Male,India,3.803325994306028,TikTok,3,Socializing,5.0,1,5.190054002735634,Medium,52.27769638420243
14,Female,Germany,2.571265433923918,TikTok,4,Education,37.85739976495343,1,8.742186833377415,Medium,9.03387132507314
15,Female,USA,6.744628093637507,YouTube,5,Education,19.845349180414846,0,4.7176763930889,High,45.79581694379206
26,Female,Canada,0.9878339836246152,Instagram,5,Entertainment,22.495037434171103,0,10.0,Low,14.623654028140953
14,Female,India,1.7302102655213845,Instagram,2,Education,31.34811937564113,1,8.812034315533317,Low,32.08404741114834
22,Female,UK,4.652557615122901,Instagram,1,Entertainment,16.080062780664484,1,7.425768746534038,Medium,7.243511667331845
17,Male,Brazil,2.886233205516156,Instagram,2,Education,45.10607171523248,1,8.566700402800638,Medium,42.362717441078175
13,Female,Australia,5.110627654526644,Instagram,4,Socializing,8.4884989858676,0,5.975592762176273,High,36.82354813782967
21,Male,India,2.717513882327358,YouTube,5,News,29.44621824318661,1,8.682704910512804,Medium,57.4980704263832
15,Female,USA,2.2265007628022184,YouTube,1,Education,26.995033608488534,0,8.426292961796186,Low,57.02679869279724
21,Male,Germany,0.7090841209784244,YouTube,5,Socializing,13.28677169253984,1,9.684518830725589,Low,42.67324322094762
17,Male,India,1.0877921163981208,YouTube,5,Socializing,14.848999615564844,1,8.322967548898315,Low,3.2600153308619757
16,Male,India,2.818301751317675,YouTube,5,Entertainment,7.284758521739313,0,6.967346640278657,Medium,38.859916907569016
13,Male,UK,1.2096149369446496,Snapchat,3,Education,15.572392564904993,1,7.786035964727938,Low,63.85237822648722
26,Female,India,6.427500359329221,Instagram,5,News,16.365809103732353,1,4.87559120403173,High,41.45435344560452
21,Male,UK,3.7501497007966167,YouTube,2,News,15.591532398757307,1,7.305247946546352,Medium,14.758720376627076
14,Female,USA,2.4351876460916357,TikTok,5,Socializing,35.71603209093249,1,9.079126440040731,Low,37.42163474688
14,Other,India,3.8303428497575,TikTok,3,Education,13.303457456485784,1,6.07220594048944,Medium,41.02405809416618
20,Male,Germany,4.51926295791885,Snapchat,3,Entertainment,9.714398179863949,0,5.622977489901996,Medium,43.81253135667814
13,Male,Australia,3.786559053698012,YouTube,2,Entertainment,29.198632742450705,0,7.278755593384114,Medium,31.05090440497279
14,Female,India,5.66902940578724,Instagram,4,Education,10.742216253579382,0,5.4810596645892256,High,69.36471070163542
27,Other,India,3.717034212268733,Snapchat,4,Content Creation,36.45547382596506,1,8.094139167057236,Medium,78.04961645751537
15,Female,Brazil,1.1417671297948782,YouTube,5,Education,21.90629774331368,1,8.487594919725218,Low,41.16257643937537
27,Female,India,5.245872563676887,TikTok,4,Education,43.76415908438288,1,5.783618668538498,High,25.05181984779255
23,Male,Germany,3.66573556608511,TikTok,3,News,17.997783177971645,0,6.566055045021185,Medium,4.072955040476998
22,Other,USA,1.611609709121319,YouTube,5,Education,11.153029803299235,1,9.953796748145392,Low,38.079094324964856
14,Male,Brazil,3.575505998363228,Instagram,3,Entertainment,45.0557169720881,0,6.402482531218398,Medium,54.970458740202176
15,Male,Canada,2.013556519279594,TikTok,3,Entertainment,19.4857802555886,1,7.923119520632627,Low,8.833245431093921
20,Male,India,3.5285050740793134,Instagram,2,Entertainment,27.112277603259564,0,7.500868436983521,Medium,30.20704272656293
27,Male,India,1.7818691418138524,YouTube,3,Socializing,36.057451250070685,1,8.790895543050192,Low,25.142491842884983
27,Male,Australia,2.700498194827735,YouTube,2,Education,34.69377429741358,1,9.434647432136808,Medium,75.84339843952253
19,Female,USA,2.827096976043641,Instagram,5,News,5.0,1,6.99719782561747,Medium,58.42170095450361
14,Female,Germany,3.1781775712195874,Instagram,5,Entertainment,26.24063526178741,1,7.60311810923261,Medium,38.46819364867576
26,Male,India,3.074113717710736,Instagram,2,News,30.15815853708928,1,7.5017644502907235,Medium,65.56074146259753
19,Male,UK,4.509842620338356,Instagram,5,Education,30.43552246787226,1,5.379608001354827,Medium,47.25757681948944
13,Male,Canada,3.2151666493756244,TikTok,1,Entertainment,14.66243089926348,0,7.577785938316738,Medium,45.39340415408772
24,Female,Canada,5.979833177519791,TikTok,4,Education,28.50476114587329,1,7.487067867140304,High,68.60531644154675
17,Female,USA,5.68627343680804,YouTube,1,Entertainment,14.722282463324715,0,5.1571523167371645,High,90.53248556018472
27,Female,Germany,1.446302367012518,TikTok,1,Socializing,5.0,0,8.510353214814739,Low,56.8631380131797
16,Male,India,3.001248552388244,TikTok,4,Socializing,25.015161901147867,1,7.244402119229238,Medium,14.497281536220378
20,Female,USA,4.619425441381225,Instagram,4,Socializing,22.81774131896549,1,5.513560744537772,Medium,71.37802842278045
20,Female,USA,4.2176548538205445,Snapchat,4,Entertainment,14.191145065188946,0,6.657685208236653,Medium,69.76526126041762
27,Male,India,3.814992401720565,TikTok,3,Education,41.48610977284645,0,5.194221221324986,Medium,85.61799137186705
26,Female,USA,1.1302566017901663,Twitter,3,Education,35.39193377113591,1,10.0,Low,25.371039409731107
13,Female,USA,3.664300318173944,Snapchat,4,Entertainment,28.441906136758373,1,7.839144787991682,Medium,64.837601098389
20,Female,India,2.5215975174647696,TikTok,4,Socializing,37.379050719577776,0,9.682465482522572,Medium,34.241687198428195
17,Male,India,1.8999091455440524,TikTok,4,Socializing,30.290530767397584,0,7.106424928959775,Low,13.61381100057848
13,Female,USA,1.966833549332656,Instagram,5,Entertainment,29.1157766639364,0,7.40197961905652,Low,0.0
25,Male,India,4.31512393762562,YouTube,1,Entertainment,13.139615457408604,0,5.514571857547133,Medium,16.24023726625075
18,Male,Brazil,0.9252893677358373,Instagram,2,Socializing,10.926542839016284,1,9.917406427929915,Low,20.07083153515235
20,Male,Germany,2.568616041879132,YouTube,5,Education,26.504838304389388,0,5.722903518158912,Medium,45.18372672453127
21,Female,Canada,4.0743866290900455,Instagram,4,Socializing,27.94712226974489,1,7.060657874636261,Medium,12.80923416713296
17,Female,Brazil,2.961502127555332,Instagram,3,Education,18.271303601434425,0,7.259085997132646,Medium,23.520983848602164
24,Female,India,2.078941685460511,Snapchat,1,Education,13.138768615309456,1,7.563081456298479,Low,5.186895765871235
19,Female,Brazil,3.8910719700131473,YouTube,4,News,36.12650763679106,0,6.849680595006259,Medium,48.01046460659676
15,Female,USA,4.470158029945185,Instagram,3,Entertainment,29.01450036382117,0,7.0402556015722855,Medium,72.85395953738805
26,Male,India,5.089391656752859,Instagram,2,Entertainment,17.61923494365428,1,5.982423113670249,High,55.88114654048742
18,Male,USA,2.976133898034492,TikTok,1,Entertainment,24.74593274463255,0,7.834539330013834,Medium,55.85786775922915
27,Female,India,5.272717620985675,YouTube,4,Socializing,5.0,1,6.555582870775108,High,31.177649445110912
25,Male,India,3.933527383352682,Twitter,3,Entertainment,30.28094020786431,0,6.777432139072514,Medium,23.935115895293816
18,Male,USA,4.482667597535523,TikTok,3,Entertainment,34.85036388880732,1,8.259850547557914,Medium,33.32426451299416
16,Male,India,4.342925691277194,Instagram,1,Education,35.585273991505595,0,7.081532032638462,Medium,69.33491000121298
15,Male,USA,3.5762585300827983,Instagram,4,News,5.0,1,4.887213802684544,Medium,29.247338938610834
21,Female,India,9.465156288401657,Twitter,4,News,49.771811355937935,1,3.39935535470969,High,71.56731909066713
24,Female,USA,1.467681557804545,YouTube,5,Socializing,31.65873998477217,0,7.636318102566062,Low,33.13495928354113
16,Female,UK,0.9058500179588692,YouTube,4,Socializing,8.335634565279847,0,9.790055701744656,Low,32.00830477829083
20,Male,Germany,5.770288813177649,TikTok,4,Socializing,42.77796002135707,0,5.404648213545665,High,35.476379424506334
20,Female,Canada,2.4634462680840734,Snapchat,2,Content Creation,35.39485304684716,0,7.67561476403336,Low,45.4345191818363
23,Male,Australia,3.532379562132379,TikTok,5,Entertainment,34.89178645389835,1,6.885498009434884,Medium,48.85234835606852
25,Female,USA,5.904843261424418,Instagram,5,Entertainment,15.894815189436134,1,4.256209075352323,High,60.01315279575994
26,Female,India,1.84394220064112,TikTok,4,News,23.740994970517587,1,7.992191057489994,Low,68.71341088752031
15,Female,Germany,5.346958847610016,Instagram,5,News,27.754102868152824,1,7.1730574142276105,High,25.710442969469295
13,Male,USA,3.74059572400293,TikTok,4,Entertainment,33.64741831807788,1,8.366931753075146,Medium,0.0
17,Male,USA,4.943003371809179,TikTok,1,Socializing,21.460441709415534,1,6.833580255952298,Medium,25.83245999405432
16,Male,India,2.292644291897605,Instagram,1,Socializing,27.409706570514206,0,7.083625986545127,Low,46.83805814159004
15,Female,Brazil,2.6673770502371914,YouTube,3,Education,16.93749727531948,0,8.528997233521043,Medium,95.77962330032584
16,Male,Canada,7.613742011299855,Snapchat,4,Entertainment,33.967691168544334,1,3.992901141934545,High,29.109171696016404
25,Female,Canada,5.035859539192909,Instagram,2,Entertainment,19.67143198836485,1,5.84038995935996,High,38.10328127120959
22,Female,USA,2.435327708758807,Instagram,3,Entertainment,41.96045672573954,1,7.355993245258353,Low,32.982149692389946
18,Male,UK,3.636473526124557,YouTube,1,Content Creation,36.11573774402366,0,7.464313071630683,Medium,7.737800992725752
21,Male,Brazil,4.052806613167121,Twitter,5,Entertainment,12.66227793097366,1,8.792516293406786,Medium,68.17010550590804
17,Male,USA,5.258924018105587,TikTok,1,Entertainment,28.899702490282948,1,7.26334180058899,High,22.997236167156885
18,Female,India,2.7463729499897016,Instagram,3,Entertainment,37.021172413232165,0,6.517002223152624,Medium,58.36923573259406
13,Female,UK,2.3141448339710804,Snapchat,1,Socializing,6.8879136220257,1,8.409424760563438,Low,37.57896368186172
16,Female,Canada,1.1791356128966894,TikTok,4,Education,18.88742249565376,0,7.497543968383239,Low,48.251890849873945
13,Female,Canada,4.730054780606229,Twitter,1,Entertainment,14.917274355424762,0,6.166347004278056,Medium,34.55743754080386
22,Male,USA,2.5687540284532018,YouTube,2,Content Creation,7.523508369041885,0,8.386374868113561,Medium,25.37092206206227
26,Male,USA,3.402403518636093,Instagram,2,Socializing,29.50077417764824,1,6.902041157156285,Medium,9.823802593541778
20,Female,USA,1.9636075091977536,YouTube,1,Entertainment,34.3473864865674,1,8.03029906897507,Low,31.133727970324976
26,Male,India,6.141251525480415,YouTube,2,Education,34.86244702757264,1,5.178049775343318,High,49.918046795857954
13,Male,India,2.8007616014518,Instagram,3,Entertainment,28.85669395991007,1,7.3616799096963135,Medium,49.90055366431844
20,Male,UK,4.311800588854524,Instagram,5,Socializing,5.0,0,7.49421919586312,Medium,8.306863736418894
24,Female,India,3.5286762954456767,Instagram,3,Entertainment,19.1673722392172,1,7.361449889452076,Medium,23.92074701618119
27,Female,Brazil,2.311220713107885,TikTok,5,Entertainment,25.05362178339933,0,8.854895188223567,Low,35.531584161373054
13,Female,Germany,4.19566773519094,Twitter,2,Entertainment,54.65633962288318,1,7.2114918704574755,Medium,52.10344006231953
24,Male,Brazil,1.0337258240908187,Snapchat,2,News,12.185210316809744,0,8.86595389781724,Low,16.697016859181844
22,Female,India,3.5764736533096,Twitter,5,Entertainment,30.398776061258992,0,7.7044111009553795,Medium,52.908313937843474
26,Male,Australia,4.409520198771944,Instagram,3,Entertainment,22.40439631653287,1,7.0749811792532205,Medium,50.67724441480595
23,Female,USA,5.369220182178995,Twitter,3,Education,27.961262952579027,0,5.131560184459547,High,44.87577821821267
27,Female,USA,4.382252728052219,Twitter,5,Entertainment,23.88068159927257,1,5.157876033458332,Medium,68.19070584145727
13,Female,Germany,4.261970350329702,YouTube,1,Entertainment,19.82582962395476,1,7.265055590397559,Medium,41.31001242462828
22,Other,India,3.0874578247587188,Instagram,4,Entertainment,20.61096438172278,1,8.470673682764621,Medium,24.83644251688773
26,Female,UK,4.181899076656302,Snapchat,3,Content Creation,28.845311179774427,1,7.004603415295327,Medium,33.235327798027484
17,Female,India,1.7494974693370835,Snapchat,5,Education,8.023469013556198,0,10.0,Low,54.44972231399733
13,Male,UK,3.703698387929786,TikTok,2,Education,18.944843125943493,0,7.141397024599728,Medium,47.76630842503055
25,Male,India,4.228520667502703,Instagram,1,Content Creation,41.54926800433445,0,7.329136162798451,Medium,69.51214008311248
27,Male,India,0.6843807416278667,Instagram,4,Socializing,27.115622900535342,1,10.0,Low,46.12550516767773
15,Female,India,4.867619098999804,Instagram,3,Socializing,29.99590539877508,1,6.274012052585318,Medium,52.55474334299049
25,Male,India,2.088798071659669,TikTok,5,Education,25.350643105545007,1,7.74125246524732,Low,39.24039892865411
23,Male,UK,3.86915598206254,YouTube,1,Entertainment,12.77460890366022,0,6.322417292254842,Medium,48.64785649624752
16,Female,Brazil,2.587778649452096,Instagram,1,Entertainment,30.356904064808752,0,6.284039039220509,Medium,26.145496312011808
27,Male,UK,4.579903561506603,Instagram,2,News,45.48285594213564,1,6.5329851867659,Medium,32.4813386822851
26,Male,India,4.764511592317903,YouTube,3,Entertainment,26.62280636047164,1,6.450799382666333,Medium,62.16243519986002
14,Male,Brazil,2.250060589662313,Instagram,5,Entertainment,29.65232502624767,0,7.877672364625752,Low,58.3375183185501
19,Female,India,2.5647383376001094,Instagram,1,Entertainment,31.76717190563648,0,6.576703856796809,Medium,15.31294620305182
17,Male,Germany,4.179582944517707,TikTok,3,Entertainment,23.752634199875647,0,8.381422691551563,Medium,34.410017843747
16,Female,India,4.916594177304985,YouTube,3,Education,20.978090651494497,1,8.211099989529208,Medium,58.60668269119543
26,Male,UK,3.19321293832888,YouTube,2,Entertainment,39.87119973170329,1,9.23542686018483,Medium,50.97934272137283
22,Female,India,5.627198156838473,Instagram,1,Socializing,12.350412338066947,0,4.614847546108042,High,26.144558647095373
27,Female,Australia,4.857147379589572,YouTube,2,Entertainment,30.64890283351929,0,5.297486641166763,Medium,15.2372589408117
26,Male,USA,1.3949159801146482,YouTube,2,Entertainment,12.405783587755115,0,9.820249815328264,Low,101.44915667150708
23,Male,India,1.4166925424872252,TikTok,2,Entertainment,33.049050574240056,0,9.993514214627671,Low,65.31420559037412
14,Female,Brazil,2.4387678760476685,TikTok,4,Socializing,21.27759064273293,0,7.218185120999554,Low,46.81775264305971
20,Male,USA,1.52944556646308,Snapchat,3,Education,39.64295506422755,1,8.69974619262882,Low,36.604894889614
24,Female,USA,4.041811335348083,TikTok,3,News,39.08150209324934,1,6.051738834366577,Medium,62.00245555774857
21,Male,UK,1.1468881186285182,Twitter,4,Entertainment,5.29580518223246,0,8.489565486572264,Low,20.06161403752004
26,Female,Canada,0.9270952313891132,Instagram,5,Entertainment,35.75765337100457,1,9.461549761648063,Low,55.8861058464259
25,Female,Germany,2.2429125724230463,YouTube,1,Entertainment,24.145465646291907,1,8.745399925531537,Low,37.94550722680789
20,Other,India,3.7764579654446746,Instagram,3,Socializing,24.4114145894362,1,4.822976620935763,Medium,52.949997027699865
22,Female,USA,2.372392815634303,TikTok,3,Entertainment,24.471323201546557,1,9.017011220696832,Low,52.86668166807911
16,Male,Brazil,5.305129626665633,Instagram,1,Entertainment,17.417649412368434,1,5.228519839154813,High,55.96912353133839
22,Female,India,2.9871009905738446,Instagram,1,Entertainment,30.26238150997821,0,7.9629712250139395,Medium,49.21792451681404
21,Female,India,2.478961987703189,TikTok,2,Entertainment,14.975012626291084,0,8.839202104440044,Low,30.399795271815638
19,Female,UK,4.341187757249507,Twitter,4,Socializing,12.317297817946972,0,8.133049293481657,Medium,36.029527076521525
24,Female,Germany,4.738981617232671,Instagram,1,Education,25.087410104812644,0,5.887798752930164,Medium,43.01270778587073
16,Male,USA,5.126743964683121,YouTube,5,News,31.01375345926237,1,4.561632518604052,High,8.07727638683778
15,Other,Canada,5.2803524175810805,TikTok,3,Socializing,29.056395205679003,1,7.82085463259412,High,38.0249456785809
14,Male,Canada,3.92339689137362,TikTok,4,Entertainment,22.766561667559746,1,7.182305016635874,Medium,27.62899460275218
26,Female,India,4.234303661727698,YouTube,3,Entertainment,10.784920682888634,0,8.36950687621814,Medium,13.809629065526096
26,Female,India,3.028980666608535,YouTube,1,Socializing,30.717826382149067,1,7.599739711707337,Medium,18.829160654594222
27,Male,Germany,0.8964747562875064,YouTube,3,Entertainment,9.184530801793292,1,8.902150504284117,Low,35.08024693086526
20,Male,Canada,3.3869653137654594,TikTok,2,Entertainment,28.26365719087025,0,7.801624800074841,Medium,27.03948175912165
17,Male,India,1.2445804795060615,Instagram,3,Entertainment,23.14713320560087,1,9.57264702401638,Low,65.58775478931378
19,Male,India,5.754513097790541,TikTok,5,Content Creation,35.27387408076629,0,5.228379421437158,High,39.6211231813191
18,Female,India,4.294984947690618,Instagram,2,Entertainment,16.11478978317087,1,3.230669457521994,Medium,15.091977346099505
21,Female,Brazil,4.0143371524529705,Instagram,2,Entertainment,24.72635473103874,1,5.826734628931309,Medium,53.8155565900257
25,Male,Australia,3.851230588829998,YouTube,4,Education,29.840925779849957,1,7.3886908083401215,Medium,71.25230975300101
13,Female,Brazil,1.85514951037184,Twitter,4,Entertainment,33.625036892251124,0,9.977267888108091,Low,49.2022456720849
18,Female,Canada,3.4698134028376573,Snapchat,5,Content Creation,18.272828374422986,0,6.34554542722304,Medium,50.73537864947341
25,Female,UK,3.2484987960826115,TikTok,3,Entertainment,29.5501423218642,1,6.538741741886989,Medium,59.31317087612722
21,Female,USA,4.606698910221834,YouTube,4,Entertainment,5.0,0,7.338927268990826,Medium,40.04335368811142
24,Female,USA,2.494099864339045,TikTok,5,Socializing,35.22376452187383,0,8.643814852827,Low,14.641578120769305
18,Female,USA,2.5365899225488344,TikTok,3,Entertainment,27.589434575760684,1,7.398126877140967,Medium,38.25547185225636
22,Male,Germany,2.3071725302178816,TikTok,4,Socializing,32.332695849930786,1,8.026411434400815,Low,71.45111604913271
14,Male,Australia,1.2677086073199426,Twitter,3,Education,29.886174814706347,1,7.978969510890431,Low,46.65672955132361
23,Female,USA,0.5,Snapchat,5,Entertainment,20.111579105493483,1,9.490513471097714,Low,61.98616147496634
23,Male,USA,4.006498128585933,TikTok,4,Entertainment,15.844813630072943,1,6.723124183577823,Medium,17.532278948113845
25,Male,USA,2.7202934014033806,YouTube,1,Entertainment,32.04381566134784,1,8.337567037967256,Medium,42.63706823946108
22,Female,USA,2.395359192375611,Instagram,5,Socializing,10.348558536063331,0,6.971747649093796,Low,0.0
22,Male,Australia,2.7446599414241937,Snapchat,1,Entertainment,27.452855183801965,0,7.081083936554905,Medium,58.04812701302553
25,Male,India,5.383563112039718,TikTok,2,Socializing,29.66194595520567,0,4.331679654832914,High,44.77011390092248
18,Male,Brazil,0.9477210567190646,Snapchat,1,Education,46.86689056474239,0,8.184645837897687,Low,50.77666033143788
20,Male,India,1.8264794757290417,YouTube,5,News,20.50752629145508,1,7.754708210374438,Low,27.095412161542964
23,Female,USA,3.454225456379501,Instagram,4,Entertainment,14.20282120185638,1,8.38084969247813,Medium,59.506056323426144
23,Male,Australia,3.986326821677596,Instagram,2,Education,22.36973092944493,1,6.365449311281352,Medium,65.25291322644283
15,Male,USA,1.9851711823635128,TikTok,2,Socializing,12.62436170353923,0,8.74753748239078,Low,59.7595520276952
20,Female,USA,3.584719188362671,YouTube,2,Education,7.7001503417539645,1,7.661370772136582,Medium,37.52366951927097
22,Female,Australia,1.973824814497432,YouTube,3,Entertainment,24.925555167561257,1,8.657212360134467,Low,44.8412788516068
19,Male,USA,2.3964746336980856,TikTok,3,Socializing,6.398932072412752,1,8.772298725632089,Low,36.54052778178816
27,Male,Canada,3.033936885459089,YouTube,4,Entertainment,36.94089196350334,0,6.030396491181317,Medium,45.13792105944223
20,Male,India,4.510215250239321,Instagram,5,Entertainment,26.00133572181779,1,4.748963256857737,Medium,52.26775618012632
19,Other,India,2.790848084576421,TikTok,4,Entertainment,26.45259263830445,1,7.515239532331583,Medium,69.00001951297023
24,Female,UK,0.5,Instagram,1,Entertainment,21.34281404690236,0,9.0155202279125,Low,82.24029032311287
19,Male,Canada,3.4646320579787484,Twitter,3,Entertainment,5.0,0,6.154710668315873,Medium,67.48554320907184
21,Female,USA,2.6241532679463617,YouTube,3,Education,26.17746690165994,0,8.767314245778994,Medium,52.68971197860449
24,Female,Brazil,5.748057303934623,Twitter,3,Entertainment,19.960117787162087,0,7.237189487658253,High,45.72666185724743
16,Female,Brazil,3.2612634738747777,YouTube,4,Entertainment,19.25160775543579,1,5.540148704430274,Medium,18.95589060705157
16,Male,UK,2.8988528848817543,YouTube,2,Entertainment,29.155166682952107,0,9.20204046817279,Medium,39.886631360000784
20,Male,Brazil,3.7634217968713344,Instagram,1,Entertainment,39.16092544619387,1,6.611519453358342,Medium,22.15220520727795
15,Male,Brazil,5.268771238353582,Instagram,5,Education,34.45301112994838,0,5.47895295545724,High,26.2755657474827
16,Male,Brazil,1.7550028196718466,Instagram,2,Education,42.3673547335078,0,9.12095247317559,Low,62.97767954425544
23,Male,Australia,1.5576386191566542,Twitter,4,Socializing,16.508029202292658,1,7.684848701774037,Low,25.4134884575062
26,Female,India,4.387065459920123,Instagram,1,Entertainment,8.123060977877131,1,6.556854572672814,Medium,28.224028126584464
24,Female,Australia,2.4284764789350515,Snapchat,1,Content Creation,28.559547972257374,1,9.368608502362711,Low,48.22497506887282
13,Female,USA,5.964800235616714,Instagram,1,Socializing,24.603667527608103,1,4.634495453397999,High,47.64984646624138
22,Female,India,2.8468203648830777,Instagram,4,Entertainment,13.66655521261971,1,8.560087754004837,Medium,61.60780576689653
16,Male,Brazil,2.356429656059597,Instagram,3,Education,35.593788642062805,0,8.205142425038568,Low,43.876456089297314
21,Female,Australia,0.788100809693546,TikTok,5,Socializing,21.72521249840389,0,10.0,Low,78.04143419564787
18,Male,India,1.5648411368287405,Twitter,1,Education,25.533133094205837,0,8.928745849451785,Low,65.0149217234294
14,Other,India,3.006006911630233,Instagram,5,Socializing,15.391317159996856,1,7.842534591999271,Medium,31.883149505067443
22,Female,Canada,4.8023080166050445,YouTube,5,Socializing,27.92332840392063,1,6.860491294857674,Medium,42.97595070063576
13,Male,Germany,2.7942424002038253,YouTube,4,Education,35.74803379395317,1,8.243086473286535,Medium,56.126731253072
13,Female,India,2.7635223132574533,YouTube,3,Education,13.147921532814182,1,8.249528431560298,Medium,6.804249551088397
27,Male,Brazil,3.641876291719806,Snapchat,5,Education,20.18910252899962,1,6.982134697098743,Medium,7.055340709387487
24,Male,Germany,3.818748766401756,YouTube,2,Socializing,39.765203835781136,0,7.21714517989083,Medium,48.687325847178826
22,Female,India,3.231824136070953,Instagram,1,Entertainment,17.627188954202175,1,5.921050806365034,Medium,70.59197892038995
27,Male,India,2.036559298046772,TikTok,2,Entertainment,46.03999283171577,1,7.6981877762872974,Low,57.68302575326952
19,Female,USA,3.789748994015103,Instagram,4,News,37.14940829016357,0,7.536554519728442,Medium,67.27532366704435
16,Female,India,4.189269009076006,Instagram,2,Socializing,30.756114222746557,0,7.227140600782764,Medium,31.101730408442275
19,Male,USA,6.433093872075229,TikTok,5,Socializing,30.64948429416571,1,4.089383365224374,High,22.82761797184257
24,Male,USA,3.4875108475611345,YouTube,5,Entertainment,12.807251934918414,0,7.497236143184099,Medium,32.57816678556163
27,Male,Germany,0.8142037690735098,Snapchat,1,Socializing,30.640420629187524,0,9.006523428884616,Low,24.121844333154577
19,Male,UK,4.810515268248942,YouTube,2,Entertainment,18.37750182465808,0,6.094472735713516,Medium,54.35246206465451
17,Male,India,2.5838125841443027,YouTube,1,Socializing,23.271326181243744,0,6.758209643095677,Medium,39.81237011167076
13,Male,UK,3.36857344195024,Instagram,5,News,55.56294435294312,1,6.660722994451275,Medium,17.740271975017873
24,Other,Canada,2.001928796913824,Snapchat,5,Entertainment,12.155695177962166,1,7.323926497205388,Low,57.68504572253269
22,Male,Brazil,3.6751847229045977,Instagram,1,Socializing,32.9578447688458,0,6.868446761228665,Medium,0.0
20,Female,Canada,2.171124961604727,TikTok,4,News,21.84726314017362,1,7.9163710729972285,Low,59.34666973409739
16,Male,India,2.7520767174399765,Snapchat,1,Socializing,28.76829072508687,0,10.0,Medium,55.465213156207454
25,Male,India,5.368078157301394,TikTok,5,Education,20.21857360678503,0,4.8821237002540485,High,79.13029592442324
17,Female,USA,2.226156020886896,TikTok,5,Education,20.73159794553941,1,7.51186462422596,Low,0.0
21,Male,India,2.3281932138037016,YouTube,4,News,28.841697211234745,0,8.931835011718615,Low,29.53881670838436
23,Other,Brazil,3.537273057371148,YouTube,2,Entertainment,7.58385320630407,1,7.0311884572019085,Medium,53.96348575015743
14,Female,USA,6.8883495802799,Instagram,3,Education,39.60003539033419,1,5.168940348853069,High,34.35763302768514
18,Female,Australia,4.491332536787914,TikTok,3,Socializing,29.77412993215608,1,5.742439153929922,Medium,33.31555602871526
15,Male,India,6.3395381747564485,Instagram,2,Entertainment,24.77114825911316,1,6.658338486448738,High,29.68127625148405
16,Female,Australia,5.272334782887126,Instagram,3,Entertainment,19.030355630421056,0,5.847638260068932,High,36.17940657065726
16,Male,India,4.689215933050074,Twitter,1,Socializing,10.65077764833136,0,5.107882014526615,Medium,11.995111496860227
25,Other,Germany,5.683197792964773,TikTok,3,Entertainment,17.277009642093297,1,7.048201329204926,High,24.74270200797013
22,Female,India,6.482703461321735,TikTok,1,Entertainment,37.3270929440834,1,4.708469117212549,High,33.68933819308961
22,Female,Brazil,2.7843753868474206,YouTube,1,News,20.002935934390308,0,6.242233545817794,Medium,52.142309989245405
19,Male,Australia,3.40049616871542,Instagram,1,Entertainment,34.82262391808884,1,7.54722253161913,Medium,13.23729710045884
19,Male,Germany,4.322775716648209,Snapchat,4,Socializing,31.91074837427566,1,6.0962167181230695,Medium,58.80680900960478
22,Female,Brazil,3.363751310579745,TikTok,1,Content Creation,14.593172306768311,0,7.265457854829145,Medium,43.94176029064065
22,Female,USA,2.5877348417320176,Twitter,1,Education,29.78803195912118,1,9.750730211757334,Medium,25.071654377523885
18,Female,Germany,5.234433555159256,TikTok,2,Socializing,14.202458976139935,1,5.305310091157797,High,30.644039322448364
24,Female,India,4.424445771858609,Instagram,2,Socializing,21.783231853728164,0,7.712724319368271,Medium,67.77284028213151
27,Other,Australia,3.404866640111853,TikTok,1,Education,30.56125285522942,1,7.128997435937815,Medium,37.75053047975125
14,Male,Germany,2.812056029580071,Snapchat,5,Socializing,33.24329882676267,1,7.966443119448823,Medium,33.503151762086404
14,Female,India,0.5,Twitter,1,News,44.515694162613926,1,10.0,Low,56.14277600939433
13,Other,USA,4.474984445189861,YouTube,4,News,27.062037725060986,1,7.704198539696475,Medium,12.827182534410756
15,Male,Germany,0.9856257098483616,Instagram,3,Entertainment,29.701424560302826,1,10.0,Low,60.755250570806055
18,Male,Brazil,5.059625297266249,YouTube,1,Socializing,12.683756580902818,1,5.023881079831086,High,60.29419426543779
13,Female,India,2.407940063199005,TikTok,5,Entertainment,10.511734422796152,1,7.589166823252472,Low,42.6516868847086
21,Female,UK,6.389981536940709,YouTube,2,Entertainment,32.443004105931614,1,5.236158529607861,High,55.117406221099
17,Female,India,1.112589539080003,Instagram,1,Socializing,18.595295047018134,1,8.14045247591551,Low,39.33171876987746
24,Female,USA,4.443129099718266,Snapchat,2,Socializing,33.26682780407578,1,5.86402375652147,Medium,13.13089978467412
17,Male,Brazil,2.953128547033084,Instagram,4,Education,27.655815225200254,0,6.430481023535084,Medium,62.00590803000392
24,Male,India,2.064952157459281,YouTube,3,Entertainment,40.88840526543737,1,8.920433495375118,Low,14.53065510110648
15,Male,USA,2.8241844736883968,TikTok,5,Education,25.915454607668444,1,8.525124559468356,Medium,48.87235598893575
17,Other,Germany,0.5,YouTube,1,Entertainment,39.795363438117896,1,9.62183223970078,Low,40.42006680534228
17,Female,India,2.598861057922305,TikTok,1,Entertainment,33.79998560653214,1,8.216072106502876,Medium,37.59073899628007
25,Female,India,3.272510496644461,TikTok,5,Socializing,9.315155611243537,0,7.497519719161384,Medium,71.76381685348879
16,Female,India,3.56809706983676,YouTube,3,News,9.475563274404903,1,9.328252250164317,Medium,28.28457116863544
15,Male,Brazil,1.4978369255330728,Instagram,4,Entertainment,15.247919138275533,1,8.015526148177214,Low,29.556804636861177
25,Female,USA,1.143186721126598,Instagram,2,Education,24.46610573646041,1,9.820786061802872,Low,74.2660324936372
16,Female,Brazil,2.8742524901029016,Instagram,3,Education,31.483540526614213,0,8.172950039624661,Medium,3.990685347306318
25,Male,USA,2.954906687278447,Instagram,2,Socializing,37.6385396331266,0,7.400433075889394,Medium,24.701523080169206
17,Female,India,3.8104526481842815,Instagram,5,Socializing,5.0,0,5.532957902027308,Medium,29.15995612959924
27,Male,India,3.772806508984903,YouTube,4,Socializing,23.41943103353379,0,6.613760861659129,Medium,25.198103184008165
18,Male,UK,2.600028425023293,TikTok,2,Education,15.566735782564422,0,8.411360437333398,Medium,45.519315650674926
25,Male,India,1.9572176636713603,Twitter,4,Entertainment,29.18593692938245,1,9.45564627960325,Low,34.50105813804161
27,Female,Germany,3.088725859244734,Instagram,5,Entertainment,8.453749489978566,1,8.356226907398419,Medium,6.12118729456104
22,Male,Germany,5.414757978718777,Instagram,5,Socializing,25.06182799051121,1,4.6016962449164485,High,32.56255619489681
15,Female,Germany,3.4166837902426828,TikTok,2,Entertainment,43.48425139360617,0,7.430402339208942,Medium,25.64878949720981
14,Male,India,2.919173567594319,TikTok,1,News,11.60990650035924,1,7.48415294389468,Medium,57.590102652622505
16,Female,India,3.886039960884687,Snapchat,2,Socializing,46.894816142971166,1,9.923457159169274,Medium,10.716659197394126
26,Female,India,4.634533762468459,Instagram,1,Socializing,35.73240699554067,1,6.810670419956948,Medium,39.153512558024616
16,Female,Canada,3.473873543058157,YouTube,2,Education,33.35192719028694,0,7.132863870687317,Medium,54.79978757052184
25,Male,India,3.777354386381082,YouTube,1,Socializing,36.4035322135241,1,7.211062082500443,Medium,45.70539884509073
22,Female,Canada,4.700014145183708,TikTok,5,Entertainment,19.667153772331712,1,8.001143840677976,Medium,50.27283809020798
14,Female,Brazil,3.0913184642100533,YouTube,5,Socializing,29.46530900267333,0,5.582904736794894,Medium,5.385555458888817
27,Male,Brazil,3.48706574929663,Instagram,1,Content Creation,5.56703630046475,1,6.482079797478632,Medium,24.61419204232428
24,Female,UK,4.857379594216497,TikTok,4,Entertainment,6.652401727268416,0,6.722937459681416,Medium,59.1084407891002
24,Other,India,3.3284635361530266,Instagram,1,Socializing,28.671859970113797,0,8.703575582696812,Medium,12.37598265296606
17,Female,USA,5.200844252472399,TikTok,1,Socializing,28.724006139211856,1,4.68536839941131,High,75.61479750811348
18,Male,UK,4.625320641492507,Twitter,3,News,21.4072328140112,1,6.054733706712623,Medium,45.28241991834424
17,Male,India,1.1247768112238243,Instagram,3,Socializing,18.473191582297925,1,8.383641142223071,Low,43.68742575525533
17,Female,India,3.21285303205892,TikTok,3,Socializing,35.12313630857925,0,7.690487344199113,Medium,59.97835602619427
22,Female,India,7.791216369407397,Twitter,2,Content Creation,19.5415732830951,1,3.799227227792585,High,48.19793577831585
18,Female,India,1.6263017669023885,TikTok,4,Entertainment,29.39927170777204,1,8.074591386997314,Low,47.7975874965804
17,Female,India,4.876265513026479,YouTube,1,News,5.756050716846811,1,6.288240642104832,Medium,44.55310135249947
19,Male,UK,4.775630212515307,Twitter,5,Socializing,37.97177170229722,1,5.473429034804932,Medium,55.53255572758012
20,Male,Germany,3.127598479684749,YouTube,4,Entertainment,46.02780805113504,0,6.903774924357037,Medium,52.75366365385983
14,Female,Canada,5.311258225593493,Instagram,2,Content Creation,30.414678192723287,0,5.615624012201718,High,9.908457627488318
16,Female,USA,2.5995519088586487,Instagram,1,News,21.14071463456657,0,9.344982140196583,Medium,64.01734601593833
27,Female,India,1.640606962374365,Instagram,2,Entertainment,41.927232759062825,1,8.20781171869823,Low,20.1023348491408
13,Male,Brazil,1.3090928042840382,YouTube,2,Entertainment,11.077594859715488,1,9.668939441821164,Low,29.27726825310395
16,Female,UK,1.9406835581498103,YouTube,2,Socializing,24.137079971338512,0,8.375677610027958,Low,66.13842188441356
13,Male,India,4.9056720887368135,YouTube,5,Entertainment,27.569939266814444,1,6.095700202799145,Medium,50.702514842974985
20,Female,USA,2.4804958841955305,TikTok,4,News,29.53903675850659,1,8.72704075798238,Low,76.79206068192359
13,Male,India,2.050473267735021,Instagram,1,Socializing,8.91672379866636,0,6.312830144325908,Low,31.394932639540123
25,Other,USA,4.689097062448932,TikTok,3,Entertainment,12.79965134741428,1,6.1323784914249,Medium,0.7283469926326944
16,Female,India,4.8509626114478825,Instagram,4,Entertainment,17.304266291440776,1,7.19521492082221,Medium,19.876446299538436
17,Female,Canada,5.192904266769415,Instagram,5,Content Creation,40.89719679674592,0,4.889632811238831,High,70.80974644326463
19,Male,USA,5.3994424927980464,Instagram,1,Education,26.89107804469554,1,6.574140389435994,High,3.7597524170035896
26,Male,India,1.8972788911322256,Instagram,1,Education,9.092852733434436,1,7.935093512395682,Low,51.44039513663672
24,Male,Brazil,1.830272487437932,Instagram,4,Entertainment,30.821645624302825,0,9.722334108379773,Low,59.13571912480596
25,Other,India,3.6187867643994056,YouTube,3,News,32.62155428488193,0,8.25859329094803,Medium,34.65290314307282
19,Female,India,1.82803500540766,Instagram,3,Entertainment,39.99119720251894,1,7.766000680560245,Low,61.82491365376812
17,Female,Germany,2.2557566254252626,TikTok,1,News,26.06180318085372,1,8.406515677933113,Low,29.120405971710017
20,Female,India,3.6696430102606894,TikTok,4,Socializing,5.0,1,5.330257536891653,Medium,33.20918392864225
13,Female,India,3.3005159233947805,Twitter,5,Socializing,31.7043557865587,0,7.213316619749249,Medium,48.13998113648902
13,Male,Brazil,1.052916743207756,TikTok,3,Entertainment,38.14265616631565,1,9.772036139831997,Low,63.81241590135592
16,Other,India,4.0359302340664245,Instagram,2,Socializing,21.6727691905394,0,7.462522211731152,Medium,43.571696071293246
17,Female,Germany,2.249858417697856,Twitter,5,News,31.45200249090324,1,8.087600315397784,Low,35.55599245410392
18,Female,India,4.599642667567329,Twitter,2,Socializing,19.79234305257585,1,6.341354588763223,Medium,76.94572279676872
17,Female,India,2.380990601954779,TikTok,5,News,33.64492925342724,1,9.359615376852364,Low,5.596657308712679
17,Female,India,4.612111684372235,TikTok,4,News,27.536849950863683,1,5.789018297003098,Medium,77.3042436035378
23,Male,USA,3.638805476461412,YouTube,4,Entertainment,12.528501371503392,1,7.722174093959525,Medium,80.72402662168028
15,Female,USA,0.5,Instagram,1,Entertainment,29.067416740858484,1,7.819048056475081,Low,31.483136292821683
27,Female,India,4.375232723139029,TikTok,4,Entertainment,34.02505993304665,1,5.377849186332974,Medium,31.099209843500248
18,Female,Canada,3.1106579765063667,YouTube,2,News,17.60410848345867,0,9.418513224420382,Medium,46.65635522206699
22,Male,Brazil,6.214700358156097,Instagram,2,Entertainment,30.45242414425435,0,5.356875635978956,High,32.274854690898586
22,Female,India,1.896928736698236,Instagram,1,Entertainment,37.76484942627668,0,8.425501999123217,Low,81.51075195621942
27,Male,Germany,4.188674678142791,Snapchat,3,News,37.029545095643314,0,5.545890148154797,Medium,53.5968326448763
15,Female,UK,5.1220806250478255,YouTube,3,Education,29.967468381807087,1,6.253976810090803,High,47.570696749172
24,Female,UK,2.8135816906511217,Snapchat,2,Entertainment,25.82618978434762,1,7.032567817953265,Medium,50.54739692355055
15,Female,Germany,5.201722920366995,Instagram,3,Socializing,33.57793198650925,0,6.366224810869934,High,53.99926330846601
21,Female,USA,3.3963727082412203,TikTok,4,Socializing,5.0,0,7.187035474908591,Medium,72.14698425229096
25,Male,India,3.2446190183437253,Snapchat,5,Entertainment,28.4809146027176,1,6.756788754532465,Medium,34.918921210895576
25,Female,Brazil,5.954922588910751,TikTok,5,Socializing,22.47994966297544,0,5.321344194362703,High,52.021823439289776
14,Male,Germany,2.7632555096875904,Instagram,4,Entertainment,25.8047092006994,1,9.167221377452645,Medium,12.266002474062535
15,Male,UK,2.816911927917576,Instagram,5,Entertainment,29.182833251220227,1,7.645630590627325,Medium,31.69354290063085
22,Male,India,1.800823510914222,Instagram,2,Entertainment,31.811633232465542,0,7.985810505526501,Low,52.52825681477108
26,Female,India,2.7564713055420054,TikTok,5,Education,15.834670849394406,0,7.365631506483845,Medium,51.68174008156301
22,Female,India,1.4593168551976547,YouTube,2,Entertainment,33.776929377228946,1,8.528431673963889,Low,60.01480111454937
17,Male,India,3.7494027364364455,YouTube,3,Socializing,21.17814017010339,1,7.734062299456396,Medium,27.60979484799784
24,Female,UK,4.987322013729623,Twitter,5,Education,36.17212422485661,0,6.355012433570419,Medium,56.34832793073453
24,Female,Germany,3.4825479842705187,Instagram,5,Entertainment,24.9351256744845,0,10.0,Medium,48.18080549921626
15,Male,UK,2.7105017441275523,Instagram,4,Socializing,21.83545357309352,0,7.867072800702282,Medium,55.49985200054698
14,Male,UK,1.120321827374419,YouTube,2,Entertainment,25.175537226367847,0,8.118911796468057,Low,8.832846297804643
22,Male,Canada,4.724755859116552,YouTube,3,News,21.263104898816003,1,6.366994772426743,Medium,56.06049806215543
21,Male,Canada,2.037458998897499,Instagram,5,Entertainment,25.6241575711332,0,7.937786565808938,Low,41.21668719062463
16,Female,Canada,4.893382862062402,Instagram,1,Entertainment,38.864709019644096,0,7.902962331136795,Medium,51.5604675529685
27,Male,UK,3.0589726091857488,Instagram,4,Entertainment,22.16504547802649,0,10.0,Medium,35.19196582094941
20,Female,India,7.154361567288641,Instagram,4,News,10.923892172449566,0,4.223591704528574,High,36.68891750982844
27,Female,India,5.530877362407253,YouTube,4,News,21.05348437174249,0,5.52306783599576,High,57.11743217395538
25,Male,USA,4.648866258969133,Instagram,2,Entertainment,30.734664515279952,1,7.331773447900719,Medium,33.85666961884001
16,Female,Australia,4.9914635107715135,Twitter,4,Socializing,32.9395007109025,1,5.908015937062463,Medium,33.30688179594469
20,Male,India,2.768648310254192,Twitter,3,Education,23.466651079740377,0,6.948347090005024,Medium,0.0
13,Other,UK,3.220410819550457,Instagram,3,Education,25.971974998383256,0,7.268741483918689,Medium,63.66459346931171
24,Female,USA,5.519483902991567,YouTube,4,Education,30.347021931078025,1,6.899373473495018,High,67.47032994916084
23,Male,India,2.181837016684644,TikTok,4,News,36.62185236546116,0,9.005880684112194,Low,52.60199331014622
18,Male,India,2.961225689685824,Snapchat,4,Entertainment,35.86341421016915,1,8.136127552832889,Medium,18.16639242967542
15,Female,USA,1.9459429134217932,Instagram,3,Socializing,40.399605938569486,0,9.710169519326152,Low,52.355578517113344
21,Male,India,5.25984691290869,TikTok,4,Education,11.532572291479264,0,5.806584260479817,High,60.37497329729199
27,Male,India,2.942429983586714,TikTok,2,Socializing,23.562870783133373,0,8.694880853191146,Medium,39.08567467712562
17,Male,Brazil,1.6781184270909772,Instagram,3,News,30.48509627393671,1,8.839007964625747,Low,63.70047469601883
14,Male,India,4.466738718098922,YouTube,3,Socializing,24.852102929866327,1,6.575513196175295,Medium,59.00270588992659
19,Other,India,0.5,YouTube,5,Entertainment,17.860910074991743,1,10.0,Low,36.67105278359374
13,Male,India,1.092777552976525,Snapchat,2,Socializing,26.73033077498249,1,9.37693868192417,Low,0.0
19,Male,USA,5.126886945439983,Instagram,3,Socializing,37.50306643118362,1,4.813493998520265,High,53.16163504163045
19,Male,Germany,3.1329991466777933,TikTok,3,Socializing,21.611468028655924,0,7.950631984111552,Medium,53.79431986759679
24,Male,India,1.9438615164537407,Instagram,3,Socializing,22.360380851345383,1,5.969229274064755,Low,32.23783901534051
13,Female,USA,4.712829977955776,TikTok,1,Education,9.650981692295192,1,6.27657252420468,Medium,55.17714430307698
14,Female,India,1.3750410600887486,TikTok,2,News,24.42496411489428,1,8.5353726970449,Low,58.25435348941231
23,Male,Brazil,0.5,YouTube,5,Socializing,22.220954727607225,1,8.657279268792328,Low,54.509606697733616
22,Female,UK,3.2130113774123226,TikTok,4,Entertainment,8.617439085516935,0,5.548186075941556,Medium,39.72377593613486
16,Male,Germany,4.044856907287538,Instagram,5,Socializing,22.68087301750878,0,5.826266612393583,Medium,26.807444373517225
15,Male,Germany,2.8985079155740205,YouTube,5,Education,17.737307775510434,0,7.281800836885196,Medium,41.04823165239087
16,Female,India,4.490944364563581,YouTube,5,Socializing,26.255954686086618,0,4.834684813581919,Medium,72.65428728636047
17,Male,UK,3.661278604852303,Instagram,4,Entertainment,18.239740803759684,1,7.698797313753438,Medium,63.61790852315302
20,Female,Canada,5.731772748266428,YouTube,2,Socializing,25.94405191711729,1,5.02479568014789,High,23.955513092945388
27,Female,USA,2.9234108296530006,Twitter,4,Socializing,34.45699491567113,1,8.573932631136827,Medium,21.248924423166407
22,Female,USA,1.0815068697004664,Instagram,5,Entertainment,43.68952042734034,1,9.717979356357215,Low,32.4212343205465
24,Male,Australia,2.6152526167477044,TikTok,4,Entertainment,30.41779573329135,0,6.984698726787032,Medium,43.845054245709576
17,Male,Brazil,3.1961658380674507,Instagram,1,Socializing,12.34280162126188,0,7.391532289446702,Medium,24.31971083603934
27,Female,India,5.2893150966318085,TikTok,2,Entertainment,19.644059159852063,0,5.203869690645115,High,35.29031856781751
25,Female,India,2.7474288922256958,TikTok,2,Education,34.330378129213805,1,7.603466929408045,Medium,54.42333499919677
13,Male,Brazil,5.5985972946111175,Snapchat,3,Socializing,13.840926051794648,0,7.277563800403589,High,34.94457191134646
25,Female,India,4.24896586453911,YouTube,5,Education,36.52338049208798,0,7.420342044240705,Medium,20.93629088135897
15,Male,India,4.371780885508209,YouTube,4,Entertainment,35.00103722663084,1,7.797979707255727,Medium,37.92333710406454
14,Female,Australia,4.806416196265819,Instagram,2,Entertainment,18.714218571850907,1,4.815462272597694,Medium,47.55959259393217
18,Female,USA,4.5374829545133775,Snapchat,4,Education,19.966356710636624,1,6.801482812689946,Medium,11.902569634139844
21,Male,Canada,1.339196656100409,TikTok,5,Socializing,18.500061443675406,0,8.592055218261077,Low,35.52441586148247
23,Female,UK,3.6306217938093135,Twitter,1,Entertainment,23.553690460870985,1,6.162502388424426,Medium,52.06731610256512
15,Female,USA,3.7835024069856735,YouTube,1,Education,30.90126384048886,0,6.828891892888929,Medium,31.737433766316727
23,Male,India,2.162818575797034,Twitter,3,Education,23.256816126737768,0,9.90885950697635,Low,36.60478219442227
20,Female,USA,4.169438396850683,Snapchat,4,Education,8.599018815307243,1,5.354620920171728,Medium,36.90924128067814
14,Female,Canada,3.822725885654848,Twitter,4,News,31.515874369476848,0,8.551774292331984,Medium,38.65828212913566
26,Female,India,4.834974543528206,Snapchat,2,Content Creation,6.695132248341853,1,5.877270902364294,Medium,68.20554475053679
24,Male,UK,0.5,YouTube,4,Socializing,28.496069335201973,0,8.824301466634992,Low,36.14876422333948
19,Female,Canada,2.654083968076065,Instagram,2,News,27.578524790591644,1,7.163323565879825,Medium,15.46528825411442
27,Female,India,1.7942070887616337,Instagram,1,Education,28.105320644428424,1,8.102659598720125,Low,51.99795054064544
13,Female,India,2.7258283770411,TikTok,2,Education,21.765652130219305,0,7.271754016937295,Medium,32.488425301557584
24,Female,UK,3.0188540926116225,Instagram,5,Socializing,26.8647689518992,1,6.70654556238306,Medium,57.89906799777157
13,Female,India,3.181990411060022,TikTok,4,Education,38.93642254912957,1,9.353596928800943,Medium,67.30679061597016
13,Female,USA,3.5493449323188444,Instagram,5,Education,18.53488489390049,0,7.941335863544556,Medium,37.40723752203797
14,Female,Canada,8.119449680065912,Instagram,4,Entertainment,19.12759315679696,1,3.3794141913346607,High,28.22702388088814
21,Male,Germany,5.153228904066988,Instagram,3,Socializing,20.299693876722397,1,6.373839004610197,High,70.44771941116261
26,Female,Canada,4.410387875611018,Instagram,5,Education,36.7853957176588,1,6.3230368833139865,Medium,25.53742658115459
15,Male,Australia,2.497030459583101,TikTok,5,Entertainment,28.682318929561664,1,9.326657682181908,Low,21.31643757847722
26,Female,USA,3.559014242431098,Twitter,5,Education,27.0458337594098,0,6.010006675397062,Medium,14.64608988188191
19,Female,Brazil,4.965200044606944,YouTube,5,News,30.409144524299897,1,5.135252086575094,Medium,57.14797600433779
25,Male,Canada,2.916282706487193,Instagram,5,Entertainment,32.993805329855604,0,8.75224388365433,Medium,37.68376206250763
26,Female,India,4.454196734402361,TikTok,3,Entertainment,19.64414665778831,1,6.478772444794425,Medium,42.6796748665386
25,Female,India,2.9549808847683297,TikTok,5,News,23.88259564615716,1,9.14405540414823,Medium,31.83157806509169
22,Male,UK,1.7992679955156712,Instagram,2,News,21.81561467578686,1,9.062778407800767,Low,21.643688165750483
13,Male,Germany,6.843178978933845,YouTube,3,Socializing,23.950143448545557,1,4.012845833419622,High,11.764688585134706
24,Male,Germany,4.787328901877731,Snapchat,5,Entertainment,31.00268384378353,0,6.334042407224304,Medium,56.534080502426015
27,Male,Brazil,1.5266228469752363,Instagram,5,Socializing,16.205680414552187,0,10.0,Low,65.55527439589359
20,Male,Australia,2.447033271318145,TikTok,1,Entertainment,14.827434920721508,0,7.798234830558823,Low,81.44453436276045
14,Female,Germany,5.128962852141745,Instagram,1,Entertainment,31.23467663899785,1,6.748107644319711,High,61.71363408855734
21,Male,India,1.2550266121115032,YouTube,3,Socializing,12.133074194907527,1,10.0,Low,46.414291151323255
16,Male,USA,1.2996333242495566,Instagram,4,Education,27.2821729641102,1,9.603489373825376,Low,57.92057118348269
21,Female,UK,3.744489846473381,Instagram,3,Socializing,28.42495972876449,0,7.187584035537881,Medium,67.41448141263575
17,Female,USA,2.1746564063130567,TikTok,2,Entertainment,9.767011809404114,1,9.718122601897084,Low,66.85856517416632
17,Female,India,2.4916455677534515,TikTok,1,Education,45.722165110377446,0,8.353430390414832,Low,67.24849228531643
18,Male,India,1.4948722370461978,Twitter,3,Entertainment,18.144228209380625,0,7.411583552036053,Low,40.9884074415679
25,Female,Brazil,3.0934913617707736,Snapchat,3,Entertainment,27.56694548332998,1,8.882552409143265,Medium,27.31686784888392
27,Female,India,4.083900448433436,Instagram,5,Socializing,33.194402520483,0,5.091694062483862,Medium,12.644787511359931
27,Female,USA,3.640461689833315,YouTube,1,Entertainment,37.54625554935512,0,6.563656899426621,Medium,37.02202887340983
20,Female,India,4.489191828342813,Instagram,2,Socializing,30.45501222240408,1,5.657220485015454,Medium,75.93371005252448
15,Male,USA,4.26586921180217,YouTube,4,Entertainment,23.844183026253784,1,6.946955740150347,Medium,20.070130080931364
17,Male,Brazil,3.755933685857512,Instagram,4,Entertainment,35.775599947201336,1,7.805822049315292,Medium,54.33987972362533
18,Other,Brazil,1.757319659661319,Snapchat,2,News,6.645274945955933,0,7.9874536453942016,Low,58.52803285205859
14,Female,USA,3.2054686735896443,Snapchat,3,Socializing,5.0,1,6.891623887943089,Medium,62.79166900829652
27,Male,USA,4.461757903306485,YouTube,4,Entertainment,31.393608792097748,1,5.849609681702866,Medium,7.35939506391265
25,Other,Canada,4.792400490474234,YouTube,2,Entertainment,22.338068324569367,1,6.9161743103168165,Medium,5.948188183896022
14,Male,India,3.1529993162176337,TikTok,4,Content Creation,12.83706513455815,0,6.294727283204046,Medium,44.130045832824926
26,Female,India,2.6721123044619794,TikTok,2,News,21.88900827440637,1,7.811953991930386,Medium,63.80040031919116
13,Female,Brazil,2.655069698351728,YouTube,4,Entertainment,24.20598235946682,0,7.834986798638474,Medium,8.085771231127708
13,Female,India,3.004091348932997,Twitter,4,Socializing,5.047152772637656,1,7.438038196382488,Medium,48.7731056465841
20,Male,India,4.764102885148931,Snapchat,4,Entertainment,26.86821517490484,1,6.4527183024339845,Medium,22.44220659470162
27,Male,Germany,5.320257010073014,TikTok,4,Socializing,7.474492940931775,0,7.545489280006573,High,16.229319763409777
18,Female,USA,4.0835906452922925,Instagram,5,News,29.25139999825805,0,7.694387013736646,Medium,49.24942193635904
19,Other,India,3.7250511225908807,Instagram,4,News,7.494974336376707,0,7.837223237737949,Medium,62.23963392876242
21,Female,India,4.111258258652631,TikTok,5,Entertainment,30.639099635507804,1,7.490944422672037,Medium,45.62274604014846
23,Female,Canada,5.912125080754425,Instagram,1,Content Creation,28.40546989773705,0,5.24209420533083,High,43.41498761777193
26,Male,USA,6.900377770728097,YouTube,3,Socializing,31.03940439973499,1,4.525378606749063,High,35.51544507152435
23,Male,USA,2.9915738839501307,YouTube,3,News,38.012700140142485,1,6.335164449595684,Medium,5.854536149939335
13,Male,UK,6.488064709193647,Instagram,1,Entertainment,15.87333192835098,0,2.2307816135823626,High,60.27720841361637
26,Female,UK,5.380330776097779,Instagram,3,Entertainment,30.83474568976485,0,6.607129390043247,High,58.97269171277378
21,Male,USA,1.572835317420516,TikTok,5,Socializing,28.171592939938066,0,9.014106477464166,Low,34.04261805882057
27,Female,USA,2.5042859998722005,YouTube,2,Entertainment,27.76052624315092,1,8.868960396185368,Medium,72.58958426206524
20,Female,Australia,3.8815798197079103,Instagram,2,Socializing,22.51107248763396,1,5.540196410301152,Medium,51.68976008729694
24,Male,Australia,4.815046110726778,TikTok,4,Entertainment,38.03007929019711,0,3.982208199669525,Medium,34.24887757226027
27,Female,India,5.472297743170492,Instagram,3,News,41.22427627889602,1,4.808453177294917,High,55.901618076647125
16,Other,India,3.254713204818699,TikTok,5,Education,11.571358593733912,1,8.039386871653162,Medium,65.63809644044949
20,Male,Canada,1.1323206553142735,Instagram,2,Socializing,21.847153624664347,1,6.669221217992105,Low,24.39545160382778
15,Male,USA,3.713845826471565,Twitter,4,Socializing,33.12691533485378,1,6.370600515082749,Medium,38.54745515892317
17,Female,Australia,3.966648693520402,TikTok,4,Entertainment,37.29804626355242,0,6.616989485053892,Medium,38.862005965358144
15,Female,USA,4.564043488118911,TikTok,5,Entertainment,35.21916183627659,1,5.510019571758924,Medium,47.87596418893219
16,Female,USA,3.63285978198975,Instagram,1,Content Creation,32.00137896408018,1,8.566170110238183,Medium,5.041808022559991
23,Other,India,1.5738504373414877,TikTok,2,Entertainment,18.02330963855073,0,8.199344948699242,Low,37.71949494060768
13,Female,Brazil,3.712447683593098,TikTok,4,Entertainment,43.30945375755495,0,6.821444836027157,Medium,7.585027144901488
15,Male,USA,4.574616926898415,YouTube,4,Socializing,14.412119880514933,1,5.529818712740941,Medium,20.20748963130817
15,Male,Brazil,2.721395951906254,TikTok,4,Entertainment,42.185159420743936,1,7.333299499485538,Medium,19.87855680121333
18,Female,UK,4.0681568836375135,Instagram,3,Entertainment,17.53033688545414,0,7.342330126887229,Medium,13.126028792936175
19,Female,India,1.3214184859668996,Twitter,2,Entertainment,39.52147357033618,0,8.939703297868041,Low,53.90050196175651
25,Female,India,0.5,TikTok,1,Entertainment,35.93974750111823,1,8.901529160819177,Low,23.16545994386652
13,Male,Germany,4.014154116405654,Instagram,1,Content Creation,8.188369067061622,1,6.959316992727032,Medium,21.39162050601145
26,Female,USA,5.225536380780529,TikTok,1,Education,23.282425935146,0,7.897662848216516,High,30.54779415009737
15,Male,India,0.5,Instagram,1,Education,23.008322385594624,0,10.0,Low,79.75021838105033
22,Male,India,0.5,Snapchat,2,Entertainment,32.19635286300453,0,10.0,Low,72.57800389543557
24,Female,Canada,2.7409592280825605,TikTok,5,Socializing,27.841820920817128,1,7.426498955803773,Medium,58.171366194659385
23,Female,India,3.82493198778066,TikTok,5,Entertainment,35.53531516416542,0,7.787392747619473,Medium,82.38531733789844
16,Female,Australia,3.0376086815715557,YouTube,4,Socializing,18.818126951828496,0,7.675134079588981,Medium,23.62794992504328
20,Female,USA,0.8656707821272578,Twitter,1,Content Creation,5.158547600594595,1,8.4971065804581,Low,40.88546242292998
18,Male,India,1.0905241295734922,TikTok,4,Education,13.361306739599714,0,8.80454238667697,Low,67.503339220534
20,Male,Germany,5.100471263763172,Snapchat,2,Entertainment,20.97858324868817,0,7.064874815474033,High,37.98047512068134
17,Male,Brazil,4.203371139199856,YouTube,2,Socializing,26.65633421424226,1,5.954331958637742,Medium,13.23542406949397
14,Male,UK,4.870637737266565,Instagram,3,Entertainment,38.487042226441744,0,7.565375956435453,Medium,7.522389300006147
27,Female,Germany,2.76131822214403,YouTube,2,Education,39.99053827132868,1,6.411196587353347,Medium,58.4429647070382
20,Male,UK,1.6518454209776148,TikTok,2,Socializing,43.863239021026885,0,9.371454701694146,Low,56.46318349854085
25,Male,UK,4.757684643134367,YouTube,2,Entertainment,25.63693272937554,1,4.56143371084788,Medium,42.82852065144934
14,Male,Canada,0.5,Twitter,3,Education,10.319172706044778,1,8.180732287546457,Low,31.36962017130045
16,Male,Canada,3.1711579964209067,Twitter,4,Socializing,5.0,0,7.042840023972227,Medium,33.07207851093558
21,Male,Brazil,3.088655144625516,TikTok,4,Socializing,17.57586161496073,1,8.216564885522219,Medium,31.33586503123078
26,Female,Brazil,5.9710317735805125,TikTok,3,Socializing,47.43384598150815,1,4.505295442423206,High,53.27122703625986
13,Male,USA,3.760403295552458,Instagram,1,Education,46.07970710267992,1,8.406240468657426,Medium,39.78153020048447
27,Male,Germany,1.5134300835096683,Instagram,5,Entertainment,24.179540871077947,1,8.724243883994012,Low,60.200286317982986
18,Male,USA,6.656168421198476,TikTok,3,Content Creation,28.241226001018795,0,5.400421462777833,High,55.70422879629942
18,Male,India,1.4210682059982602,Twitter,3,Socializing,39.367031143769424,0,9.557744194810608,Low,0.8647562776823463
18,Male,Canada,4.395464192862555,Snapchat,3,Entertainment,43.75819244013936,0,5.973984452412128,Medium,68.95059075509238
19,Female,USA,4.00140246951297,TikTok,5,Entertainment,21.993543457205696,1,7.31913231384942,Medium,115.58836161429755
20,Male,India,2.8054187332482567,Instagram,2,Entertainment,22.32106025747037,0,7.291082963267121,Medium,8.48636150265126
27,Female,India,5.581037642487289,YouTube,5,Education,21.06486627061913,1,5.523834456732287,High,36.4870027851202
20,Female,India,3.615378298938624,Instagram,5,Entertainment,31.532127464797007,1,8.570520733949223,Medium,82.1797110950385
27,Female,India,5.871507965812558,Instagram,4,Socializing,17.462964819142723,0,4.267706863742973,High,34.2893341471356
25,Female,India,3.470517347641566,YouTube,3,Entertainment,14.890135866190391,0,6.953830059914655,Medium,58.02341157676467
13,Male,India,4.690319699422378,YouTube,2,Socializing,28.74032108543701,1,7.74588586352983,Medium,16.527642918992914
22,Female,India,2.056167455794994,TikTok,5,Socializing,26.75018417690417,1,8.060075963827861,Low,9.680051795279688
18,Female,UK,3.861396118385001,YouTube,4,Socializing,43.257534011231535,1,5.535307921448794,Medium,22.759454712704464
21,Female,Brazil,3.5803343936606127,Snapchat,3,Socializing,25.418648499782645,1,7.444343867777495,Medium,51.12413682100652
27,Male,India,3.5214881465392103,TikTok,3,Socializing,20.009907617478696,1,9.779723849523949,Medium,47.21602991736047
16,Female,Canada,2.008779617258212,Twitter,4,Socializing,34.668738206862805,1,8.625693899699167,Low,48.14259929092175
17,Male,India,4.831520758206155,YouTube,4,Education,17.564824297668117,1,5.192125316707533,Medium,37.22520942822115
17,Female,USA,5.397176363661934,Twitter,3,News,19.363269005400348,1,5.45770182957356,High,44.67886847937562
17,Male,India,4.881678675167281,Instagram,4,Entertainment,46.38967110695206,0,6.591757819262605,Medium,45.40650870251645
25,Male,Brazil,5.0374003928820645,Instagram,2,Entertainment,29.494051006126902,1,5.198310213143941,High,13.067443614012287
13,Female,USA,2.964424685115367,Snapchat,5,News,23.966315754083084,0,8.74639276124205,Medium,27.04815558172377
14,Female,Brazil,3.067040678700113,YouTube,1,Education,28.30111318817155,1,5.88185866189697,Medium,51.3720078574827
18,Male,India,3.5910965491964397,Instagram,2,News,18.9440866491426,1,8.280980087891406,Medium,44.731115173271085
20,Female,India,5.048841829954689,YouTube,5,Socializing,30.182708453399464,1,6.061060638914094,High,65.13973496117913
13,Male,India,2.457480319653738,TikTok,3,Socializing,7.671238534242807,0,6.432032160835776,Low,0.0
21,Male,India,3.055048664605362,TikTok,5,Socializing,42.008912398561705,0,7.514654928206048,Medium,31.107226697806677
21,Female,Germany,5.141225602473772,TikTok,3,Education,5.0,0,6.539029073097344,High,32.08679086556391
22,Male,Canada,4.64815364738906,TikTok,3,Education,20.67217396192389,0,6.411973451077917,Medium,22.98928559834655
22,Other,Germany,4.49447006298535,Twitter,2,Education,32.77451764713056,1,5.567467035037085,Medium,34.3249667854655
25,Female,India,3.7259075109354503,Instagram,1,Education,19.133199291999816,0,7.072251013145474,Medium,75.72644320796621
20,Female,Canada,4.406699323783246,YouTube,3,News,36.016241897182205,1,6.283132803675443,Medium,75.8498220745409
25,Male,USA,2.8301730707126844,Instagram,3,Entertainment,32.96636223388411,0,9.63325224847615,Medium,48.69977396272393
20,Male,India,1.9473289430490417,Snapchat,3,Education,26.211115274217335,1,7.62159968649869,Low,27.69259838461684
18,Male,USA,4.429183178898657,TikTok,2,Entertainment,19.123446632401656,0,6.320865969784494,Medium,65.34267629933322
23,Female,Germany,5.544863478184194,YouTube,1,Entertainment,34.01695826945774,1,5.968877716391161,High,71.53918149981368
23,Female,Germany,3.743421292666399,YouTube,4,Education,23.030654845490776,0,8.847599965094762,Medium,42.99432412356199
22,Female,India,3.953695172706648,Twitter,5,Entertainment,24.53084873470824,1,8.960591268141709,Medium,80.76320335144035
25,Female,India,6.943076526032998,YouTube,5,Education,14.698972818937287,0,4.835587897831288,High,52.34918774890043
15,Male,UK,0.7410148928259903,TikTok,4,Entertainment,30.22581370419365,0,10.0,Low,44.013560423079454
25,Male,India,2.3455243246805564,TikTok,5,Entertainment,23.777276857949552,0,10.0,Low,44.90316925209679
18,Female,Canada,4.14386610045206,Twitter,1,Education,26.09674712176784,0,4.984061079645552,Medium,67.45964211125019
13,Male,USA,6.101057542329885,Instagram,2,Content Creation,37.6171045389909,0,2.036563640610116,High,38.659917752443086
20,Female,Canada,3.1821723336647496,YouTube,3,News,16.75844279985583,1,7.686709825402787,Medium,37.363847645217
20,Female,India,2.520254983396876,Instagram,4,Education,26.625553749940146,1,7.224275197507969,Medium,63.19079287008743
20,Male,USA,5.131027121246073,Instagram,2,Entertainment,34.503129135504054,1,3.6008127768920155,High,36.87903890532921
16,Male,India,6.366791534800072,Instagram,2,Socializing,22.26418044652032,1,6.090535360089922,High,20.94793593608401
21,Female,Brazil,5.474915531214023,YouTube,2,Entertainment,30.06850208939152,1,6.461983972049902,High,15.967382452717004
23,Female,Brazil,1.7547695376561352,YouTube,4,Entertainment,26.984252015107028,1,8.267294051311897,Low,30.35187864770796
23,Female,Germany,2.921282544440591,Instagram,2,Entertainment,34.23236026880628,1,6.822746989441842,Medium,60.26072035056226
25,Male,USA,4.028240085690428,Instagram,2,Entertainment,16.815242750537188,0,7.855908966280984,Medium,56.11528035246461
15,Female,USA,2.801998699793719,Snapchat,5,Socializing,20.767696158543394,0,8.478332712576533,Medium,41.16275657584055
17,Female,India,4.324126357322989,Instagram,2,Entertainment,22.575623440034217,0,6.771537467200626,Medium,23.421096104294257
25,Male,Australia,5.078648125149229,TikTok,3,Education,20.275204453776407,1,5.620228344062404,High,55.893180970049016
24,Male,India,3.36057350465084,TikTok,3,Socializing,52.12405134837948,1,8.491899882949307,Medium,52.578039269786416
21,Female,Australia,6.188448623433398,TikTok,2,Socializing,32.45937669379216,1,5.240976885465,High,34.09328012317936
15,Male,India,2.688543891132521,Twitter,5,News,30.41781891349257,1,7.94917276687648,Medium,29.33659931323478
26,Male,UK,2.7508854288180453,TikTok,4,Socializing,22.75434107333869,0,8.576029884887978,Medium,62.40030582632114
20,Female,India,4.683674217752828,Instagram,5,Socializing,23.95487393522092,1,6.313793690930425,Medium,30.897818810886783
21,Female,Canada,2.6922879411782024,YouTube,3,Socializing,41.21324598521634,1,6.213495539148623,Medium,66.02707267195039
18,Male,Canada,5.85238777582974,Snapchat,4,Socializing,11.118569524288462,1,4.367443315227788,High,31.71340799872639
26,Female,Canada,4.449526631959669,Snapchat,1,Education,12.83225348379766,1,6.854135581864217,Medium,47.98518566644119
24,Female,India,3.6991014449425865,TikTok,1,Entertainment,25.78464349059745,1,8.030898575876696,Medium,57.34298154516068
15,Other,Brazil,3.2312049308574533,Snapchat,2,Entertainment,21.780153960816563,1,7.499216095251126,Medium,54.96093382609093
19,Female,India,5.0302800936970815,Snapchat,2,Education,22.78993865421164,0,7.378306220252836,High,40.535894117578565
13,Other,UK,4.242405324740722,YouTube,2,Education,26.83086681871016,0,6.27638488994035,Medium,20.388249944166667
13,Male,Canada,1.6409552941349577,YouTube,4,Socializing,26.06038684937109,0,9.5658027517474,Low,28.341209683382637
16,Male,India,2.454648449593243,TikTok,4,Education,51.37830026922166,0,7.126864778960706,Low,38.17069908684699
14,Female,Australia,4.934559055362604,Instagram,4,Entertainment,14.07592969499558,1,6.044282495321621,Medium,62.25925667435355
19,Female,UK,6.936642311789658,YouTube,3,Entertainment,5.619298512401365,1,2.99447371714048,High,53.99567282203672
19,Female,Germany,3.534685519103067,Instagram,5,Socializing,27.741076791246535,1,8.304813447734745,Medium,36.14922426651002
20,Male,USA,3.048538827701862,TikTok,5,Socializing,29.855626944500468,1,6.225148955962089,Medium,38.61210833433877
13,Female,UK,1.9953316454417536,Instagram,1,Education,36.37915393283895,0,9.344968737286704,Low,45.25608849255277
17,Female,India,4.62110512133043,Twitter,1,Entertainment,14.743970290054127,1,6.5620077697355335,Medium,58.4391632729361
22,Female,India,3.891117903161629,TikTok,4,Socializing,39.55179329931802,1,5.604551712021154,Medium,13.775261769568203
24,Male,India,3.010527307750128,TikTok,5,Entertainment,33.32399461986651,0,9.114434907484991,Medium,42.6777162787569
18,Female,USA,4.863070130969618,YouTube,3,Entertainment,39.32562483052551,0,7.446902446949966,Medium,46.719682853436034
22,Female,India,0.729505471298856,Twitter,4,News,29.61104567882701,1,7.456967772220425,Low,48.90658816264445
16,Male,UK,4.413590785121363,Instagram,4,Education,30.659314417348817,1,5.240567699949327,Medium,60.82757261223168
14,Male,USA,2.248652770724936,YouTube,4,Education,31.364957688098848,1,9.221743479057391,Low,0.0
25,Male,India,3.761935282271408,TikTok,4,Socializing,28.08719802302662,1,8.50977183916336,Medium,76.47055688213901
19,Female,India,1.6970301033247115,TikTok,3,Entertainment,21.054514894871804,0,9.774067109679232,Low,49.06757221177717
13,Male,USA,4.237802776726095,Snapchat,5,Socializing,18.953636998549666,0,8.016340192563664,Medium,28.01179698232321
23,Male,India,0.5487404424089499,TikTok,4,Entertainment,19.074974164253454,1,9.141256183926986,Low,47.87129027654504
19,Male,USA,4.0979613050971695,Instagram,1,Education,20.738655707807737,0,5.647697745728057,Medium,54.07995736138339
13,Female,USA,3.933967687234339,Instagram,5,Socializing,19.58713795214242,0,7.3579137286345375,Medium,21.68623514850532
20,Female,USA,4.182644573052426,Snapchat,2,Education,26.69187909980696,1,5.986710108679263,Medium,61.47381217624877
18,Male,Germany,1.8449053718798816,Twitter,5,Content Creation,28.931433984058984,1,6.739745510674201,Low,44.69496044646205
20,Male,Canada,2.2935973852302234,TikTok,4,Socializing,16.070712105777492,1,7.16932237725914,Low,34.85982868891338
16,Female,India,5.149939991448056,Snapchat,3,Education,29.635261057596303,1,4.560335019965629,High,48.999335482877086
17,Male,India,2.658163105608066,Snapchat,1,Education,24.495742534853544,1,6.845655590682585,Medium,51.92019208406769
17,Female,USA,3.5690735259505,YouTube,3,Socializing,38.31489826670735,1,7.207852116426784,Medium,34.302436139772794
17,Female,India,3.721475870458351,TikTok,5,Socializing,28.34330221875426,0,5.677031480832491,Medium,52.145856273460765
18,Male,USA,1.5650471635319634,Snapchat,4,News,15.878445403519745,0,8.228253191333394,Low,21.28862123521331
23,Female,Canada,4.323802455510892,Instagram,4,Content Creation,5.0,1,7.927683322064184,Medium,41.719527150227904
17,Female,UK,2.26051264623559,YouTube,3,News,31.899155619742515,0,7.114173204128368,Low,15.546218611835386
23,Male,UK,3.7042810227724887,TikTok,3,Content Creation,24.052325087090512,0,8.041352021374577,Medium,35.40811561554336
26,Female,Australia,4.35764090607567,Instagram,3,Socializing,39.84060298985515,1,7.402374773831499,Medium,13.648157799134228
15,Female,UK,1.6819470521738853,TikTok,4,Socializing,34.391439626976734,0,8.383353162765545,Low,13.043462514216364
13,Male,USA,3.621448593939119,YouTube,5,Socializing,23.503628332819265,1,5.754373325919704,Medium,34.15271868373634
20,Female,UK,4.317132895507325,YouTube,2,Education,6.597522246333973,0,7.040982613813308,Medium,53.95645297539413
18,Female,India,4.795906935529608,TikTok,2,Socializing,36.12926468432396,0,7.991103601572306,Medium,45.39776820032458
21,Female,India,5.247330729328748,Instagram,4,Entertainment,7.845615784901255,0,5.886353565724525,High,7.54261831261374
20,Male,Brazil,0.5,Snapchat,3,Socializing,34.091788494996315,0,9.285644031343828,Low,47.15029033846337
25,Other,India,4.198723881800559,Instagram,4,Education,18.15681513102004,1,6.515673780433874,Medium,49.4474981162502
14,Male,India,1.691385936879645,TikTok,4,Entertainment,15.091080913718873,0,10.0,Low,42.97656937235028
22,Female,Brazil,1.1087692813822971,YouTube,1,Entertainment,33.36040103571138,1,9.48595346681668,Low,63.1683125286076
26,Female,India,2.31517686321969,Instagram,2,Entertainment,35.00616512954412,1,7.566921874563825,Low,37.0651915785529
25,Female,USA,1.66863592126523,Instagram,4,News,5.0,1,10.0,Low,35.54772080124711
19,Male,USA,3.414253020868507,YouTube,5,Entertainment,22.78167692535289,0,6.477903037500198,Medium,5.249867493447844
15,Female,UK,5.1370743643788,Twitter,1,Socializing,35.76836308496832,0,5.876828969904386,High,36.06951437541631
21,Female,India,3.620075257987576,YouTube,3,Entertainment,21.992246099620186,0,6.41191661442786,Medium,28.459079467478297
18,Other,UK,3.874129591091206,YouTube,5,Socializing,22.696902205269737,1,8.587930058087954,Medium,86.43179812015818
23,Male,Germany,2.585096156040356,Instagram,5,Socializing,10.513770870199828,1,7.392938977879643,Medium,44.54662792082064
24,Male,India,1.8520723546778948,Twitter,5,Entertainment,17.479400461542568,1,10.0,Low,16.31965154888407
21,Female,Australia,2.179033757231707,YouTube,5,Entertainment,21.851473164355006,0,8.857308277164057,Low,33.38833975403081
27,Female,USA,3.415736502636802,YouTube,4,Socializing,28.0718217122848,1,6.350397856651018,Medium,46.683654295520704
27,Male,Germany,5.362141781545826,Snapchat,2,Entertainment,11.451826434564524,1,4.86217572069787,High,51.18866215822264
25,Female,USA,4.388856645520822,TikTok,1,Education,42.7177501108556,1,7.748925417520493,Medium,32.54140197986545
16,Male,India,4.865395980955126,Instagram,5,Education,24.35257214994554,0,5.90602302904114,Medium,46.56251289905603
23,Male,Germany,4.243871534554573,YouTube,4,News,6.548180229099714,1,5.462887904015065,Medium,30.65675238541885
18,Female,India,3.386362166517539,Snapchat,5,Entertainment,23.132130613851118,1,5.881422630309559,Medium,1.6601071140096195
14,Other,UK,3.580046847604617,YouTube,4,Content Creation,21.837088252832736,0,6.790794136016299,Medium,31.009027328938583
21,Female,India,3.688688270906161,Instagram,1,Education,17.589106844367166,1,6.801762706790581,Medium,59.5024936478125
21,Female,UK,3.955200822553266,Instagram,5,News,7.490853256228803,0,5.645257354104334,Medium,41.846514619147314
26,Female,USA,3.677314033277929,Instagram,3,Entertainment,34.30531340276073,0,7.888486090152267,Medium,54.89396115106176
15,Female,Canada,1.6467149487357866,YouTube,5,Socializing,19.40148372130607,1,10.0,Low,46.62000036652668
22,Female,India,3.4788339843490927,Instagram,2,Socializing,15.510821147291711,0,7.0285914651932,Medium,16.1064368186876
24,Female,USA,5.831714207307002,Snapchat,3,Socializing,25.40056826734625,0,6.169342236353911,High,45.96235757557639
25,Male,Brazil,0.7958505791626869,Twitter,1,Entertainment,32.16226747213351,0,9.945487975306644,Low,27.47262989263799
22,Male,Brazil,3.063750360303836,YouTube,5,Socializing,24.175123799704917,0,6.729364732008701,Medium,43.4018776783591
17,Male,Germany,1.795359654217082,Snapchat,1,Education,12.53065825431518,0,8.852804956029921,Low,37.49545727763479
16,Female,USA,3.4939611137809794,Instagram,1,Education,31.52955295463528,1,6.780042553068688,Medium,30.48968907347897
16,Male,Australia,2.630759737500376,TikTok,4,Education,17.032880813505336,1,9.51442153698852,Medium,33.99904974528578
21,Male,Brazil,5.897946277491174,TikTok,2,Education,25.39621927608666,1,5.663485658947863,High,19.02169459745054
19,Male,Brazil,2.200577216760856,Instagram,2,Socializing,13.13128921070928,0,8.759882745632504,Low,49.16033384102189
16,Male,Canada,4.642961358751236,Instagram,2,Entertainment,28.549330507418706,1,5.987035780348839,Medium,23.92867912729537
16,Male,USA,3.426338781195544,YouTube,5,Entertainment,11.369501693170282,1,7.451085416396597,Medium,17.81047481670354
21,Male,Australia,4.572578453420406,YouTube,3,Entertainment,16.68040192204655,1,6.6060887151028425,Medium,55.88678425188443
23,Female,Canada,2.2285089230742825,Instagram,2,Content Creation,16.481822003478136,0,7.97486545336583,Low,85.0762292297786
20,Male,Germany,1.4771027902709577,Twitter,3,Content Creation,18.44641151106001,1,9.20239859385812,Low,57.91698282360412
22,Male,Australia,2.0030640703551583,Twitter,5,Entertainment,19.20725150474292,0,8.347792395936715,Low,38.13416810566317
15,Female,India,3.017405620145073,TikTok,1,Entertainment,13.468265300071655,1,8.581214701297416,Medium,28.610744357132788
13,Male,USA,4.007748633503431,Instagram,1,Socializing,22.90470004257763,1,9.14827458820885,Medium,49.91285344349036
21,Male,UK,3.1058715163135333,YouTube,5,Socializing,11.372465992231673,0,6.798772882309394,Medium,29.651535840797447
26,Male,India,6.283903271592422,YouTube,4,Education,14.24481858157596,0,4.294847937515508,High,21.60266412807164
21,Female,USA,2.698396428091914,Twitter,2,Entertainment,22.23352721537222,0,6.549584171952982,Medium,32.62246449291113
13,Male,India,1.9171948911287224,YouTube,2,Education,15.02964009663802,0,8.655296897449709,Low,28.57490440861513
25,Female,Canada,4.437680979599062,TikTok,1,Education,23.732656967073744,0,7.960066649240538,Medium,27.402409880501743
17,Female,India,3.1214986419301787,Instagram,4,Entertainment,13.43024251595359,0,6.625257222874275,Medium,50.58613743053779
25,Male,India,3.0307966179474257,YouTube,1,Entertainment,24.473509825955198,0,6.987280787469282,Medium,1.328026810028632
25,Male,Brazil,5.252245563114944,Instagram,5,Entertainment,21.083525488396027,0,5.347607577898363,High,32.49779300036946
17,Male,USA,4.026452958779161,Instagram,2,Education,16.79784473766548,1,6.1556947262550485,Medium,54.71630656712498
25,Male,Brazil,2.239438957378816,Instagram,3,Entertainment,32.03165033604366,1,8.128927671841387,Low,53.01971224483299
24,Male,India,3.3544690684099314,TikTok,2,Socializing,28.701664496155264,1,6.792649590777977,Medium,6.898541961838788
13,Female,India,2.524731266118627,TikTok,3,Entertainment,5.0,1,7.154144836641225,Medium,30.51936604450227
27,Male,USA,3.128832290270672,Instagram,1,Entertainment,38.319384922621325,0,7.659719226065152,Medium,59.41629716823794
17,Female,India,3.500972196870599,Instagram,2,Socializing,36.54666844886935,1,9.085668758682813,Medium,25.16653170620296
20,Female,USA,3.343502538722253,Snapchat,4,Education,35.554158832921225,1,7.261092292714115,Medium,56.44258695277266
24,Male,USA,4.613285078957999,YouTube,5,Entertainment,29.282878227590093,0,7.879083721584523,Medium,41.94288801655281
21,Male,India,4.775846497365409,TikTok,2,Entertainment,44.15460565874329,1,6.146584408493193,Medium,32.42842028417072
26,Male,India,3.027494472377466,YouTube,3,Socializing,15.717002874108044,1,8.797871076692582,Medium,56.23321085945139
13,Female,Germany,2.814651824217026,TikTok,2,Entertainment,27.573043995112045,1,8.270392316112478,Medium,39.018529711177166
20,Male,India,4.374461817831462,YouTube,1,Socializing,22.970417341287103,1,6.907181491360571,Medium,75.56108425135551
20,Female,UK,3.664714228267452,TikTok,4,Socializing,35.44264554115543,0,5.992761519933795,Medium,36.190379012374805
17,Female,Germany,7.604333312804152,Instagram,5,Socializing,11.87510714731909,1,3.2228393632060857,High,35.43774640750867
17,Other,UK,2.223212363543756,TikTok,4,Entertainment,27.2436963338334,1,8.471003109074907,Low,49.93312489011343
16,Female,India,4.369740568673496,TikTok,4,Education,20.11019662410349,0,4.800896276489237,Medium,53.43341946981122
18,Female,India,4.864611776836577,TikTok,1,Education,26.81596580491712,0,5.912002709910232,Medium,41.86948816502443
24,Female,India,0.5,Instagram,1,Entertainment,22.48134332887062,0,10.0,Low,78.56282193905736
23,Female,India,3.879497434340896,Twitter,2,News,29.222446601319295,1,8.345349770087608,Medium,19.082904391233484
17,Female,Canada,1.922533089174288,Snapchat,2,Education,39.402085170030986,1,8.062323114812056,Low,22.080982632941957
20,Male,Brazil,4.151581757651106,Instagram,1,Education,23.100046774114084,1,6.271158819383677,Medium,53.14084448155671
14,Male,India,3.590852852751122,Snapchat,3,Socializing,7.71317328399671,1,7.833731793693462,Medium,63.583408921087816
18,Female,UK,4.145495696471127,YouTube,2,Socializing,9.764671912886747,1,4.986333365535564,Medium,51.57475153772664
23,Female,Brazil,2.745002614943888,YouTube,5,Education,34.646254031787535,1,7.36333776615679,Medium,38.938617839970185
20,Male,USA,3.908048290605995,Snapchat,1,Education,17.64374296485049,0,8.05686775783702,Medium,61.19253823989858
22,Male,India,3.2583609852035265,Instagram,1,Entertainment,27.46481558249036,1,7.376260907282824,Medium,64.18701132395009
18,Female,India,5.026941458311524,Snapchat,1,Socializing,28.92881851290094,1,6.149229051931545,High,20.517419105481032
15,Female,USA,3.17754804745087,TikTok,3,Socializing,16.27262247456496,1,7.686295755649582,Medium,36.461710998232086
24,Male,USA,3.059365506941613,Twitter,2,Socializing,12.72922843770299,0,7.666916166508432,Medium,47.136402327041566
13,Female,Brazil,5.424956486874635,Snapchat,4,Socializing,20.573918136936776,1,6.386111051030345,High,20.263006156999435
15,Female,Germany,4.356761912389404,TikTok,2,Content Creation,37.42768911539099,1,4.972615819813001,Medium,42.18235571452669
27,Female,India,5.264232623568284,TikTok,5,Entertainment,27.241119702627905,1,6.273616336291506,High,56.50907834780891
15,Male,UK,3.939177748810084,Instagram,2,Socializing,27.23783362489552,1,7.157891349915179,Medium,93.75878840389308
13,Female,UK,4.1097299069715945,YouTube,3,News,40.26226047778023,0,6.549855552681332,Medium,47.37400708321461
27,Female,India,6.283351393905537,YouTube,3,Entertainment,28.654732955266617,1,5.807995148213016,High,40.9104559947402
13,Female,USA,6.346632473578683,Snapchat,5,Entertainment,5.0,0,3.937346858673613,High,56.53093702183407
25,Female,UK,5.129649617726357,Instagram,3,Entertainment,14.26326329801242,0,6.811369935591142,High,53.7814224438791
16,Female,USA,1.6281023164655632,TikTok,5,Entertainment,47.29172471218263,1,8.782787396191594,Low,68.483155742287
27,Female,Canada,2.3416004373184824,Snapchat,1,Education,30.020950616338755,0,8.101261833832766,Low,25.5420253536148
22,Female,India,4.042458849164308,Instagram,3,Education,16.392434892342358,1,7.116834755720574,Medium,40.02818699144393
27,Male,Canada,2.268728264940754,YouTube,2,Socializing,5.016720604796024,0,7.975875681924222,Low,46.858352523920864
27,Female,Brazil,1.8618044015306412,YouTube,1,Education,35.32085548080954,0,10.0,Low,56.530876606358056
25,Male,Canada,3.824726972398557,Instagram,1,Entertainment,23.961398432112183,1,6.758363332201288,Medium,31.352651804206022
25,Male,UK,2.4176218583765925,Snapchat,5,Entertainment,39.98908799958055,0,10.0,Low,30.77202020262961
20,Female,India,3.4073558039126373,Instagram,3,Socializing,44.193031249795,1,7.887436399604216,Medium,11.709005515821032
13,Female,UK,0.5,Instagram,4,Entertainment,46.93093170126318,0,9.709599253897244,Low,13.311108385780695
26,Other,USA,0.7918177180757127,YouTube,3,Entertainment,23.58775125692584,0,10.0,Low,56.05422767847732
27,Female,Canada,2.8630953215269117,Instagram,3,Entertainment,29.795140496769577,1,6.483188267216443,Medium,17.754770750476453
18,Male,Canada,4.560086568520483,Snapchat,2,Education,24.390417268524235,0,5.745055879784729,Medium,53.89053042992593
17,Other,India,5.945582210756703,Instagram,3,Entertainment,22.06447619101189,1,5.752971095637394,High,30.890074183410523
20,Female,USA,3.872001503599402,TikTok,2,Education,22.85616473650092,0,5.571408224492997,Medium,53.29852175506325
24,Other,Brazil,4.567844972850203,Instagram,1,Education,22.998265960389705,1,6.496979449140414,Medium,54.79835008703351
19,Female,India,5.15690460061218,Instagram,5,Education,23.53337522632743,0,5.00656728123869,High,21.076144724922493
25,Male,USA,4.302459928387166,YouTube,5,Entertainment,14.120650121418944,1,7.956513496990489,Medium,44.23143789061093
17,Male,USA,0.8417135469346535,TikTok,4,Entertainment,15.451620354061427,0,8.59378594864805,Low,21.61369708843498
25,Male,India,4.9315203528201295,Instagram,4,Entertainment,17.43820104866627,0,7.795040724089134,Medium,49.54938231538256
27,Female,UK,2.768989229117913,Instagram,1,Socializing,24.735216066559424,0,7.933441021571238,Medium,57.67701714922119
16,Male,Australia,2.777743667649464,YouTube,1,Entertainment,16.88957471508534,1,7.341220963633924,Medium,56.67105276949081
20,Male,UK,4.384665766281782,YouTube,2,Entertainment,29.375461290715947,1,6.067997495023834,Medium,57.334385482236215
14,Male,India,5.035484446786677,Instagram,2,Entertainment,42.53574268260448,1,5.387387566070654,High,48.77278859113704
23,Female,Canada,3.555072015569227,YouTube,2,Socializing,37.63151513821373,1,5.834656456019292,Medium,74.25453132264253
20,Male,Canada,1.957405599146648,YouTube,5,Socializing,23.45226288244382,0,10.0,Low,37.49435273454715
22,Male,India,1.5303477999973094,TikTok,1,Socializing,27.2246440728934,0,8.76827470112093,Low,66.07685081373836
24,Female,Germany,3.76239520334696,YouTube,1,Socializing,27.997688625057872,1,7.479144626855619,Medium,53.26105870255891
18,Male,India,4.516019776091697,TikTok,4,Education,28.105811828929895,1,7.760855691894088,Medium,16.150280076062838
16,Male,India,2.395738292257503,Instagram,1,Content Creation,16.880069683478215,1,9.683160916816629,Low,48.4040571756599
19,Male,Canada,5.181062824795966,YouTube,2,Socializing,29.82948913397865,1,6.474628728460377,High,53.670533107373934
18,Female,UK,2.7928030696623325,Twitter,5,Entertainment,43.97276648389615,0,8.788758377155446,Medium,45.581122607960125
19,Female,USA,2.3971538766178635,TikTok,1,Education,18.67929770014034,0,8.349775017109373,Low,27.774596186371063
22,Male,India,4.731030554231198,TikTok,3,Entertainment,20.011347967872904,1,7.2152864278659425,Medium,58.82620409257117
14,Male,Germany,1.199284561864221,YouTube,3,Entertainment,5.0,0,7.979297637437073,Low,27.988770090195523
22,Male,Canada,2.311329898295911,Twitter,2,Entertainment,17.893924951743713,1,9.150431343109805,Low,48.82388155009789
26,Female,India,3.2921162016493697,YouTube,3,Education,38.6429667497645,1,8.47084944343694,Medium,25.56817277331344
22,Male,India,2.26293477647407,TikTok,5,Entertainment,17.445585726238182,0,9.878781119579306,Low,36.19349223402332
24,Male,India,2.7729031886027222,YouTube,2,Education,19.8070879976218,0,7.700364600689038,Medium,55.96155467711032
18,Male,Canada,2.728051721476133,Instagram,1,Entertainment,23.6791584256506,0,8.711340068153303,Medium,50.54773872976549
16,Female,Canada,4.022221975675054,Instagram,1,Socializing,23.18896368517752,1,6.896292789131444,Medium,31.944352034632963
15,Female,India,1.668267894869717,Snapchat,1,Entertainment,17.256220565048046,1,8.720809628833061,Low,58.123872902636286
21,Female,India,1.5831323580208394,Instagram,2,Socializing,5.0,0,9.422959504733155,Low,59.98259914635784
19,Female,India,0.5,TikTok,2,Socializing,26.07430677493304,1,8.607430733848965,Low,38.042547526667626
14,Male,Brazil,3.682036957690304,Instagram,2,Socializing,19.78914675431222,0,5.022345875153354,Medium,53.3121511361713
19,Male,USA,4.682172996725512,YouTube,4,News,29.23134397413272,0,4.88553389507533,Medium,37.95448485665096
21,Male,USA,4.47387006751478,TikTok,3,Socializing,14.748611613663956,0,5.941397217719532,Medium,32.5459973085368
15,Male,India,3.7381614642110894,TikTok,2,Entertainment,15.676008451280769,0,6.392363850735461,Medium,35.213257000902885
16,Male,UK,3.060191117351231,YouTube,4,Entertainment,9.196841214961768,1,6.762902598867936,Medium,26.203630976330658
18,Male,USA,4.702028294256035,Instagram,4,Entertainment,12.381174969969742,1,6.268739667382647,Medium,48.8725150410734
20,Female,UK,5.120828301143237,YouTube,2,Entertainment,23.99118094753912,1,5.624899874354547,High,63.617005377255936
27,Female,USA,4.929015328387673,Instagram,2,Education,17.497862262720414,0,5.299317458378742,Medium,17.063208927719558
21,Male,India,6.2804625756704,TikTok,2,Socializing,27.077272375714205,1,7.34071504027715,High,36.99560780807929
23,Male,Germany,2.491597802640703,Snapchat,4,Entertainment,23.690752578731004,0,8.604729402395261,Low,34.05435029067152
26,Female,UK,3.775581571952983,YouTube,2,Entertainment,24.93216213962263,0,6.045647992257451,Medium,35.11216320801739
16,Female,USA,3.9034269408394815,Instagram,4,Entertainment,16.22095984136004,1,7.208920123930662,Medium,86.4553209380012
18,Male,UK,3.6894136693840216,TikTok,1,Entertainment,33.77438877763877,0,7.417978417264575,Medium,53.32142929654687
26,Female,India,4.293271735474911,YouTube,1,Socializing,31.42322919630193,0,7.903886068302493,Medium,68.44945597166435
17,Female,India,2.825211428308843,TikTok,5,Entertainment,7.946364589897094,1,7.373564065107251,Medium,47.72113661081983
16,Male,India,6.270374262965075,Snapchat,1,Education,26.093128637709192,0,4.004120737349012,High,33.516150063295576
25,Male,Brazil,3.5137619691843414,Instagram,2,Socializing,30.813672558444228,1,7.261844792982461,Medium,23.89892761394109
23,Female,India,2.278674548128833,Instagram,4,Entertainment,32.09573392075919,1,7.630965396997811,Low,40.54910856259487
14,Female,UK,2.903332857108312,Snapchat,4,Entertainment,22.623124374360405,0,8.254869915313137,Medium,26.148108592180957
19,Female,UK,4.933434874339763,YouTube,2,Entertainment,21.371884019731368,1,6.014368950087427,Medium,19.72716938831264
21,Female,Canada,3.5671054792964414,YouTube,4,News,12.968670664869762,1,6.295111990591075,Medium,55.9939011301629
27,Female,India,3.35605363907491,Twitter,3,Entertainment,29.10771456767544,0,7.680632138717274,Medium,32.98561708697128
15,Other,USA,1.2000967372420637,Instagram,1,Socializing,26.46368415819881,0,9.69573758783624,Low,44.18604903616532
16,Female,India,2.1628471121178605,YouTube,2,Socializing,18.776579461868337,1,7.602360740875674,Low,41.071608224564
13,Female,Brazil,3.451041031419448,TikTok,3,Entertainment,12.248784002770508,1,7.739367653781299,Medium,34.729500654058505
20,Female,USA,5.2683652901222455,Instagram,1,Socializing,25.35591906146424,1,6.546862678036106,High,61.02586558434939
15,Female,India,2.0771484191818783,TikTok,3,Socializing,14.085161300413754,0,8.534300997719507,Low,44.60204281118591
25,Female,India,2.0462142801595773,YouTube,4,Entertainment,32.14592737496432,1,7.586864913380983,Low,47.78157062890188
25,Female,India,2.2858391495587425,Instagram,1,Entertainment,26.176965164927516,1,7.953191116967315,Low,26.22081820452188
25,Female,India,3.896722755705368,TikTok,3,Entertainment,38.43719994356139,1,9.25916447088621,Medium,29.703497709375483
14,Female,Canada,2.407369637942449,Twitter,5,Entertainment,39.85580055596884,0,8.855255045392253,Low,69.39569062682622
24,Female,India,1.721661187567887,TikTok,2,Entertainment,15.961727268538429,0,10.0,Low,70.78024325434795
19,Female,USA,5.161818787693626,YouTube,4,Socializing,26.926267588615232,0,6.6400308300241,High,25.168326291836152
21,Male,Canada,2.287052284628348,Twitter,2,Socializing,5.286454928598449,1,9.368703532842012,Low,8.587075901802468
17,Female,USA,2.342110395005604,YouTube,3,Entertainment,43.29385575952118,0,7.71083321428934,Low,43.86100628301894
26,Male,USA,1.7136426515256042,Instagram,4,News,29.14238027213172,1,7.340094309713356,Low,56.06359013256575
19,Male,India,2.9198234364267286,YouTube,5,News,22.334381160439765,1,7.205487335138241,Medium,12.915495474330465
26,Male,India,3.643244621296924,TikTok,2,Socializing,23.04549318642584,0,5.909145339833254,Medium,49.168305189942856
18,Female,Brazil,3.519402797419713,TikTok,4,Socializing,21.68152349416699,1,5.164138855379262,Medium,15.86071141022147
16,Female,Germany,2.6310606955303784,Twitter,3,Entertainment,37.63879675709728,0,7.103295605545478,Medium,37.538276034275725
19,Male,Canada,3.9609845146372993,YouTube,3,Socializing,41.278432493756426,0,7.464814241485394,Medium,75.28395095236971
26,Female,India,5.803143629687281,YouTube,3,Entertainment,35.8637823078119,0,4.343903910767468,High,61.21818829625472
18,Other,USA,3.544160207151108,Twitter,5,Entertainment,22.980975079525763,1,6.445571604061715,Medium,55.915056827024266
26,Male,India,4.989505452592576,Instagram,3,Entertainment,12.602090262813396,1,6.203797875208085,Medium,37.69902937910671
24,Female,UK,4.616064440946346,Instagram,5,News,23.409655425692176,1,7.023929803039025,Medium,33.82179924535252
20,Female,USA,4.069165229903096,TikTok,1,News,14.516995208711345,1,5.853671127831051,Medium,25.167527063977037
24,Other,USA,1.960228009459353,Snapchat,1,Entertainment,24.02951234545954,1,8.923477601292355,Low,47.91102617794683
14,Female,Canada,2.9276004044312263,Instagram,1,Socializing,27.546574020945368,1,6.846161370658741,Medium,34.0280208552642
20,Male,India,3.7356282769538978,TikTok,1,Education,28.92862452621046,1,8.232079770914604,Medium,41.82459499587618
17,Male,Germany,5.322504649536564,Twitter,3,Education,40.371371257640135,1,5.462343865388745,High,30.312883609780947
26,Female,India,2.267647011782413,Twitter,2,Entertainment,13.143190742434744,1,8.410836469631539,Low,28.41176012480865
23,Female,India,5.725519395754333,Snapchat,1,Socializing,39.64267170039503,1,5.468803465670106,High,42.803362146170606
18,Male,USA,2.655799224150574,Instagram,3,Education,32.83173548010587,1,8.092010158640893,Medium,62.206521372359546
20,Male,Australia,6.24129053986423,Instagram,2,Education,16.43828681710164,1,5.691012263997992,High,44.411053234501374
22,Male,Canada,4.127176934707709,Instagram,5,Education,5.0,1,7.314619213530809,Medium,43.34284899650513
22,Male,Germany,2.4124120135752816,YouTube,2,Entertainment,8.159536410189773,0,7.951807669248893,Low,42.20136444270975
18,Female,Germany,4.937324064689612,Snapchat,1,News,37.06001957258282,0,3.2927791741724826,Medium,41.03949057887493
20,Male,UK,0.7980049148463175,Instagram,5,Entertainment,35.3064345251297,0,10.0,Low,48.8705077328022
16,Female,Brazil,3.8566024101825622,YouTube,2,Socializing,19.89224814974841,0,7.525923592896431,Medium,32.636320854809256
17,Male,India,1.1339977499207312,Instagram,1,Entertainment,15.88291948842613,0,9.695599159901262,Low,25.127824136986234
18,Female,Australia,5.112187781677134,Instagram,2,Education,41.86737960914111,1,7.903851478948587,High,67.9476401109957
20,Male,Canada,2.6017764133302834,Instagram,5,Entertainment,25.253166316782625,1,8.034288103912672,Medium,7.44363346355663
21,Male,Brazil,1.215898800252186,YouTube,3,Entertainment,31.16632817598675,1,8.608100082547127,Low,78.69946489010677
23,Male,Brazil,5.321577067706357,Snapchat,2,Entertainment,34.08932232462419,0,4.30717745678324,High,23.485942957200336
15,Female,Canada,1.8960944899030348,Twitter,2,Education,30.274167413737416,0,8.182739366779922,Low,41.48687731712792
21,Male,Canada,3.5875853100865984,YouTube,2,Entertainment,39.88145477998197,1,7.010617756286868,Medium,45.984549597736745
26,Male,Germany,4.790970348932543,Instagram,3,Socializing,26.83798542610752,0,8.083457450165922,Medium,12.64592854691056
24,Male,India,3.0171965473116837,TikTok,3,Socializing,30.39097073780136,1,9.305848170351169,Medium,48.872360538440326
20,Female,USA,2.8573528644541675,Instagram,5,Entertainment,42.13270062828745,1,7.94354028537582,Medium,45.90283658857347
22,Female,USA,1.983576895712792,TikTok,2,Education,34.71099596373455,1,7.147093873634142,Low,27.376271057657725
27,Male,UK,2.556910901237581,YouTube,3,Education,19.84883474503193,1,10.0,Medium,6.425646987998292
19,Female,Germany,2.777481134332749,TikTok,5,Socializing,32.94200576614662,1,8.754160878265408,Medium,22.90949480491834
20,Male,Canada,2.475503181919551,Snapchat,2,Socializing,42.526073684119766,0,7.555392595607839,Low,58.170851833676586
14,Male,UK,4.065281666023138,YouTube,4,News,16.103943739576533,0,7.829804491581997,Medium,4.394750278473346
26,Male,UK,3.169752010568385,Instagram,4,Education,27.18586300554344,1,8.039013889467913,Medium,41.96298795708862
19,Female,India,4.713856866615839,YouTube,2,Socializing,33.49967353549139,1,6.332644906242077,Medium,32.60953150090799
19,Male,UK,5.240528272662831,Twitter,4,Entertainment,25.361113968313955,1,7.078947868892648,High,13.5860760913801
24,Female,USA,4.356001244300148,TikTok,5,Entertainment,34.77353435780338,0,6.05348008135233,Medium,47.22055521749291
17,Male,UK,3.970839366268572,YouTube,4,Education,16.210524018918505,1,8.313503972623243,Medium,50.91949210298285
19,Other,Germany,4.383891222285803,TikTok,5,Entertainment,27.065300257978173,0,7.454471314819237,Medium,51.82841710873893
21,Female,Brazil,5.872039810792425,TikTok,3,Content Creation,29.2621234340412,0,5.563470774422159,High,32.94215775229711
15,Other,India,2.2357712146936928,Instagram,3,Entertainment,22.20931777218857,1,8.728689058953886,Low,63.96309860932614
23,Female,Germany,4.422580482203766,Instagram,2,Entertainment,5.0,1,6.691513445847511,Medium,29.478823205177
25,Male,USA,3.432541529450494,Twitter,1,Entertainment,29.73506760318316,1,7.202451734602594,Medium,60.31041019941981
24,Female,USA,4.378974711260119,TikTok,2,Education,51.73738623100917,1,7.30611401851041,Medium,47.86132677571932
26,Female,USA,1.4553648783654638,Instagram,3,Socializing,33.49661531470264,0,8.774599255328821,Low,30.173841406818227
20,Female,Brazil,4.8869361638509154,YouTube,3,Entertainment,32.46253483104779,0,6.693409932302963,Medium,38.08351840021679
23,Male,India,2.420995903214409,YouTube,5,Socializing,12.27250875340914,0,9.3343295830024,Low,28.27774440826892
24,Female,USA,2.0610657012877214,YouTube,1,Entertainment,30.5368392420959,1,8.160445783121096,Low,54.551352608895584
17,Male,USA,4.2373300422341975,YouTube,5,Education,5.0,1,7.139194990600569,Medium,46.08982104542466
24,Female,UK,6.026355729109292,Instagram,5,Education,20.550808588163896,0,4.94531257774416,High,59.54168702231932
27,Male,UK,2.9850271626946654,Twitter,3,Education,22.775156364627342,0,8.066855988095229,Medium,44.90914966022675
20,Male,India,3.45257520655333,Twitter,3,Entertainment,34.01455281798759,1,7.354190986415512,Medium,9.949893122353313
22,Male,Canada,2.362032032846602,TikTok,4,News,42.01185488938508,1,8.912181818171733,Low,19.972600052119105
20,Female,Brazil,3.3022453818465216,Instagram,2,Entertainment,32.19723563482817,1,7.859535824862667,Medium,65.54836585151233
24,Male,Brazil,3.8784583080684367,YouTube,4,Socializing,25.36679934924803,1,5.582205421922838,Medium,30.095165347631312
20,Female,Brazil,4.437253501302302,Instagram,2,Socializing,38.09797110193608,1,5.929104949325547,Medium,21.019101077766987
17,Male,India,4.666386756575518,TikTok,1,Education,23.57646646543306,1,7.591187270695717,Medium,53.210024843701184
21,Male,USA,3.2472926552555776,TikTok,5,News,36.168089701061234,0,6.775983186597174,Medium,48.80497717276522
14,Female,USA,6.931908199227655,Snapchat,5,News,28.92998434048693,1,4.3209903760405135,High,32.5593948260811
26,Other,India,3.6039561378568696,Instagram,4,Education,13.99501542089634,1,7.455579344964543,Medium,51.91921245565498
17,Female,USA,4.5762759667911554,Instagram,5,Entertainment,16.825681639458928,1,6.613681795591586,Medium,38.77346550644596
19,Female,USA,3.803010308598616,TikTok,2,News,10.234820065131473,0,5.200073557026697,Medium,62.52978739512984
25,Female,Australia,0.8462922315620771,Instagram,3,Education,11.539676290125293,0,9.16666745254987,Low,12.997690108798588
25,Male,India,2.8677339008042555,TikTok,5,Entertainment,19.23607408940307,1,5.395115313548434,Medium,19.924354128597315
16,Male,USA,5.954371251315147,Snapchat,4,Entertainment,38.66293906572328,0,3.4081394497437563,High,17.031984474196207
20,Female,India,1.340966430783905,Snapchat,3,News,45.9958411998476,1,8.319437226986622,Low,46.03250517798499
19,Male,India,2.336401968509402,TikTok,3,Entertainment,19.76060669560858,0,8.216475354992589,Low,6.48493729018351
18,Male,Germany,5.266300531380299,YouTube,5,Entertainment,35.822213279408096,1,5.554524470563857,High,40.938552944337
23,Male,India,2.1098856447215577,Twitter,5,News,23.69866115927879,1,7.36468680049768,Low,33.14760049696788
24,Male,India,3.5013561447128203,TikTok,2,Socializing,20.064436173707872,0,5.746610725020615,Medium,59.7214658661617
20,Male,India,3.8516168368136112,YouTube,5,Entertainment,28.4818453217891,1,7.702887161857485,Medium,30.01438526730914
19,Female,India,3.353609176922058,Twitter,5,Education,32.65344964314544,0,8.234101119254818,Medium,47.20709959421946
24,Male,USA,2.976901602216891,YouTube,4,News,26.07614003347797,0,6.950249187514919,Medium,9.840492859544632
20,Male,India,3.791705616243263,YouTube,5,Socializing,21.897670423074835,1,5.6747128299691685,Medium,30.452866475046378
18,Female,India,0.5,YouTube,3,Socializing,25.8697585853688,0,9.422945282283946,Low,47.214243219143874
27,Female,India,2.264432779605298,Instagram,5,Socializing,25.4429012510813,1,8.303287956169683,Low,30.455439762482595
23,Other,India,3.701822591189367,Twitter,4,Entertainment,29.950451769647195,1,6.323115834586989,Medium,40.50614042072919
24,Male,India,5.702538259210017,YouTube,3,Socializing,32.49910046884579,1,5.89735123578777,High,36.01871634185913
17,Female,USA,3.4636301413197765,YouTube,4,Education,35.719743014148726,0,6.702957383684558,Medium,6.816762096520662
20,Male,USA,3.3218064995756533,Instagram,3,Entertainment,26.915793281611705,1,6.580924001533772,Medium,42.02302302207466
27,Male,Brazil,4.279890634330572,TikTok,1,Entertainment,40.9725195844683,1,5.189334968832274,Medium,28.17019993053824
20,Male,India,1.4982438093964232,TikTok,4,Entertainment,18.62740088726828,0,7.897680713502147,Low,34.30325789169561
17,Other,India,5.918612020402407,YouTube,2,Education,45.98791608345408,0,4.102621628016218,High,78.17871675328237
26,Female,Germany,2.862202325123317,TikTok,3,Entertainment,27.121544509478568,0,7.584566200336642,Medium,23.57675948533769
23,Male,USA,4.009528992372635,YouTube,2,Socializing,18.015233772474755,1,6.635371459973572,Medium,26.43345040271937
23,Male,India,4.575245871985156,YouTube,3,Entertainment,14.15512961058013,0,7.174622032063308,Medium,18.52630480111285
17,Female,Germany,3.914427824999791,YouTube,1,News,27.118994939136023,0,6.425745998968331,Medium,30.531205451004453
27,Female,Germany,0.5,Twitter,3,Entertainment,32.72306941717743,1,10.0,Low,75.81212621001993
21,Female,India,4.682805736118887,YouTube,2,Entertainment,17.541313268535188,0,8.85226631988558,Medium,20.328417612105813
18,Female,UK,0.9446465695608732,Instagram,3,Education,29.375524601512723,1,7.931016057510758,Low,36.14445664082043
21,Other,USA,4.501011657587045,YouTube,1,News,25.413755767682375,1,6.585302274024137,Medium,48.46806059281634
21,Male,USA,7.755476155670737,YouTube,5,Socializing,27.16042351178729,1,4.529178005476565,High,28.52417690587572
21,Female,India,4.312724296901219,YouTube,4,Entertainment,21.68793557435008,1,4.190101612813592,Medium,61.48432747777251
17,Female,India,3.421906287991077,YouTube,2,Socializing,25.64595752840836,1,7.76954746866053,Medium,36.6273979387334
15,Female,India,1.9804394660533595,Twitter,3,Entertainment,27.231144445352296,1,8.647804541212611,Low,11.497419191978253
17,Female,India,3.368421919810604,YouTube,4,Education,12.753640136731777,0,5.280300046310118,Medium,46.28287949458147
14,Male,Australia,2.213397285028228,YouTube,2,Entertainment,24.36763721026692,0,8.074714665745077,Low,63.739139282852335
23,Female,Canada,1.197798527739553,TikTok,2,Entertainment,19.21131010547707,0,8.323902437389117,Low,28.33434099520373
23,Male,USA,3.011413458297738,Snapchat,1,Socializing,10.765431407647297,1,7.667196067264655,Medium,32.52193949466278
18,Male,USA,4.827690015693002,YouTube,4,Education,31.87613751085123,0,7.489355172329362,Medium,33.248757013503
14,Male,India,3.0057725399192696,Instagram,4,Entertainment,27.764503188281846,0,7.887113867621786,Medium,37.18528918988224
26,Male,Germany,3.2509170089842274,TikTok,1,Socializing,54.25426210148245,0,7.598965428393235,Medium,8.725375579163277
15,Other,India,2.807644292299718,Snapchat,4,Education,26.56299174857033,0,9.61012310597465,Medium,18.129729297664497
16,Male,India,2.609318507419215,Twitter,1,Entertainment,29.45529209208445,1,7.680502962904385,Medium,61.0257592917836
22,Female,Australia,3.3203625352895525,TikTok,3,News,19.70851485047932,1,7.816461568734197,Medium,38.32891144622944
16,Female,India,3.840448536162409,YouTube,3,Socializing,17.085693334729644,0,7.721492131934578,Medium,50.581220434754215
14,Female,India,2.320423715887827,YouTube,3,Socializing,16.82242630230845,1,8.77162367691414,Low,59.89450068093896
24,Female,UK,3.009169402114309,Instagram,1,News,16.71319772131553,1,6.416525370481711,Medium,62.6423155449348
22,Female,USA,2.617705122811013,Snapchat,3,Entertainment,18.798326551250263,0,6.703537708820352,Medium,15.708523898858708
18,Male,Brazil,4.303340588828831,Instagram,1,Entertainment,34.527085015941914,1,5.83928725468597,Medium,31.595444518648705
25,Male,Brazil,2.090765116437525,TikTok,2,Socializing,27.924625350682817,1,8.601568118009569,Low,30.778761592396076
20,Male,Australia,1.581044085132299,TikTok,4,Entertainment,23.210488343345773,0,9.186059321993095,Low,37.99892217914981
15,Other,Canada,1.4979242331659903,Twitter,3,Entertainment,31.848875225812822,0,7.646328065000143,Low,56.11077092191785
14,Male,UK,3.985148423484096,YouTube,4,Entertainment,29.49381569154632,1,6.291667907686967,Medium,22.361926931650373
21,Male,UK,4.581968987351821,Instagram,3,Entertainment,25.244489712549093,1,8.920414370394127,Medium,32.42854272204855
17,Female,Australia,2.920543980183158,Instagram,4,Entertainment,14.760698498131037,1,7.074539204349505,Medium,36.903386439123686
25,Female,Canada,4.266759698445592,YouTube,4,Education,15.83741818452365,0,6.632167578148123,Medium,16.305354494621316
22,Female,India,0.5,TikTok,1,News,34.52457296166327,0,9.256773995931203,Low,33.912915340305965
18,Male,India,3.519674856465151,Instagram,3,Socializing,28.43260387473576,1,6.681249073012764,Medium,26.386462721047437
14,Male,Germany,2.974521951167418,TikTok,1,Socializing,25.37543637913793,0,6.885086384401116,Medium,9.066871952669905
21,Female,USA,4.490497247073436,TikTok,2,Content Creation,28.96875002849741,1,6.608072316902612,Medium,41.76691342511396
21,Female,USA,1.996376165402621,YouTube,4,News,27.00995138315708,0,8.957798718338665,Low,41.42935235028574
22,Female,India,2.695828214409993,TikTok,4,Entertainment,5.0,0,8.740408161314853,Medium,13.96818396362243
18,Female,Brazil,3.345952625805578,Snapchat,4,Socializing,25.619113968308422,0,8.393627293994756,Medium,32.85690067482203
22,Male,USA,3.868302375302034,Instagram,3,Entertainment,40.62510735345671,0,7.4217849787305825,Medium,13.42654285524613
24,Female,Canada,1.9623542671142424,Instagram,2,Socializing,18.33141584700364,0,8.904296019982038,Low,40.67965852121469
21,Female,Australia,5.403272088716705,Twitter,3,Socializing,16.74505716134618,1,5.680586123634464,High,5.434813148622801
23,Male,Germany,2.0220456389954737,Instagram,2,Education,36.76410212241486,1,8.651708790122226,Low,40.1044304728447
19,Female,India,3.459171859716342,Instagram,1,Education,23.292737530014143,1,8.951513387838657,Medium,68.7853643353183
13,Male,Germany,2.928603554271356,Snapchat,1,Education,44.71652788360018,0,7.11826837526573,Medium,35.66612346983904
27,Male,India,2.8965505691399938,TikTok,2,Education,43.42459314854956,0,7.240317474968432,Medium,57.20446866211735
16,Male,Canada,4.698510909263009,Instagram,2,Education,33.36585887484967,1,5.865876578486452,Medium,30.363944102725817
18,Female,Canada,4.637258221528538,Instagram,3,Entertainment,20.18179948576806,0,6.687961646801899,Medium,47.1830231911773
19,Female,India,4.821340840979424,Instagram,1,Education,28.98726206509005,0,4.9863928913832085,Medium,20.736000710187525
20,Female,India,2.995147065546906,TikTok,2,Entertainment,26.7439203664117,1,8.187791645682335,Medium,39.9316303487006
16,Female,India,4.993464460150054,Twitter,4,News,12.613989163473756,0,6.244400810645368,Medium,1.7544594637505355
20,Male,India,5.189374834194195,Instagram,1,Content Creation,5.0,1,5.915674278441612,High,46.55168786920896
19,Female,India,2.7963193145435588,YouTube,4,Entertainment,15.246313660728545,1,8.268383504317882,Medium,66.30471494815984
18,Male,USA,7.167307816339823,Instagram,1,Socializing,22.197876193778853,1,1.6244277883449882,High,26.754010930955182
17,Female,Germany,3.5265357096172223,Instagram,2,Education,30.466707781956543,1,7.415217854288868,Medium,12.309892458721649
19,Male,India,3.622645517002586,Instagram,2,Entertainment,26.52838397068904,0,7.224914273441402,Medium,77.52083530467846
23,Male,USA,4.251758034957229,Twitter,1,Entertainment,30.51643939673208,1,5.081691908032351,Medium,36.948554447219394
15,Male,Canada,2.4314803287453843,Twitter,3,Entertainment,10.769531186680345,1,8.423265190903948,Low,36.81345225642608
13,Male,Brazil,1.7794559666445997,Instagram,5,News,36.352424486418016,1,8.99740656164006,Low,23.078792351628973
21,Female,India,2.4957554088896945,Instagram,1,Socializing,26.126505165956782,1,6.91684280193341,Low,17.964546961176353
20,Male,Australia,4.15504887172918,TikTok,3,Entertainment,5.0,0,7.190183182877621,Medium,44.79451787361733
21,Male,Brazil,5.619265736872704,Twitter,1,Socializing,23.29785050145632,0,4.74728743688029,High,24.042705484182942
19,Male,India,4.336689392501095,TikTok,5,Entertainment,23.469596897624083,0,5.155434378778565,Medium,58.77540578612994
22,Male,Germany,3.2672342780185266,YouTube,1,Entertainment,29.32655330904697,0,6.637754736533671,Medium,14.398113870375518
15,Female,UK,3.135943184824237,YouTube,4,Entertainment,5.0,1,8.048593370589462,Medium,41.38882405049687
23,Female,Australia,2.636499907967691,TikTok,4,Entertainment,28.106767704061813,1,8.403317302839707,Medium,6.392836252264679
18,Male,India,2.3317273675763546,TikTok,1,Entertainment,24.044859782512177,0,8.721814908363672,Low,67.18535229567588
21,Other,India,3.2816593401874306,TikTok,4,News,32.29022698980114,1,7.922014288552505,Medium,40.15795937810106
19,Female,India,3.9969930317804634,Twitter,4,Education,37.1813392839969,0,8.328622646854955,Medium,30.03874411256344
26,Male,India,2.5131225806797,YouTube,3,Education,25.50095501741446,1,7.132036757127859,Medium,41.397758989466894
22,Female,USA,2.137788617241569,TikTok,1,Education,22.94934633187884,0,8.602398270118657,Low,63.13651930003179
16,Female,India,0.7390905389953719,TikTok,5,Entertainment,29.638647185440373,1,7.52062607516825,Low,10.725526511468356
13,Female,Canada,5.024734268138072,Instagram,1,News,17.95545478062254,1,4.609674288903643,High,62.423870843653205
20,Male,Canada,2.85675691963828,Snapchat,4,Entertainment,9.90550146756764,1,8.343948342505218,Medium,29.442570368349838
20,Female,India,3.946981548797197,Instagram,3,Education,45.773982499002926,1,8.199534067657348,Medium,33.88264755661203
14,Female,Australia,5.899842008843232,Instagram,4,Education,28.26722622242208,1,5.239930306679816,High,37.20013770961044
15,Female,India,1.5121722496967287,Instagram,2,Socializing,22.178442821409792,0,10.0,Low,75.92014903532758
19,Male,India,3.995114983956405,Instagram,5,Entertainment,26.204757104616945,0,6.975809274626149,Medium,31.17238897654478
26,Male,USA,2.61664342983309,YouTube,2,Entertainment,28.605394326455603,1,6.243511902521663,Medium,41.92412607313348
17,Male,India,2.5202860107218847,Instagram,5,Socializing,17.633509000246626,1,8.4490719434429,Medium,48.74874456725927
17,Other,Germany,2.645511104809521,YouTube,2,Socializing,18.418532246044887,0,7.570332435504308,Medium,43.76886954159732
23,Female,India,3.027724492192417,Instagram,3,Entertainment,31.86526180339811,0,8.127203412119641,Medium,45.64256358632573
19,Male,Australia,3.3712330149172915,Snapchat,4,News,19.83835736823518,1,5.189489465654838,Medium,42.01657061169334
16,Male,Australia,3.3612765661734265,TikTok,4,News,34.1555705299873,1,6.028909050606008,Medium,21.353625392698305
27,Male,India,6.12186118196934,Instagram,4,Socializing,13.919617244144373,1,3.996308296772231,High,21.77429872386089
27,Male,Brazil,4.844603695060416,TikTok,1,Socializing,21.643340687853943,1,4.951044003899427,Medium,19.417204931472774
21,Female,Brazil,1.5554836302718362,Instagram,2,Entertainment,30.912368951652176,1,9.055594556351398,Low,68.67151030145965
16,Female,Germany,3.499107218261262,Snapchat,2,Socializing,22.451297338330157,1,5.153019392693995,Medium,46.698197669045
13,Female,Canada,2.080249148157085,TikTok,3,Entertainment,49.380328485518994,1,9.00855288074712,Low,32.3314557540634
25,Female,India,3.5175827590023068,YouTube,1,Entertainment,25.78154235385744,1,7.608393765561678,Medium,50.75334223817592
27,Female,Canada,4.449057918161881,Snapchat,5,Entertainment,26.151832127827436,1,6.789382081509053,Medium,37.23840527434284
21,Male,India,0.5,YouTube,4,Content Creation,19.166187153914063,0,10.0,Low,59.27652703882043
18,Male,India,3.5347943081600253,TikTok,3,Education,39.61819891949025,1,7.122687125710313,Medium,60.15556063874191
15,Male,Canada,5.975194365561194,Instagram,1,Socializing,28.867198074083085,1,5.383266286948839,High,34.86203072578692
13,Female,India,3.268633319349272,YouTube,5,Entertainment,8.543409079185786,1,6.174199504998814,Medium,75.74501481826442
14,Female,USA,2.69953470142006,Twitter,4,Entertainment,29.341430603575063,1,8.207202443981645,Medium,22.340230576157087
26,Female,Germany,2.089383781220204,TikTok,1,Socializing,34.791702685505584,1,8.132032702821531,Low,36.1015802091588
23,Male,India,2.170071529518234,Instagram,4,Education,28.506557579803548,0,8.693396001926747,Low,60.26405500266068
19,Female,India,5.419463784107236,TikTok,1,Entertainment,29.44348492398354,1,4.063844597541982,High,58.01919223929964
21,Female,Canada,3.8073114867993194,Instagram,2,Entertainment,17.72535907837958,0,7.96106224954271,Medium,1.897330193720947
16,Female,India,1.343205133857575,Snapchat,3,Entertainment,11.251574951697432,0,9.762407959161324,Low,27.32539820481169
15,Male,India,5.182714010318623,Instagram,1,Entertainment,11.276859967094977,1,6.541405804275346,High,7.17336834638197
25,Female,India,3.741142984401485,YouTube,3,Socializing,8.801850279205421,0,9.191862142388612,Medium,29.755042890417656
25,Female,India,3.488089012101475,Instagram,4,Entertainment,26.955523904259763,1,6.807226806831348,Medium,43.8238002292077
20,Male,Germany,1.260544338911069,Twitter,5,Socializing,29.76075555903941,1,8.376490941063993,Low,49.51160803787351
26,Male,India,4.802086782970125,TikTok,4,Entertainment,48.137614162362496,0,6.448057474277238,Medium,18.74591653505607
15,Female,USA,6.581593887664884,Snapchat,4,Socializing,27.16306106044511,1,3.718405621773627,High,28.055644858382134
24,Male,UK,1.9335612222868288,TikTok,5,Entertainment,23.585139928380453,0,6.428466231902961,Low,30.452588711213643
21,Male,India,3.399710515797073,YouTube,4,Content Creation,19.028955185010624,0,7.297620747746148,Medium,24.09279388328021
23,Male,Germany,2.0891826694022253,YouTube,5,Education,29.39854888828792,1,7.752371063085873,Low,24.269714569720065
19,Male,USA,4.914824931149491,Snapchat,5,Socializing,16.763823141183522,0,7.57320868709365,Medium,15.488958897202464
24,Female,USA,6.666882053158611,TikTok,3,Entertainment,21.37622145797542,0,5.036518703242384,High,38.83493677937033
25,Male,USA,4.543254381775389,YouTube,3,Socializing,11.411946574342537,0,4.695376124650709,Medium,42.40497852007201
21,Female,India,2.9274056024860693,YouTube,2,Entertainment,31.86599220542213,1,8.691378760707947,Medium,63.37827688277849
25,Female,Germany,5.56268282729191,Instagram,5,Education,16.556588172111965,0,6.475468620162176,High,62.26240631489858
16,Female,India,4.366094896340992,TikTok,3,News,24.86360794364333,1,6.774509120493523,Medium,36.23113058645462
21,Male,USA,5.618801780434207,Snapchat,1,Entertainment,5.404750205892029,1,5.18542282238465,High,52.59112149450091
25,Male,Germany,3.569074179074253,Snapchat,2,Socializing,17.96663709228387,1,7.137366293044603,Medium,31.76970556899406
26,Male,Brazil,3.020629862531756,TikTok,1,Entertainment,28.12683151719752,1,7.546827621190402,Medium,27.64845774688333
19,Female,Brazil,5.488147241551566,TikTok,1,Socializing,5.0,1,7.189328239785155,High,14.338947821763725
13,Male,USA,4.034995727107424,Snapchat,3,Entertainment,38.610236563073485,1,5.6622300591072126,Medium,0.0
26,Female,India,3.12067946785566,TikTok,1,Entertainment,28.54981156572908,1,7.301823562018485,Medium,49.74726154951529
24,Female,India,1.4859528524986485,YouTube,4,Entertainment,32.75587355814773,1,8.748415396341622,Low,63.37237547931136
24,Female,Australia,2.9897243871420107,TikTok,3,Entertainment,18.244588008927145,0,6.458115602787832,Medium,22.484377387617453
18,Male,USA,4.404984320651189,YouTube,2,Socializing,24.909586156038905,1,6.939043168260012,Medium,34.49946316525246
22,Female,Canada,3.1591584858254342,Instagram,5,Entertainment,43.08091442650293,1,8.759046348497737,Medium,35.63804084636582
21,Female,Brazil,4.825460494839168,Instagram,5,Entertainment,5.919422857012037,0,4.846709222096756,Medium,46.24916958734659
17,Female,India,4.129677401079951,TikTok,1,Entertainment,12.356520450668596,0,7.574360981285109,Medium,51.79631098957837
20,Female,Australia,5.775654775975167,TikTok,5,Entertainment,37.24526253739142,1,6.694522639328747,High,2.91657525840958
22,Male,India,5.496614505835559,TikTok,1,Entertainment,44.11512706598954,0,6.686038980054971,High,43.71310097551044
27,Male,UK,4.729319184297104,Instagram,1,Socializing,28.023355120853704,0,6.596761932882368,Medium,42.04669019543335
16,Female,India,2.402332683801815,Instagram,3,Entertainment,9.694952305996017,1,6.7763126703140575,Low,20.23669105037443
13,Female,Germany,2.6690384547376307,Instagram,2,Socializing,32.189142611481664,0,8.22566443641267,Medium,51.31510267539795
26,Male,Canada,4.890383496748255,TikTok,4,Entertainment,32.86591045808175,1,6.651659807322387,Medium,39.44682776564173
18,Male,India,2.191340186460073,TikTok,3,Education,19.04448427371332,1,8.612383002777248,Low,21.488969435136177
20,Male,Brazil,5.862176850150993,Twitter,2,Entertainment,29.36446678073743,1,5.426597989428227,High,50.22989129013634
23,Male,Canada,5.846859702566187,Snapchat,3,Entertainment,10.750209903610452,0,5.777144611667478,High,43.173544837172365
24,Female,India,4.536450732888959,YouTube,1,Entertainment,13.588691041507149,1,6.322091278769972,Medium,32.82536558227527
27,Female,Canada,3.983847905589904,Instagram,1,Entertainment,12.504421559254029,1,6.186782853684917,Medium,54.81806271871048
17,Female,India,2.964864790136102,Twitter,5,Education,18.126556607888887,1,7.2632145848881,Medium,22.76461700216648
20,Female,India,4.786955300377718,TikTok,4,Entertainment,9.40103781200552,1,7.822730058992787,Medium,49.026122177877866
14,Male,Canada,3.8622518017706735,YouTube,4,Entertainment,42.0252628190477,1,5.7163857457812925,Medium,33.64771483178236
20,Female,India,4.715674969003055,TikTok,5,Socializing,16.859945763561992,1,6.613798211637417,Medium,51.88079684641091
21,Male,Germany,0.990306987726404,YouTube,1,Socializing,22.617252719347476,0,9.569262699819516,Low,61.9864133613962
21,Female,Canada,3.626060148274712,YouTube,2,Entertainment,20.963905177917265,1,5.990302923648558,Medium,32.85167727079656
15,Male,India,2.915014069883984,TikTok,5,Socializing,30.99265024520743,1,7.587732707177761,Medium,34.3829919664018
15,Male,India,2.9375877324363406,Snapchat,1,Entertainment,35.888060729304044,0,6.53918274372651,Medium,33.062146472350555
13,Female,UK,0.5,Instagram,4,Socializing,38.5046538746605,1,10.0,Low,2.11409646584287
17,Male,USA,6.593043485927478,TikTok,1,Education,24.155490328956542,1,6.286967298652932,High,45.22076459673169
22,Female,India,5.092979131707832,TikTok,2,Education,47.56684282292916,1,5.9733701471278655,High,57.65515184000535
24,Female,Germany,3.8387109782953472,Instagram,4,Entertainment,34.6203117130828,1,6.093840849185596,Medium,25.26363265493582
16,Male,Australia,2.242897409837947,YouTube,5,Entertainment,29.27538161520784,0,9.398661834651817,Low,56.47365002312654
15,Male,Brazil,4.094441773588601,YouTube,3,Socializing,17.50475065765383,1,5.5780526754556,Medium,34.34549400245666
20,Male,India,1.85451883459656,TikTok,4,Socializing,17.802360242212206,1,8.812182664148875,Low,12.885221679493831
17,Female,India,5.991543194448386,YouTube,3,Entertainment,32.49166149993553,0,5.450342506657925,High,37.504787817721805
16,Male,India,3.6238669486280983,TikTok,3,Socializing,43.6036671850085,1,7.522980249518748,Medium,52.210308033083805
24,Male,India,6.335551058874734,Instagram,5,Entertainment,31.553444963529763,1,5.562312366372654,High,73.20116454291917
14,Female,Germany,0.7013180499865861,TikTok,4,Entertainment,47.089360523842686,1,7.423466830714552,Low,21.626969473293933
15,Male,Brazil,3.1868216782361003,TikTok,5,Entertainment,32.731897253974566,1,7.79642141724981,Medium,26.764785944160984
13,Male,India,5.167248723717503,Instagram,3,Entertainment,11.33516470890128,0,4.916991536558508,High,15.427222444235795
24,Male,Canada,3.448883986119108,TikTok,1,Entertainment,35.864990511654185,1,8.483049347407066,Medium,19.176609756411807
18,Male,Germany,3.855675663948401,Twitter,5,Entertainment,14.898046980704288,0,6.473014572879189,Medium,36.85718683910049
23,Female,India,4.302735457882799,Instagram,2,Entertainment,19.909823718876105,0,7.159988592654161,Medium,41.30614515687533
23,Male,UK,4.121967273971968,YouTube,5,Socializing,38.15407195923737,1,5.974353172899104,Medium,52.521989978199215
27,Male,USA,4.784461579776161,YouTube,5,Education,39.10906811168086,1,5.52259962664333,Medium,20.022437149851363
24,Female,UK,1.5058827645434776,Snapchat,3,News,16.333039651262713,1,9.929386287586546,Low,19.71504209273085
15,Male,UK,3.302318434872818,Instagram,2,Entertainment,35.1762273523515,1,6.653130159120017,Medium,65.93694787121355
15,Female,Brazil,4.403044670935981,Twitter,5,Entertainment,35.99031776220441,1,7.973520066038823,Medium,43.83464568442282
25,Male,India,6.243095900386424,TikTok,1,News,16.106463179861848,1,6.884718534225904,High,47.88890316509308
21,Female,UK,4.468273984499886,Snapchat,2,Entertainment,17.332764866583332,0,7.148273846887852,Medium,34.585767827918325
21,Female,India,1.32141917864881,YouTube,1,Entertainment,40.09472832197052,1,9.316178962628674,Low,60.7695822638442
21,Male,India,5.159707100191394,TikTok,4,Entertainment,9.20805895645962,1,5.311436371617032,High,31.746884701639672
25,Other,India,3.0479159060171623,YouTube,4,Education,46.50371215853415,1,6.841891495761219,Medium,40.99268840349024
26,Male,Germany,2.458838205949164,Instagram,1,Entertainment,17.87814500436865,1,9.165892393048562,Low,41.23383029108691
26,Male,Australia,2.8183805619253284,Instagram,4,Socializing,32.45712723055805,0,6.403571868472026,Medium,50.62982208963776
19,Male,USA,4.26460657004294,YouTube,4,Education,34.99214032631903,1,5.968965054133053,Medium,2.205346346034382
21,Female,USA,4.494025602523243,YouTube,5,Socializing,24.86130949847772,0,6.444656901542658,Medium,36.10180014038149
19,Male,India,6.462663351474021,Instagram,1,Entertainment,11.39310419226694,1,4.137271252048065,High,65.63674613472
21,Female,USA,4.028970398280713,TikTok,1,Education,26.112241431727423,1,7.501732065868747,Medium,41.584922838134624
23,Female,USA,3.346059855722629,YouTube,2,Entertainment,5.0,1,9.133975223251667,Medium,48.9012457874076
16,Male,India,5.2634894486444415,Instagram,1,Socializing,20.49522205492063,1,6.493838024822541,High,49.16872703816218
16,Male,Brazil,1.900093723823625,TikTok,1,Entertainment,12.954908451167098,1,9.480464492053992,Low,18.215733436547417
20,Female,Brazil,2.92799398019465,TikTok,5,News,36.04453457508839,1,9.109271268617489,Medium,28.60453444157349
16,Male,India,3.6537822000751614,YouTube,2,News,16.96465942113013,0,4.934107634727275,Medium,61.16476235545154
21,Female,India,5.354461787035235,YouTube,2,Entertainment,16.81398236210881,1,5.483180467395282,High,20.61659920562488
27,Female,USA,4.39325799866433,Instagram,2,Entertainment,18.900626486527923,1,6.924346388742079,Medium,60.47431615443132
27,Male,India,1.4435453655287236,YouTube,4,Socializing,16.355348270903118,1,8.014522102015835,Low,33.29518909856952
13,Female,USA,5.699000204923467,YouTube,2,Entertainment,13.566329240170749,1,4.641432715955436,High,49.1457978950695
14,Female,India,5.259147978716275,YouTube,3,Entertainment,20.310059706603774,1,5.316164078600471,High,67.92247680579355
15,Male,USA,2.499639278697972,YouTube,4,Entertainment,27.497893345016838,0,7.490202365858598,Low,28.55042437423372
20,Male,Canada,5.21091837034998,Snapchat,4,Entertainment,34.4754204410004,0,4.68921623095643,High,46.61503428941383
19,Female,USA,2.163864741494747,TikTok,1,Education,26.07438960502257,1,6.737289914829653,Low,0.564329227575584
26,Female,Germany,4.210767318205565,YouTube,2,News,7.75042425770981,0,7.276036400265461,Medium,47.36537930391333
19,Female,India,5.176592486098993,Instagram,4,Socializing,13.43884586430242,0,4.152195443177416,High,40.433254410557446
17,Female,UK,0.727764063784416,TikTok,1,Entertainment,35.24757077194501,1,10.0,Low,37.37600777523695
19,Other,Germany,2.487606098653288,TikTok,1,Entertainment,42.67812462253824,1,8.540444748010486,Low,20.796866335308536
26,Female,USA,2.1141237373143564,TikTok,2,Socializing,28.537322259330384,1,10.0,Low,17.448372060454126
24,Male,UK,2.149249734005645,YouTube,3,Education,30.350634197981165,0,7.420139343739335,Low,37.49865307739
18,Male,Germany,3.9910938942910543,TikTok,2,Education,13.512868028098428,0,5.749462814251229,Medium,46.903172431584814
19,Male,USA,4.478296769582487,YouTube,5,Entertainment,23.34334814394154,1,6.394353430775961,Medium,32.35934635698064
14,Female,India,2.8741126656946268,Instagram,2,Entertainment,28.457219475276077,1,9.515782210678289,Medium,28.19180687056808
15,Male,Brazil,3.4713113113816547,YouTube,5,Education,40.04704125552037,1,6.503222889200264,Medium,26.479849467377825
19,Female,USA,3.307520942597706,Twitter,1,Entertainment,39.92284243213534,1,5.796139045961352,Medium,2.912079861902932
26,Female,Canada,1.925720889421456,Snapchat,3,Entertainment,23.0712210775307,0,9.705222211736778,Low,54.3810309066514
22,Male,Australia,2.85007961082051,Instagram,2,Socializing,12.216746589431368,1,7.517871976265316,Medium,36.67680137225595
16,Female,India,5.143588926444803,TikTok,4,Entertainment,27.603948887992782,1,5.9786853377957945,High,30.309410309800885
19,Male,USA,2.897785420511916,TikTok,5,Entertainment,29.9856614796019,1,5.925746109497013,Medium,13.870204417659885
23,Female,India,5.191768678614517,TikTok,1,Education,29.283185479734374,0,5.012034782241599,High,50.18977681716771
24,Male,India,4.490480354334754,Instagram,2,Entertainment,22.30961346447339,1,7.404432797589588,Medium,27.35503962932404
24,Male,Canada,2.2090138955739382,Instagram,5,Socializing,22.85392705005271,1,7.019254455601531,Low,66.54491233785885
15,Male,USA,0.6672944240815637,Snapchat,1,Entertainment,40.466369234446645,0,9.759695490735217,Low,33.12344063372964
16,Male,Canada,1.5871976920906052,TikTok,5,Education,19.824757424062437,0,7.598117617063752,Low,60.01259374001103
22,Male,UK,1.9925900533766423,TikTok,1,Socializing,21.013587604105226,1,9.303180020077638,Low,28.01880177476343
18,Female,India,2.175879381901848,TikTok,3,Content Creation,16.695324611610474,1,9.304108332821023,Low,37.02392017335835
27,Female,Germany,2.3296103184379917,YouTube,2,Socializing,27.804385362141787,1,8.814431686024127,Low,48.252495596232926
22,Male,Brazil,4.054148533970386,YouTube,2,Entertainment,14.398575160379051,1,7.170840161521882,Medium,38.27452408529325
19,Female,USA,3.1951177238052075,Snapchat,2,News,40.61382096899244,1,6.787603344773932,Medium,3.851601840029801
26,Female,Brazil,3.692955825060763,YouTube,4,News,33.693328976237986,0,6.615707400362936,Medium,58.43218966398232
16,Female,Germany,3.930463666532152,Instagram,2,Socializing,30.92120829795897,1,8.36848769197554,Medium,41.26637864807669
20,Female,India,2.825884254992838,TikTok,1,Entertainment,26.26478131907722,0,7.827965634817708,Medium,47.25281935566996
23,Male,Brazil,2.410741164357568,YouTube,4,Education,6.182556232263767,0,5.367789295729748,Low,9.177075846833862
13,Male,India,2.284240918099117,Instagram,5,Education,21.20290030354952,1,7.234118349919889,Low,59.894159687003
20,Female,Australia,1.3226782561171042,YouTube,3,News,34.58980665396665,1,7.2098792276713,Low,43.383063033065966
18,Female,India,7.2474955595931,TikTok,1,Entertainment,23.493329743005265,1,5.32031298303925,High,50.72291691730122
22,Female,UK,5.635763493792467,Twitter,1,Education,30.31843614414341,0,6.514780112622133,High,23.93385212521466
16,Female,India,3.807953713825174,YouTube,2,Socializing,17.010103316291747,0,6.336431428643821,Medium,30.97463012159254
23,Female,India,4.488718770079367,Snapchat,2,Socializing,44.97212074742757,0,7.179592486681499,Medium,59.3885406283726
20,Male,India,0.5,TikTok,2,Education,14.709593464359894,1,8.133540348365166,Low,50.59098524053883
27,Male,UK,2.838201202617797,TikTok,2,Socializing,35.11928210305362,1,7.243356991823584,Medium,73.4531840383068
20,Male,India,4.492050253828961,TikTok,3,Socializing,18.67727468199296,0,4.449687545545132,Medium,70.1413750461857
18,Male,USA,2.2151268622334994,YouTube,2,Entertainment,17.339339566169443,1,8.29763421597699,Low,6.615485722351046
26,Male,Germany,2.481955298531872,TikTok,4,News,24.61605241460324,0,6.48076128897989,Low,55.730202513547496
26,Female,USA,5.562662942738115,Instagram,1,Socializing,9.151769911730348,1,5.303733552076061,High,14.717821973139486
19,Male,Brazil,4.1169291867968525,Twitter,5,Education,30.49700083912356,0,7.007425969997924,Medium,22.8775642818823
19,Male,India,4.369659600175969,Twitter,2,Education,21.71019024503466,1,5.656849517737647,Medium,26.79683232452341
18,Male,USA,4.489106314238758,Instagram,3,Entertainment,14.830025133989135,1,7.200487656814253,Medium,47.359613378862406
25,Male,Australia,1.276143547260801,TikTok,3,Entertainment,24.707738930763465,1,9.698689707692395,Low,64.73450602110027
23,Female,India,0.5,Snapchat,1,Education,27.369703707166693,1,10.0,Low,31.987095565332403
26,Female,UK,1.814167046238224,YouTube,5,Entertainment,11.849308391278836,1,8.866763021154641,Low,42.96032360399574
15,Male,India,4.979975988886232,Instagram,5,Education,25.220838430165205,1,6.38183660369122,Medium,41.78064606719161
13,Female,Brazil,3.273920856717831,YouTube,5,Entertainment,35.571208261361704,0,5.710468952077619,Medium,44.66473906042447
13,Female,Germany,5.058230073807011,Twitter,2,Entertainment,14.991413132519622,0,6.976187133792315,High,57.08308314627731
25,Male,USA,0.5,TikTok,2,Entertainment,23.40187397122156,0,10.0,Low,44.10179512177295
16,Other,Canada,2.6799300017828656,YouTube,5,Education,32.73201892801043,1,5.178408292481003,Medium,45.24793763825679
24,Male,India,1.921433299512718,TikTok,4,Socializing,16.48714481013493,0,8.531961002902607,Low,67.47709127170044
27,Female,Brazil,2.719792461010032,Instagram,4,Entertainment,25.949672165158955,0,8.485116483941242,Medium,56.10886012110939
13,Female,UK,1.33013244601758,Instagram,2,Education,23.764396921355,0,10.0,Low,50.01664202022717
23,Female,India,5.024797137322159,Instagram,2,Content Creation,21.248688852579075,1,7.442668035621322,High,13.899830919562572
20,Male,Canada,4.353862566277222,TikTok,3,Entertainment,31.61131808979662,1,5.399051058020331,Medium,36.86268987541624
24,Male,USA,4.530552629245376,YouTube,4,Entertainment,16.59420799774424,1,7.914259187948312,Medium,35.27448878214477
26,Male,Germany,3.868482154926876,Instagram,1,Education,32.53003216442016,0,7.93427468956386,Medium,35.59284548783085
23,Female,Australia,8.344722542729402,Instagram,4,Socializing,19.05909316956796,1,3.5273560396895958,High,7.601929924616918
25,Male,Germany,3.471462378764152,Instagram,3,Content Creation,23.05347158501769,0,6.017002209518807,Medium,39.13800872942053
14,Male,Germany,2.1898361465192844,YouTube,3,Education,32.69956889466982,1,6.452425672516229,Low,31.547758680037767
27,Male,India,6.283325655759194,YouTube,1,Socializing,36.89638059008665,0,4.832264167400648,High,26.7252276586263
15,Male,India,3.031181514608216,Instagram,2,Content Creation,8.89449767538353,1,8.33348129702286,Medium,53.36871434699761
13,Male,India,1.428172859278951,TikTok,1,Socializing,35.55209505895932,1,5.84777524015531,Low,35.7075082289419
16,Female,Canada,5.423117932068067,Instagram,4,Entertainment,31.28365697043065,1,5.813557084950773,High,35.77131687667589
21,Female,Germany,1.7990434441394734,Instagram,3,News,29.82475422389169,1,9.272765455920029,Low,33.97016154554252
19,Female,India,4.976463673174804,YouTube,5,Entertainment,40.42971164034925,1,7.220805233831124,Medium,17.917820873982993
18,Male,UK,2.508689131336289,TikTok,3,Entertainment,30.0578807281385,0,9.933096150627122,Medium,62.326312728807096
20,Male,Canada,2.263054254343505,Instagram,5,Socializing,39.80780908901651,1,7.831452742797119,Low,34.276234012304755
18,Male,Australia,3.471276919986919,YouTube,4,News,18.83895956680069,1,8.37885242851908,Medium,39.81966029573693
23,Male,Germany,4.79416337138951,Snapchat,1,Entertainment,20.40399494094184,0,6.244724716646105,Medium,28.814653404555884
14,Female,India,6.388661193268721,Instagram,4,Education,35.57652784696818,0,4.515368951559896,High,25.39994560808359
22,Male,Canada,3.1007506875175057,Instagram,5,Entertainment,41.7100174769848,0,7.321873373742985,Medium,27.697011355974748
22,Male,India,3.7793198224560647,TikTok,3,Entertainment,15.900349944090536,0,7.863587782082899,Medium,36.57050878776911
27,Male,Canada,4.025932901773549,YouTube,3,Entertainment,25.37965913827538,1,6.934347681285046,Medium,14.679270906949668
18,Female,Germany,5.162618462051974,Twitter,1,Socializing,27.071750404857056,1,6.0576339631619724,High,28.33952546342089
21,Female,USA,3.5869705397959266,Snapchat,3,Entertainment,14.99389443764982,1,7.485645505154959,Medium,25.73452612589632
21,Male,India,3.4089359511469004,Instagram,1,Content Creation,11.694051788347652,0,6.238163580638302,Medium,37.47925252867056
19,Male,USA,2.04440503799409,YouTube,3,News,18.72402802826108,1,6.953677258253057,Low,57.06999806194488
25,Male,India,4.220183742738341,Instagram,1,Entertainment,21.14885740998396,0,5.346830978857417,Medium,52.9518471986512
19,Female,India,3.6965789169475873,YouTube,3,Entertainment,14.644720578236605,0,6.228329284849667,Medium,45.74693282291543
18,Male,Canada,2.418718105115646,Twitter,2,Entertainment,17.741957878887476,1,7.750483624368358,Low,5.861839176790284
15,Female,Brazil,1.8259447410473757,Instagram,5,Entertainment,29.06578450193789,1,8.650562916333358,Low,51.915513870578536
25,Female,USA,5.677847777638549,Instagram,1,Socializing,19.158470493761783,0,6.958644315830885,High,12.393431827999208
27,Male,USA,2.9173056229017127,Instagram,3,News,12.213740483796474,0,6.179218087084825,Medium,29.99374360263107
13,Female,USA,3.366081914654321,Instagram,4,Entertainment,30.77090065327062,1,8.323089940382053,Medium,36.70879687943573
25,Female,Canada,4.341345467098133,YouTube,2,Entertainment,17.3043099692463,0,7.278533896499589,Medium,34.77624631139107
21,Male,Germany,2.8063863688681763,TikTok,2,Entertainment,13.47234010032954,1,6.078699290113481,Medium,28.056243163151866
19,Female,India,2.5433714168862283,Snapchat,4,Entertainment,38.78324118757101,0,7.227912195010373,Medium,43.203700687117696
24,Male,UK,6.453381974639374,Twitter,4,Education,21.68384617139718,0,4.890092183866078,High,1.71861007949839
26,Female,India,3.274040115354518,Instagram,1,Entertainment,28.451402285768037,1,7.909693061995545,Medium,35.51684716539592
21,Male,India,3.4271589932658357,Instagram,4,Entertainment,41.62894602573089,1,6.638966268999841,Medium,49.35135590679636
18,Female,Australia,3.904092991714149,TikTok,3,Content Creation,18.139687995369965,1,7.08880796331657,Medium,24.333107408380197
20,Female,USA,2.999032957957215,TikTok,1,Socializing,32.96645742889869,1,7.651769247314472,Medium,36.829516163452695
23,Female,India,2.654394440999078,Instagram,5,Education,43.63650986701238,0,7.980290034821144,Medium,37.494320331106415
13,Male,USA,4.021668564291757,YouTube,2,Education,29.942567847515825,1,7.093806699719872,Medium,59.242580753023546
13,Male,USA,4.872169757470765,Snapchat,3,Entertainment,21.23616691261113,0,6.223668873558438,Medium,39.56122792479619
15,Male,India,4.316341606517553,Instagram,4,Entertainment,20.04931683721121,1,6.165063790805476,Medium,52.201904474264985
19,Female,Brazil,3.2750847498672044,Twitter,5,Entertainment,33.01632255539779,1,8.078340575490499,Medium,30.58308804505598
26,Male,India,5.482292915525605,Instagram,2,Socializing,21.809076517707627,0,5.799089508864243,High,36.48232526758984
20,Female,India,0.9821074017942516,TikTok,2,News,20.247155479832443,1,10.0,Low,61.05510457776264
17,Female,Germany,3.2293434585623726,YouTube,3,Education,20.919245073246483,0,7.0720432932898,Medium,46.39013789516627
13,Female,India,1.4629345732320505,Instagram,4,Entertainment,19.150166750061658,1,8.613315757372547,Low,66.57780533269704
26,Female,USA,3.4935290009531825,YouTube,5,Entertainment,25.71703543290061,1,6.998149800917196,Medium,17.67917689186853
23,Female,Germany,3.666139028979313,Instagram,4,Socializing,13.297903989870052,1,5.894535987177846,Medium,41.335445407355394
19,Female,USA,3.6377074484502274,Twitter,4,Entertainment,7.643360785149362,1,5.869146838515724,Medium,41.16778021079589
13,Male,USA,3.806997735165312,Snapchat,3,Entertainment,33.034168802322164,0,6.66490457204322,Medium,24.837891110881937
22,Female,Canada,4.171084826873894,TikTok,4,Entertainment,23.963078284787183,1,7.090274758769005,Medium,4.362265205008981
23,Male,USA,2.5727810977953367,Snapchat,1,Education,35.42060428084726,0,7.274087433233291,Medium,23.420517670942765
24,Male,Canada,4.549691419564349,Instagram,5,Socializing,18.978337628785624,1,6.00598119153623,Medium,16.383009292642985
15,Female,India,4.2757140088397705,Instagram,3,Education,20.028419636494355,1,7.677540230455536,Medium,46.71099138214319
27,Female,Brazil,1.844160894081092,Twitter,2,Entertainment,14.25435786821408,1,7.082213457287148,Low,37.47895697206504
18,Male,India,1.2289088127909702,TikTok,5,Entertainment,34.65102505019563,1,8.852262386457614,Low,37.585640766697786
17,Male,Canada,2.670809947934185,Instagram,2,Education,26.8399434724443,0,8.233270964660598,Medium,41.33207948187356
18,Male,USA,5.576440305004519,Instagram,5,Entertainment,22.288119407954092,1,5.312757321166116,High,16.130401239735
24,Male,India,3.843502450568693,TikTok,4,Socializing,47.371673690320165,1,8.081902518134742,Medium,43.81590009638085
16,Female,Canada,3.831848574457956,YouTube,1,Education,31.10261615678496,0,7.4413695877296835,Medium,52.53904233775484
18,Male,USA,3.3332440830200363,Instagram,5,Content Creation,26.164781348440552,1,6.807889757452467,Medium,30.75993708732323
18,Male,India,6.509708502499255,TikTok,5,Entertainment,22.65166603131994,0,5.599440959530661,High,47.61636833572045
18,Female,India,5.377783904354639,Snapchat,5,Entertainment,42.33989100592108,0,5.330199844679938,High,51.54984839075238
13,Female,India,5.367192420644303,Instagram,4,Socializing,37.83411411302591,0,5.166346202852122,High,43.538917938989385
17,Male,India,1.4581469044529485,Instagram,2,Education,22.771430809673355,1,8.387776615553449,Low,5.016471428595601
21,Female,India,3.3329617588811025,YouTube,4,News,27.59932328576136,1,6.421066278279572,Medium,23.21964637868893
22,Female,Canada,4.00973884783023,TikTok,1,Entertainment,20.075595521110262,0,6.607037587215157,Medium,53.5875652825298
22,Male,India,3.7088111596121074,Snapchat,5,Content Creation,32.25974404858,0,6.374718209140355,Medium,40.36521247952648
13,Female,India,3.72343205091778,Instagram,5,Education,16.949957061557186,1,7.231814629096935,Medium,48.39602514070162
21,Male,UK,4.769522883967538,YouTube,3,Entertainment,27.635093701574025,0,5.957744617045731,Medium,54.38347496493708
19,Female,UK,1.9364871231839973,YouTube,5,Entertainment,30.69027058589485,0,9.321751543877689,Low,0.0
18,Male,USA,2.717052915094881,Instagram,1,News,10.394163659042942,0,6.169293582367649,Medium,48.96539120965632
25,Male,USA,3.398606146599409,YouTube,1,News,8.536281680481192,1,7.102459591453048,Medium,45.736645184712685
22,Female,USA,4.90802034893677,TikTok,5,Socializing,23.39301645797752,1,4.951285998365787,Medium,23.65664362171852
27,Male,Canada,0.6124936548481985,YouTube,3,Socializing,11.169390702570947,1,10.0,Low,63.46156417776521
25,Female,USA,2.0650539224793527,Twitter,2,Education,32.91367403191335,1,8.625079192868705,Low,16.378804391565716
21,Female,UK,6.08955565456063,Instagram,2,Education,24.85309204030733,0,5.183921480737732,High,13.765066956445906
16,Female,UK,2.9171507110946986,Instagram,2,Socializing,36.12690789957628,0,7.065049548434367,Medium,15.31105113129574
15,Male,Germany,4.668847600157514,Instagram,4,Entertainment,5.0,0,4.522238075994643,Medium,75.09487083055733
13,Male,India,3.8375026828884686,Instagram,3,News,22.06882568342452,1,6.884984712378827,Medium,67.5121804410441
19,Male,Germany,4.421237444697236,YouTube,1,News,15.149108853444792,1,5.057043556197435,Medium,33.63221882461305
15,Female,Australia,3.9057639097910126,YouTube,5,Content Creation,10.361181404259982,0,6.413540315318172,Medium,18.02286373811961
26,Female,USA,4.775149209189881,Snapchat,5,Entertainment,15.482706304384038,1,5.433369828124638,Medium,56.39247538117756
14,Female,India,5.504285410251943,Twitter,1,Entertainment,33.01832681204798,1,5.603922141780849,High,18.73851677787097
15,Female,India,3.420405182038192,Snapchat,1,Education,37.51276275534262,0,7.950937185598461,Medium,48.7184054000988
20,Male,Germany,4.771793718057665,TikTok,1,Content Creation,35.0991503089795,1,8.202681397115402,Medium,40.42781299253284
26,Male,USA,2.36957798754752,YouTube,5,Entertainment,22.62788189107699,1,9.382125846929927,Low,19.952867058731734
23,Male,India,2.5704202716595903,TikTok,1,Education,30.87604192031607,1,7.120275194607617,Medium,63.091631906322135
16,Female,Canada,5.78137996153817,Instagram,3,Entertainment,29.351486667644128,1,6.8244826892426005,High,23.257123055693636
17,Male,USA,3.680648181999889,Instagram,4,News,9.829520206741885,1,8.322963503344631,Medium,28.69714698225913
23,Other,USA,2.2768949152397955,YouTube,5,Entertainment,32.37950566866724,0,7.758818335495431,Low,18.82188459052508
20,Male,USA,0.878022762985514,Snapchat,1,Entertainment,27.48669569117118,1,9.399246587729667,Low,38.37499189841223
25,Male,USA,6.121849445134401,YouTube,4,Entertainment,39.95045899558996,0,4.97768385075004,High,26.24718587863381
16,Female,USA,5.847644137150952,YouTube,2,Socializing,24.801980846461767,1,7.766616476041215,High,59.2109255912308
25,Other,Germany,2.485118585265824,Snapchat,4,Socializing,21.2312805863027,0,7.943619185784073,Low,61.58390805238884
15,Female,Australia,3.891615628571184,YouTube,1,Entertainment,22.10540550141203,0,7.190266283727309,Medium,59.78513719195741
25,Female,Germany,3.893602200900421,YouTube,1,Education,16.756756851758436,1,6.857947533300021,Medium,51.83625064055061
14,Male,Canada,5.901867858319983,Instagram,5,Socializing,29.32701097851633,1,5.341713383782446,High,52.797347938748274
27,Female,Brazil,4.436943368536161,Snapchat,1,Entertainment,13.95053058859656,1,5.580826821309831,Medium,40.34344669830273
24,Other,India,2.087754117383157,Snapchat,2,Entertainment,17.53354959799294,0,7.181753750695638,Low,0.0
17,Female,Australia,2.28114576443526,YouTube,1,Entertainment,21.148700079877024,1,7.213385928465469,Low,41.81270158852722
26,Female,India,4.008207850136652,YouTube,3,Entertainment,18.592384318408385,1,6.371692117451171,Medium,37.00063392747542
26,Female,Australia,4.600271415300815,TikTok,1,Socializing,23.66710138248147,0,4.88179415055718,Medium,5.795670831884571
26,Female,Germany,5.605081028674094,Snapchat,4,Education,28.8882775999673,0,4.729885733924016,High,35.727522821492244
27,Female,UK,2.743456295552764,TikTok,2,News,46.47067294633581,1,6.666906898722068,Medium,56.76393357401316
15,Female,India,3.035501368347267,TikTok,2,Content Creation,32.68339506512282,1,6.666569968359612,Medium,10.746503129807095
24,Female,Brazil,3.003238249367976,TikTok,5,Education,47.76529246232082,0,6.668689858384417,Medium,29.445524724891737
18,Male,UK,0.5,Twitter,1,Entertainment,8.23290142635268,0,9.209990637879132,Low,40.39442844754621
15,Female,India,2.8400324039476943,TikTok,5,Entertainment,35.4056007023713,0,6.609114180275471,Medium,36.57600227512221
27,Male,India,3.038410582259039,YouTube,3,Entertainment,16.38435264869807,1,5.352419832068519,Medium,30.455597989197912
24,Female,India,1.7957946477076845,Instagram,3,Socializing,32.30451085160811,1,7.970849585695154,Low,32.84208426092951
22,Male,Brazil,3.105768433692764,Twitter,2,Content Creation,35.39684053183271,1,7.335081627077064,Medium,0.9853354339877782
17,Male,India,2.468035208771568,Instagram,4,Education,32.449874407855454,1,8.944863803948962,Low,10.248971991358925
21,Male,India,2.73495872176425,YouTube,4,Socializing,38.389083557212885,1,9.223842110203254,Medium,35.99333097257344
16,Female,India,6.048248005221558,TikTok,3,Entertainment,22.112546592933437,1,4.166732438055254,High,17.302268719947346
26,Female,Brazil,4.3418218804380775,Twitter,3,Socializing,20.670754915698573,1,5.512782968516849,Medium,19.944379571726465
24,Male,Canada,2.2735945327385045,Instagram,5,Entertainment,23.91856955734478,1,9.892452417433116,Low,53.24616943774012
18,Male,India,0.5,Snapchat,2,Entertainment,12.644099587999884,1,7.928866985622923,Low,28.20175908512859
26,Female,Brazil,5.236072384035417,Instagram,1,Entertainment,22.067313106431246,1,6.469825470745994,High,39.64027986325864
15,Female,India,2.04048484565279,Twitter,4,News,22.50756758162842,1,9.934305265774228,Low,10.60092492046719
15,Female,UK,3.8554368840430895,TikTok,2,News,23.55909899030612,1,9.126987382456626,Medium,12.407047175939688
25,Female,UK,3.2244926301698253,Instagram,1,Entertainment,22.039174854262225,1,9.326795255142924,Medium,16.966985860070288
21,Female,Australia,2.9979940416684703,TikTok,3,Education,21.2737103617572,0,7.113802678092144,Medium,1.1897390148021785
26,Female,Brazil,3.950170515515578,Instagram,3,Entertainment,21.008239329534216,0,8.654219370132752,Medium,10.082071308609702
25,Male,Germany,0.7201397628774844,Snapchat,1,Entertainment,6.474292381749432,0,9.910265554572586,Low,39.424485020657166
14,Female,India,4.38225270180616,Twitter,3,Entertainment,20.121876503540943,1,7.003701394534186,Medium,62.12292656849292
16,Male,Canada,3.5619960970343207,Twitter,5,Socializing,24.03314264470181,1,9.13206069365128,Medium,39.12479068929888
13,Female,Australia,3.689664495369435,Snapchat,1,Entertainment,9.941377169808716,1,9.259149912346077,Medium,104.84383431454565
18,Other,UK,5.732028920844231,Twitter,1,Socializing,27.488120376211207,1,5.702089952370752,High,50.60914673758794
24,Female,India,2.643103592798605,Instagram,4,Entertainment,11.766525886037275,0,7.741735094475586,Medium,44.69661286371962
15,Male,India,5.293343029997098,Instagram,2,Entertainment,10.58344457708544,1,7.791412222173339,High,41.08794345210157
22,Male,India,1.5147342425613295,YouTube,1,Entertainment,10.3850965477273,1,7.20427364602565,Low,33.67484966921544
15,Male,Germany,2.4057126144629346,YouTube,3,Entertainment,27.462086924086083,1,7.332040515376198,Low,69.0207799188126
24,Male,Australia,6.438980839220735,Instagram,4,Education,26.36886266439952,0,4.614120134930356,High,42.18162572375312
24,Male,UK,4.265727929140528,Twitter,5,Entertainment,18.37696469799332,0,8.51905446308527,Medium,52.52628583364392
19,Male,Germany,2.297303080046481,TikTok,2,Education,18.116669899463417,0,6.0888832350213065,Low,52.7571305181576
13,Female,India,1.087884950372005,YouTube,1,Education,23.410371630832685,1,9.353768508484896,Low,41.07753383602577
21,Male,India,4.402814797897013,Instagram,5,Entertainment,31.791605467611078,0,6.437517969823322,Medium,35.84689741503258
23,Female,UK,2.984063688297539,Instagram,3,Socializing,18.170792676540177,1,9.16115520722365,Medium,50.51985458694401
26,Female,India,4.334607851956387,TikTok,3,Entertainment,28.695217324182984,1,6.616628983341897,Medium,19.122503667652204
19,Male,Canada,3.509078297109648,Snapchat,4,Education,25.950166989229203,1,6.169658312288367,Medium,40.271275514748055
19,Female,India,5.110606022987347,Instagram,1,Entertainment,9.205391623256514,1,6.19068491628105,High,57.228333631672704
18,Male,India,1.325314920823203,YouTube,2,News,35.14635385706201,0,9.51927281868196,Low,19.367225550370616
18,Female,India,5.27121666634742,YouTube,3,Entertainment,30.53490405561516,0,5.239090326626133,High,10.422212947986086
25,Female,Brazil,3.5966920145097827,Instagram,2,Entertainment,21.455983437255803,1,8.721211176900187,Medium,33.74121691987203
13,Male,Brazil,3.601348895840914,Instagram,4,Entertainment,10.568042758987485,1,7.208533317752777,Medium,37.96822005478235
16,Male,India,4.092556045235441,TikTok,3,Socializing,31.958359545331696,0,7.91640749111781,Medium,45.35286710623156
22,Female,UK,4.341388738518079,Twitter,4,Education,31.335681410188663,0,6.87457079502896,Medium,7.391333936722376
26,Male,India,5.017672126808994,TikTok,4,Entertainment,22.95333728306197,1,6.43555811712586,High,60.33776127781367
19,Female,Canada,1.1441975914363374,Instagram,3,Entertainment,11.159379015418196,1,7.797116085979425,Low,39.67659947551199
23,Female,UK,3.0245382862320263,Instagram,2,Socializing,5.0,0,9.515942077411376,Medium,54.65479208935989
18,Female,Canada,4.381348638087616,TikTok,1,Entertainment,16.164194432179414,1,6.715959072637282,Medium,57.8995475354353
19,Female,Germany,5.3459596110952585,TikTok,5,News,27.704897768726116,0,5.637154788089325,High,22.707228041627214
20,Female,Canada,2.0661181054636613,TikTok,2,Education,32.00349318755145,1,7.408934830773942,Low,55.44551689171546
21,Male,Brazil,4.310129209015191,Snapchat,3,Entertainment,23.86984914946777,1,7.083355304395677,Medium,74.72285980757175
13,Female,India,0.5,Instagram,3,Socializing,29.481868225474912,0,8.404860649619387,Low,48.3079624200076
26,Male,India,3.299053009421657,Instagram,5,Education,37.7767338495522,1,5.99452299657805,Medium,27.99456077705917
20,Female,USA,4.021961950327893,Instagram,2,Education,32.11621868571615,1,5.921778505443424,Medium,51.38874410068482
20,Male,UK,1.2769982903082724,YouTube,5,Entertainment,38.29662073790918,1,9.206701632975244,Low,3.377394669484268
19,Male,UK,3.7103562527232254,Twitter,3,Education,25.325169689788904,1,7.501150229508979,Medium,35.0538598194195
17,Female,India,2.3362461340652096,Twitter,1,Entertainment,28.173734753871734,1,8.77726565059027,Low,51.50359930841821
27,Female,Brazil,6.9004021913953375,YouTube,4,Entertainment,13.577966950504695,1,3.2055140527134114,High,33.2197992429515
15,Male,USA,4.444271359329921,YouTube,2,Education,25.44000288057868,1,8.07785026638867,Medium,16.78965699361891
19,Male,India,1.7908212641278434,Snapchat,1,Entertainment,22.38099779359324,1,8.120307073872695,Low,61.4991083467355
13,Female,USA,2.38736358079097,TikTok,4,Entertainment,20.630952304398747,1,8.032501125769556,Low,71.45661848184261
17,Female,Germany,1.7026115800906585,Twitter,1,News,26.49885931059509,0,8.41138646438324,Low,27.015770379038138
23,Female,Canada,3.1504964489369,TikTok,4,Education,32.30730701554718,0,6.966300206702065,Medium,55.18231866231091
16,Female,Canada,4.029597927583903,Instagram,5,Entertainment,22.657207869355812,1,9.472958683619533,Medium,68.09078048221464
14,Male,India,4.778418825564682,Snapchat,4,News,38.07084892986357,0,6.079844100016739,Medium,29.65052275308953
23,Female,India,2.3465401189903936,TikTok,4,Socializing,8.929033825858884,1,7.0077099249157655,Low,57.09775289158128
22,Female,India,2.8018560925479523,Snapchat,1,Education,28.564045007257985,1,7.660497332498627,Medium,48.99276083900704
20,Male,USA,4.361016363680537,TikTok,3,Entertainment,28.691732847891544,1,6.85255781298183,Medium,65.95734095480094
20,Male,USA,3.295563388453617,Twitter,1,Socializing,21.807979016529096,1,8.360659069866118,Medium,45.87594361247892
26,Male,India,4.584584442626282,TikTok,4,Content Creation,18.282074624522014,1,6.713987593272166,Medium,0.0
18,Female,USA,3.241976332441067,TikTok,2,Socializing,19.949795325195225,1,9.28286013296964,Medium,60.91690282098074
21,Male,USA,2.6295047446299185,YouTube,2,Socializing,37.99319079045123,1,7.354246597247053,Medium,35.66247569836841
25,Male,India,1.8951463980547232,Snapchat,5,Socializing,17.78762688430412,1,8.596923371662898,Low,38.05646163604632
17,Male,India,5.045481801636857,TikTok,3,Entertainment,33.271750626887666,0,6.341567935504896,High,26.68479837862721
24,Male,Brazil,4.777449246023515,YouTube,2,Entertainment,36.18757203792102,0,4.517940635030042,Medium,34.74207890118381
24,Female,UK,5.556453838344326,YouTube,3,Entertainment,44.03686858213916,1,5.15249596004936,High,47.27622246531654
27,Male,Germany,5.082516010486473,Instagram,1,Education,24.303229479255364,1,6.4039915408285815,High,39.04775272984005
20,Female,USA,3.9747636394192174,Twitter,5,Socializing,27.874228926185623,1,7.56615467103023,Medium,43.05186631588811
27,Male,Canada,1.3850546117090443,Instagram,4,News,32.82797280421236,1,7.571712125375569,Low,41.67347271363931
24,Male,India,1.5292878287869385,Twitter,3,Entertainment,22.45973664712144,0,8.457635974380777,Low,65.23724029985857
15,Female,India,5.493454189966242,Instagram,2,Education,16.499943328327724,0,3.9131322380266265,High,39.807193375185605
25,Female,Australia,4.460384697372532,YouTube,4,Entertainment,19.489509685986867,0,6.575898560578759,Medium,43.04204824465477
27,Other,India,1.6310590410449757,Instagram,5,Education,32.18663688840793,0,7.782861555130925,Low,40.72339717631692
17,Female,Australia,4.481191020849323,Instagram,5,Socializing,30.26459697554446,1,6.515154394814932,Medium,26.960750623249044
14,Female,India,5.086172615252796,Instagram,3,Entertainment,26.19406894444669,0,6.927545942254332,High,29.980716007479
27,Female,India,6.633721150374863,Instagram,3,Socializing,40.40304890868093,0,4.9782246335001865,High,47.08090353241143
20,Female,Canada,0.5,Instagram,1,Socializing,22.24151713180292,1,9.42183849944436,Low,43.1288567591075
17,Male,Australia,5.0094469947270746,YouTube,3,Education,27.1065122179082,0,8.199647580652455,High,61.89951191395644
26,Female,Germany,1.8636736267524936,TikTok,4,Socializing,33.63712099428784,1,8.774725884299675,Low,11.902424300909196
26,Female,UK,4.69376221653182,YouTube,2,Content Creation,36.25187475244894,1,6.054874768173807,Medium,0.0
27,Male,USA,4.749934593447257,Instagram,1,Entertainment,5.0,1,5.397359727081593,Medium,37.35951747765159
27,Male,India,0.5,Twitter,1,Socializing,11.5639012493056,0,9.128242709977163,Low,36.15600634858451
16,Male,Brazil,3.121196698159228,Instagram,1,Socializing,28.16241416880873,1,6.711845562032286,Medium,31.82932551017552
22,Female,India,4.581910605153061,YouTube,2,Socializing,34.877814313403164,0,7.533166826138975,Medium,58.47968747376778
19,Male,Australia,0.578032775067868,Instagram,4,Entertainment,17.154668792612593,1,10.0,Low,42.25383463813872
22,Female,USA,1.456791148782889,YouTube,2,Education,30.80308375387129,1,8.996527772666262,Low,22.41390928171033
22,Male,USA,1.8038771908749207,TikTok,5,News,42.91117432082959,0,9.802418463648651,Low,13.933971743162118
15,Female,India,3.977092163192344,Instagram,4,Education,25.303445753761533,0,6.559096380068953,Medium,82.19463243817387
23,Female,Brazil,2.7505311948997795,TikTok,1,News,21.810115634985955,1,6.360498232371066,Medium,22.062030648029115
21,Male,Brazil,3.493321808598315,Snapchat,3,Content Creation,15.618694015497592,1,7.949939126514429,Medium,33.156012786753415
20,Female,USA,6.484083566379477,YouTube,2,News,9.333581537863706,0,3.2012997865136983,High,55.16309752837791
20,Male,USA,4.387580350979152,Twitter,1,News,28.777408287939043,1,7.688566675869488,Medium,49.26995398181156
13,Female,India,1.4704399766282703,Twitter,2,Entertainment,19.238364289920035,1,8.930767366113765,Low,56.77812851720012
20,Female,India,4.213635117412084,Instagram,2,Entertainment,29.004450807352377,1,6.521873845669547,Medium,22.67177782202102
16,Male,Canada,2.8727828596134364,Twitter,4,Socializing,37.60159651001944,1,8.226852166429142,Medium,78.4262332922178
21,Female,India,2.190266070686688,Instagram,1,Entertainment,26.57220097539649,1,8.878132638547305,Low,9.88615107964502
14,Male,UK,1.1394767499586158,YouTube,2,Entertainment,15.923253175380882,1,9.481691963757122,Low,46.41990506292223
16,Female,India,3.620904240650837,Instagram,5,Entertainment,25.699606299348712,1,6.469503182555436,Medium,44.55586768903057
23,Female,USA,2.268122676244219,TikTok,5,Education,20.324183492207588,1,8.972871700845449,Low,22.471239073753285
13,Male,India,5.221672430862542,YouTube,2,Socializing,27.155901238855567,0,6.054744920444896,High,18.878317295252828
25,Male,Australia,3.981052572324927,YouTube,1,Socializing,17.06992126956823,1,7.453672013642257,Medium,11.846554505037425
20,Female,India,0.9569264598174394,Snapchat,3,Education,22.61446139206379,1,8.330520032797573,Low,3.429681966250804
19,Female,USA,2.927967856036168,TikTok,4,Entertainment,31.7613713762245,0,8.362593115956061,Medium,38.37317530072269
23,Male,India,0.8375836760427617,YouTube,4,Education,5.0,1,8.445054196756645,Low,49.041648726903176
22,Female,UK,2.8620422830779235,Instagram,4,Content Creation,14.641297970709104,0,6.772999555326996,Medium,49.17542467054992
21,Male,Brazil,3.947844194986282,Twitter,2,Socializing,30.8665826094328,1,5.978597321013623,Medium,0.3221493861211826
17,Male,Brazil,2.213639862426314,TikTok,4,Education,22.51863952326568,0,9.041958756914116,Low,58.86311705355783
23,Male,Germany,1.754171289977783,Instagram,3,Socializing,26.07781751389532,1,9.19094230087346,Low,13.65016674028029
20,Male,India,3.72593579647338,TikTok,2,Education,27.17327531157889,1,8.9539247528764,Medium,63.0481444346998
15,Male,India,3.940646306699596,Twitter,1,Socializing,5.317825199744327,1,8.264787268966925,Medium,59.773638609987785
16,Female,Brazil,0.6589528250781309,TikTok,4,News,30.60301673995237,0,8.787344965552528,Low,59.16988168151494
16,Female,Australia,3.510383111533547,Instagram,5,Socializing,30.319881107720036,1,7.673838681721211,Medium,54.45946397048856
25,Male,Canada,2.1892181802014736,TikTok,1,Entertainment,19.154686019387377,1,8.773047283422324,Low,63.80962270357196
16,Male,Australia,3.1211927774502217,YouTube,1,Entertainment,30.673804087866245,1,5.819686444375841,Medium,15.957782445309547
14,Male,India,1.6840905865963114,YouTube,1,Education,29.925937310177325,1,7.599894887175941,Low,87.3591873358003
13,Male,India,4.238150751679722,TikTok,3,Entertainment,23.766966247768543,1,6.779202375495562,Medium,31.813165566815503
25,Female,Germany,6.812801426454577,YouTube,5,Education,30.038709851603567,0,4.35480542112378,High,19.87719870666893
24,Female,Germany,1.3081796191583814,Snapchat,2,Socializing,24.751158505026098,0,10.0,Low,13.348171637291482
26,Female,Canada,3.861503927953131,Snapchat,5,Socializing,16.794257505724886,0,5.879690569995223,Medium,43.53767183410436
15,Female,Canada,4.255021411621989,Twitter,5,Education,26.804863188250685,1,7.848211781401083,Medium,42.97117139088285
18,Female,UK,3.719508097983185,YouTube,1,Entertainment,39.88989318141909,0,6.825941677699574,Medium,30.323261905063035
25,Male,India,3.2865139978676874,Instagram,5,News,16.659547939560888,1,6.3377587887269415,Medium,28.655956737632657
21,Male,USA,4.762411086988228,YouTube,4,Socializing,40.14167368598667,1,6.796572554458777,Medium,8.72320871576132
25,Female,USA,3.942373979482928,Instagram,4,Entertainment,49.458497902865474,0,7.21488467469872,Medium,41.42785918672946
18,Female,UK,5.027037792105525,YouTube,3,Socializing,40.99618084652864,1,6.199436711982954,High,52.41719523129439
23,Female,USA,3.1980862052830683,TikTok,2,Socializing,20.481233170439832,1,6.033770043422885,Medium,23.34037632046829
14,Female,India,3.98900032022465,YouTube,1,Entertainment,5.0,0,8.429071927859772,Medium,58.10869687891173
21,Female,USA,3.244912819233862,TikTok,4,Content Creation,34.79140630647157,1,8.27894102966141,Medium,66.12366781887131
25,Male,Australia,2.706116380838709,YouTube,1,Education,19.96380654896,1,9.722163487913182,Medium,42.559783289943965
26,Male,Australia,2.393693741854685,TikTok,3,Entertainment,26.623324174865544,1,6.894456771465833,Low,46.18988146556087
18,Female,Germany,3.5430037513148176,YouTube,5,Socializing,5.0,1,7.099170101921793,Medium,23.83900856553525
22,Male,Canada,3.579449501461163,YouTube,3,Socializing,27.89197251175112,0,7.302869616557592,Medium,71.7981728358186
15,Female,UK,3.1392774387119164,Instagram,5,Entertainment,33.9595386979734,1,5.991054212248281,Medium,73.50714509532023
14,Male,India,3.556817207982326,Instagram,1,Entertainment,33.5040790738184,1,6.861532468020573,Medium,69.21778764750044
21,Other,Brazil,1.912692181061497,TikTok,2,Entertainment,32.754049765653,1,8.055157950943773,Low,53.30574411585118
14,Female,India,2.7437018944444507,TikTok,4,Education,28.975702576889287,1,8.132424313924101,Medium,15.435053532441042
27,Male,India,3.54202808812088,TikTok,1,Socializing,39.14948003788714,1,7.480845852173633,Medium,28.48321228850155
27,Female,Brazil,3.2045716999100287,TikTok,2,Socializing,43.19075908712766,1,5.531397425422191,Medium,42.11616373006006
27,Male,Germany,3.567098707084785,Instagram,3,News,32.242467824238155,0,7.905143092692072,Medium,18.511114637353494
25,Female,UK,2.2040472197114687,YouTube,4,News,6.800640533801573,1,8.296713748889166,Low,33.166065880648645
19,Female,UK,5.1805220805461545,TikTok,5,News,25.877964409584862,1,5.16275530850061,High,32.916743778433386
20,Male,Brazil,1.7080873542484278,Instagram,1,Entertainment,26.987875093726043,0,8.953467339793184,Low,13.799147438216616
24,Male,Brazil,2.230192435804831,YouTube,1,Education,16.777817699963634,0,8.340161904707328,Low,63.44930887979109
16,Female,USA,4.911916369676404,TikTok,3,Entertainment,23.695192214809165,0,4.729099039850727,Medium,0.0
25,Male,Brazil,3.130058835152505,YouTube,5,News,54.50191250456212,0,7.777851040643672,Medium,31.21179552621373
24,Female,USA,1.2899200604700454,Instagram,1,Education,47.7625991648559,1,10.0,Low,22.733893814124208
24,Female,USA,3.2571672840358925,Instagram,5,Entertainment,16.695256451184452,1,7.1056410825564695,Medium,67.91847663238947
21,Female,India,0.7759445613522962,Instagram,1,Entertainment,14.64503157804592,0,9.11258636871085,Low,45.21837659119813
21,Male,Germany,4.232076382066307,Twitter,4,Entertainment,30.352903914024846,0,7.295703337040317,Medium,38.82857469616055
17,Male,Germany,2.3961880944193203,Instagram,4,Education,33.52282652432205,0,7.72989932978119,Low,14.415380270065988
14,Male,India,0.5,YouTube,3,Education,17.602603711718444,0,10.0,Low,26.22166705221912
22,Other,India,4.990892186163177,Snapchat,3,Socializing,34.279955802189484,1,6.279856785909976,Medium,36.31592352104647
17,Male,India,5.334550585588289,Instagram,5,Entertainment,34.444318862383604,0,5.959789732101336,High,39.618767066551385
16,Female,India,5.14162643364868,Instagram,4,Socializing,37.1677071161012,0,4.712620022611194,High,22.88082664007112
16,Male,USA,5.572895359481123,Twitter,5,Education,40.36607864440927,0,5.799019007321494,High,32.353467360440106
27,Other,Canada,2.306554895328743,Twitter,1,Socializing,14.688171653504035,0,8.725765080757585,Low,22.225889476309064
25,Male,India,3.2874733009200288,TikTok,4,Socializing,25.97668835139312,0,8.17454413583779,Medium,68.70325107652232
24,Female,UK,1.125843187249353,YouTube,1,Socializing,25.574367094232876,1,8.76730232180721,Low,49.211048815611406
16,Male,India,3.447096604262821,Instagram,1,Socializing,9.332933841185213,1,8.68797721967644,Medium,0.0
26,Female,Canada,2.5105313543354115,YouTube,3,Education,26.040922637098006,1,7.369007758417004,Medium,52.836011738112205
14,Male,India,4.040829457191331,YouTube,3,Entertainment,5.797974023109713,1,7.83553761646259,Medium,49.44103499693406
14,Male,Brazil,5.332067074368769,TikTok,4,Content Creation,36.53948077192408,1,4.668091277093194,High,22.33286833040837
18,Female,Canada,4.46254006466213,Twitter,2,Entertainment,39.50443122377649,1,6.695460871227841,Medium,56.4484619871484
15,Male,Brazil,3.738822359089325,Instagram,2,Entertainment,23.79878068907156,1,6.401212645018201,Medium,76.38861753430034
13,Male,India,4.6770076384026575,Instagram,1,Entertainment,29.350497098364592,1,7.264858056913827,Medium,13.192043614042866
25,Female,Germany,4.242645062648785,Instagram,5,Entertainment,13.583971853675592,0,8.050143992743036,Medium,33.96849183238885
22,Female,Australia,4.526241556546011,TikTok,2,News,37.8129574060149,1,6.298967832408366,Medium,8.06085396587017
23,Male,Germany,4.935828072652182,YouTube,2,Socializing,30.081385963007968,0,5.114189135507848,Medium,20.49651687380598
15,Female,Germany,4.630548763999572,Instagram,3,Socializing,13.721866694729908,0,6.436020242948813,Medium,56.02965991526399
13,Female,India,5.271202004900095,Instagram,4,News,5.0,1,6.384813249483359,High,65.11240023446028
25,Female,India,4.8801608052054535,YouTube,3,Socializing,17.52413155700825,0,5.481570658629307,Medium,41.33410565827131
27,Female,Brazil,6.101011740799148,TikTok,1,Entertainment,35.86361339447496,1,6.321133094271794,High,12.5133403320763
14,Female,Germany,4.108344902903911,TikTok,2,Content Creation,22.975761233134435,0,7.3029328531503825,Medium,40.33686893898288
17,Female,Brazil,4.959762235697898,YouTube,4,Socializing,27.819586242380343,0,7.76306476089155,Medium,38.97359923945807
18,Male,USA,2.1162345081231506,Instagram,1,Entertainment,35.14642993454666,0,9.980742930625778,Low,59.62764265471008
15,Female,Canada,5.372123422171934,YouTube,2,Entertainment,33.67974846409373,1,5.053888982590655,High,34.855420488254794
26,Male,Brazil,3.734553722594622,Snapchat,2,Education,17.147565755023372,1,7.577907219018513,Medium,35.703229933397495
26,Female,Germany,3.3397541450659083,YouTube,3,Socializing,26.362658037566472,0,8.092375042166037,Medium,57.77844413577385
18,Male,Canada,5.7133980855311,TikTok,2,Entertainment,16.653746866985607,1,7.477649807382949,High,18.252160327205864
22,Male,Germany,3.3896465910715325,YouTube,5,Entertainment,27.46239717045536,1,7.987012757734018,Medium,46.55838139646447
25,Other,USA,3.677629245510306,Instagram,4,Entertainment,23.139014249278524,0,7.662822836448158,Medium,34.57588946895644
18,Female,Canada,3.262216699808018,Instagram,2,Entertainment,28.98717557843821,1,5.316917065451519,Medium,25.58581887964152
14,Female,Brazil,0.6324764252243855,YouTube,1,Socializing,19.25131973020653,1,9.115860540795644,Low,53.50855514584164
14,Female,Brazil,2.93942021599122,Instagram,2,Entertainment,11.883514166481364,1,6.508978027411494,Medium,36.31841864820101
22,Female,Brazil,2.0172730177589333,YouTube,3,Entertainment,16.67349291024015,1,10.0,Low,38.987711652461705
21,Male,Brazil,2.899537664061567,YouTube,3,Entertainment,7.593995594442184,1,6.155061564065097,Medium,46.39237006552468
23,Male,USA,2.556325022814677,TikTok,2,Socializing,15.805055231752954,0,7.871137697694814,Medium,40.482427137089815
19,Female,USA,5.038894122127614,Instagram,1,Entertainment,41.17841682705716,1,5.478559194458583,High,40.02970392679416
26,Male,Brazil,2.161712381161456,Snapchat,3,Entertainment,31.097403266281265,1,7.663141384885539,Low,35.223779698471475
17,Male,India,4.951521967631586,Instagram,2,Education,33.650099331920124,0,6.920853872897538,Medium,27.341699022888964
22,Male,Canada,4.551459761406825,Snapchat,1,Socializing,29.959754180549687,1,7.652126023560153,Medium,35.34711614313799
25,Male,Germany,5.607789219942851,Instagram,5,Content Creation,12.536260278716814,0,5.31462575244686,High,56.131250256750704
21,Female,Canada,3.7801848129761138,Instagram,3,Socializing,30.23693857777868,0,5.353588093597897,Medium,58.71672369267407
18,Female,UK,4.233923008378025,TikTok,5,Education,27.724364380517923,0,5.545193530251671,Medium,31.532253300566204
17,Female,Brazil,2.770459008756699,TikTok,3,Entertainment,11.58396726633207,1,8.154338635666296,Medium,16.402934147137337
20,Male,India,4.543152685229632,TikTok,4,Socializing,24.77520786402863,1,6.331356304959925,Medium,3.819134393986374
23,Male,USA,3.4697836976030976,Twitter,5,Socializing,17.06954573508704,0,9.41451661831868,Medium,23.7738843023368
14,Male,India,4.390422430308822,YouTube,2,Socializing,8.639550515890129,1,4.817835195704596,Medium,31.264593118303843
15,Male,USA,4.290979831386244,Instagram,2,News,35.083506091278075,1,6.530742658389744,Medium,54.463395798679656
27,Male,India,6.236945806426107,Snapchat,4,Education,21.588817059063363,0,4.465597017285457,High,42.92329597202212
25,Male,India,2.009578008763355,YouTube,1,Content Creation,32.66252176690756,0,7.19552596694322,Low,29.449452557502
22,Male,India,5.30943763133721,TikTok,5,Socializing,21.89610004827109,1,6.391071772799941,High,38.567361554174624
26,Female,Canada,2.9208249209727684,Instagram,2,Socializing,19.009157497899743,1,8.425210514880899,Medium,13.461561160109582
19,Male,Brazil,2.5606841497226136,Instagram,5,Entertainment,21.88274382171896,1,7.811860686924461,Medium,47.60399611926448
16,Male,India,1.724392977998568,Instagram,2,News,22.099657316775914,0,7.697599656599082,Low,56.46968456900791
21,Female,USA,3.271232732916076,Instagram,5,Education,45.25976909033426,0,7.50399335177768,Medium,28.373268975243093
26,Male,Canada,4.260817697818191,TikTok,5,Socializing,26.51316232583144,1,6.013138655939892,Medium,47.06078942833505
17,Male,Canada,5.4231272392256455,YouTube,2,Socializing,25.91030534524676,1,6.625360694078383,High,24.54176549253445
27,Female,Canada,2.825140326354305,YouTube,1,Content Creation,23.959072716187038,1,7.898001796206,Medium,21.145079351811823
25,Other,USA,1.9832920549751647,Instagram,5,Education,23.0296385742416,1,7.694425702514159,Low,25.63385704930088
24,Female,USA,4.039496060920695,Instagram,3,Entertainment,39.941084085953314,1,6.374884891642305,Medium,41.39930947286689
24,Female,India,4.099397628532557,Instagram,1,Socializing,19.001109039936864,0,7.148520130306589,Medium,46.01736060138446
22,Female,USA,2.682180802775453,TikTok,1,Education,16.459820176904255,1,8.15851791105576,Medium,27.393921658736836
21,Male,Germany,3.646059245519015,Snapchat,4,Socializing,44.532451749695305,1,7.533643532352371,Medium,38.20008931356891
25,Male,Canada,4.986876018696651,Instagram,2,Entertainment,23.7796864493561,0,6.366422443391048,Medium,8.477005043057591
18,Female,Canada,7.020074942648612,YouTube,1,Education,27.24299330191769,0,4.766437779371691,High,40.675112181732736
15,Female,Germany,4.404183927515372,TikTok,2,Socializing,45.8357686650079,1,7.0564261509010535,Medium,19.55501124126592
18,Female,Brazil,3.921441346168415,YouTube,5,Entertainment,34.238129135529306,1,6.796284954647613,Medium,45.33429870344949
18,Female,Brazil,1.238393386483743,Snapchat,3,Socializing,18.418953831848416,0,7.18099987540651,Low,64.02254676022093
15,Male,India,3.916756062304796,YouTube,5,Education,24.647351964545557,1,7.119353822187841,Medium,23.48500929516501
27,Female,Australia,4.829651212664945,Instagram,3,Entertainment,29.053952474963385,0,6.450705603740463,Medium,0.0
19,Male,India,5.680931369250903,YouTube,1,Content Creation,27.62795985164861,1,4.750818438616722,High,46.48521822857271
16,Male,Canada,2.910724173192935,YouTube,5,Content Creation,32.79952042951418,1,8.047769268122426,Medium,55.28943909992088
23,Male,India,3.026256983621204,Instagram,5,Entertainment,30.42590011997654,1,6.811442876131534,Medium,37.74776624204132
16,Female,India,5.284076690095226,Instagram,2,Entertainment,19.581465530479942,1,5.178435019429045,High,61.23282888578629
23,Male,India,1.7675700806365646,TikTok,5,Entertainment,6.078074585961829,1,9.123187347032797,Low,27.039218939486403
24,Male,India,3.913301279402802,TikTok,2,Entertainment,9.08218475752827,1,7.518282532021349,Medium,28.447526572303428
27,Male,Germany,4.281356002158854,Snapchat,2,Socializing,21.06811307503493,1,8.06488133500557,Medium,20.167410620943727
21,Female,India,2.9904914060839185,Instagram,5,Socializing,34.035619371487094,0,7.186378299649469,Medium,40.49767202916329
23,Male,India,3.345613841471891,TikTok,5,Entertainment,28.195262515588105,1,8.394119848001173,Medium,34.27509295186373
27,Male,Canada,2.8141394403751,Snapchat,1,News,34.98947049102975,0,6.943695945663196,Medium,23.592489786128365
13,Male,UK,1.4132673755608414,Instagram,4,Socializing,15.791928778877033,1,9.180269384539168,Low,72.75916799085974
25,Female,Germany,4.53393127859275,YouTube,1,Socializing,28.331337272317864,1,5.750148536089492,Medium,41.54481855150375
14,Male,Germany,6.087595754650369,Instagram,5,Entertainment,39.57253789003721,0,2.3868328104550938,High,33.320501494478805
14,Male,Australia,4.890333266590511,Instagram,1,Entertainment,35.35627003785365,1,5.348834596008313,Medium,45.72199982568899
17,Female,Germany,5.556674557076958,Instagram,2,Entertainment,18.439831626375067,0,4.607994246029792,High,34.661936907260994
13,Female,Australia,6.524566690734316,Instagram,3,Entertainment,20.078237839651543,0,5.0547310786632655,High,73.93028960823328
14,Male,India,4.37292604071891,TikTok,2,Entertainment,20.332859435481293,1,9.572286974434435,Medium,76.95945544010583
14,Male,Canada,5.876041647208653,TikTok,3,News,20.4215158107104,1,4.767913994773308,High,40.44678592901462
26,Female,Brazil,3.639691594164992,YouTube,2,News,5.0,1,7.304260153183138,Medium,59.16984476544478
13,Female,UK,4.748213904988497,Instagram,3,Entertainment,33.90973021249866,1,5.578600986961733,Medium,48.07261065769562
25,Male,UK,6.143518366521636,YouTube,4,Entertainment,31.640035050641853,0,5.631579553008751,High,0.0
15,Male,Germany,5.247080631111762,TikTok,5,Entertainment,21.240194523607403,1,7.005509883147944,High,61.01944110893207
17,Female,Canada,3.890243911008183,Twitter,3,Entertainment,46.273360912268885,1,5.570162957568884,Medium,23.80726478123162
23,Male,USA,1.4886516785876591,YouTube,4,News,18.97085353452803,0,8.483047508047534,Low,31.89194214514893
27,Male,India,1.8538789706663852,Snapchat,5,Education,30.85011601922858,1,8.708831383084117,Low,63.12869226054987
14,Male,Germany,4.329234937707757,Instagram,3,Entertainment,35.520107094754884,1,6.64605625873284,Medium,23.054521094892596
18,Male,UK,1.9504783141848256,Snapchat,5,Entertainment,28.517724323316013,0,8.193344667573069,Low,37.34837456892049
13,Male,Canada,4.467893931994537,YouTube,2,Socializing,22.68761098044027,1,6.347250789556348,Medium,11.960822994611805
18,Male,Brazil,4.343991362137073,YouTube,3,News,24.461640672730333,1,5.594268520394978,Medium,0.0
17,Female,India,3.507954407068014,TikTok,4,Socializing,22.71364691146696,1,6.56839528185622,Medium,33.65119977115599
19,Female,UK,0.5,Instagram,1,Education,24.532893903409168,1,10.0,Low,35.14375676468079
25,Male,Brazil,4.982478828686057,TikTok,3,Entertainment,37.67001284843776,0,5.308831531837075,Medium,16.903498035279885
22,Female,Australia,4.117117999949183,TikTok,4,Entertainment,34.10026300377018,1,6.871617769090427,Medium,34.29437900247506
17,Male,India,2.142066057031453,Instagram,5,Content Creation,28.28444592744682,1,8.37494922275494,Low,45.998390261718775
25,Female,Australia,5.173008875372663,Instagram,4,Entertainment,7.810261523701207,0,6.143767174225996,High,15.665232654167198
25,Female,USA,2.245057362088586,Twitter,3,Education,27.899950558988238,0,9.155626798148322,Low,36.89690741682437
20,Female,USA,3.001041721793666,Snapchat,3,Socializing,45.96352519843418,1,7.691650404712003,Medium,66.30645193664022
19,Male,India,2.1463765082538284,Instagram,4,Content Creation,31.913798649936908,1,8.318563449850418,Low,27.355773004233946
23,Male,USA,3.5149372446371943,Snapchat,3,Socializing,22.16530677230064,0,6.433480500351745,Medium,28.286035337688865
22,Female,Germany,3.952897483243286,Instagram,1,Socializing,20.191016351053904,1,6.167731274984201,Medium,62.530841896957625
21,Male,India,4.320356024076442,TikTok,4,Education,27.42356771580751,1,6.013169017956225,Medium,31.09261247225227
17,Male,Germany,3.697420188137324,TikTok,5,Entertainment,5.301693607753425,0,6.973256148280196,Medium,11.272426823762617
20,Female,UK,2.755379268884854,YouTube,4,Socializing,34.25927158380042,0,8.330795690785333,Medium,27.81089479595407
15,Male,India,3.2870838209940274,Instagram,2,Socializing,17.257360844715873,1,7.587801032515807,Medium,17.736810623038906
17,Male,India,2.1098278018937098,Instagram,3,Education,28.154869780722592,0,8.029291868080017,Low,36.59212910314477
25,Female,India,2.51653273060699,TikTok,5,Entertainment,23.58391112339224,0,7.466149579115188,Medium,31.03265219303335
14,Female,USA,3.883699228626438,TikTok,2,Entertainment,16.944118585678016,1,8.484620121989266,Medium,82.19086758324038
26,Female,Australia,5.572924939649457,Twitter,2,News,13.822538626820686,1,5.8642800364793874,High,28.84524133443967
17,Male,UK,3.3820059240118403,Snapchat,5,Entertainment,19.30566225380804,1,8.911477230397042,Medium,8.53007641950239
17,Female,USA,5.482995478382538,TikTok,4,Education,35.27701830938141,1,4.800372135580012,High,23.603723166569893
15,Female,India,5.65730988546772,Instagram,4,Entertainment,19.65637168508567,1,4.75975038575425,High,25.24571494217813
24,Male,Germany,5.391459706241723,YouTube,1,Education,19.151698449072736,0,5.144298253312665,High,81.76338159983587
24,Female,India,2.012409345787604,YouTube,5,News,19.46480233283072,1,8.600851098773424,Low,37.94357586311647
17,Male,India,0.5,Twitter,5,Socializing,26.97130599081356,0,9.009408297518885,Low,68.85404326212391
18,Female,USA,4.717519685945545,TikTok,1,Entertainment,23.25131559006402,1,4.22097663821936,Medium,77.055913755659
15,Female,India,4.11685423135283,Twitter,1,Education,20.056625133588398,0,7.007854757941673,Medium,34.04701723595104
15,Male,USA,1.831061978570145,TikTok,5,Entertainment,29.75418473168218,1,10.0,Low,61.6057849538398
27,Female,Brazil,2.9095280522957694,Instagram,5,Socializing,13.221766907815828,0,7.700005485191821,Medium,12.033761922054223
19,Female,India,4.113561166234517,YouTube,1,News,24.12892948288369,1,7.548838741009346,Medium,19.754017656097403
22,Female,Canada,3.28491464507195,YouTube,2,Entertainment,5.769139355689742,1,7.990248481197011,Medium,34.87722383915066
23,Male,India,4.801796602990408,Snapchat,5,Education,39.92590857957585,1,6.784049622393847,Medium,22.901651213882616
25,Female,Canada,3.733392226961606,Instagram,5,Entertainment,51.87856946602842,1,7.321547150517265,Medium,25.869078060067647
17,Female,India,4.26267428379417,TikTok,4,Education,6.235442367146163,1,7.007339932755296,Medium,21.827834410912494
16,Male,Germany,5.025799338595251,Snapchat,5,Socializing,23.47565621350292,1,5.980596688754094,High,47.38186753853506
19,Female,Australia,3.4098268334466404,TikTok,1,News,26.63037508244753,1,7.834389102405377,Medium,22.676400879278003
14,Male,USA,4.821398363785002,Instagram,5,Entertainment,24.17204675889009,0,6.855960295054301,Medium,45.4518323359797
22,Female,India,5.541379940294518,YouTube,5,Education,27.108994613352937,1,4.35113837108874,High,30.483654132899776
13,Female,Australia,4.02676304648856,Instagram,1,Socializing,26.89017266134737,0,5.500841943557626,Medium,5.974642809679288
20,Female,Canada,5.344589380250016,YouTube,2,Entertainment,10.657616600754938,1,4.63039165359642,High,39.4083171354726
21,Female,UK,2.969042082372802,YouTube,4,Education,41.65040585963662,1,8.050991989871,Medium,66.22186425957452
14,Male,Brazil,1.6027889908513808,YouTube,1,Socializing,36.80440089121795,1,9.826646002944733,Low,69.23630469998379
17,Male,Brazil,4.269510270727675,YouTube,5,News,22.96134060324925,1,3.9329782591314286,Medium,44.3822020636982
23,Male,Brazil,1.6348274283938118,Instagram,1,Education,5.0,1,8.690023158022639,Low,26.683123992661613
17,Female,USA,5.170732772052407,TikTok,2,Socializing,36.61468245891758,0,5.883524397837521,High,23.484326145693306
21,Female,Australia,5.48447383597887,Instagram,5,Entertainment,17.006807450868024,1,5.24603952484827,High,47.839458431221125
16,Female,USA,3.2114040390667697,TikTok,2,Socializing,27.14919760792905,0,6.754320767579029,Medium,36.74181544134952
25,Female,USA,6.063594208602035,YouTube,2,Socializing,11.44691072879562,1,4.852361689815264,High,60.88208019415416
14,Male,Canada,3.935067598653823,TikTok,5,Socializing,25.972131085435496,1,5.039431028261645,Medium,24.15206555956946
14,Male,India,2.850895498477268,YouTube,1,News,16.737759551212964,1,6.981735332046682,Medium,51.306988914155184
19,Female,Canada,3.597478561592954,Instagram,2,Socializing,21.792345597058315,1,4.911047554122558,Medium,12.28178097637234
20,Female,Germany,3.744146327187893,Instagram,4,Entertainment,36.22242466703348,0,7.244785663237993,Medium,62.95575167462332
20,Female,India,3.6378831096221766,YouTube,4,Education,36.02689086386928,0,5.978830114947685,Medium,31.948057782657276
15,Male,Germany,2.7261719695829303,Twitter,3,Socializing,29.18486370316971,1,6.884798684110337,Medium,42.63127050548981
19,Male,UK,1.7001751920829422,YouTube,2,Entertainment,27.09946970185244,0,9.462794393366568,Low,24.535585919878336
19,Male,USA,2.586969363036041,Instagram,5,Entertainment,26.57319673867721,1,7.497099972781362,Medium,57.23464049370222
21,Male,Brazil,3.7304644417166273,TikTok,1,Entertainment,35.589163922745655,1,7.173338944076706,Medium,23.227875476110867
17,Female,Australia,3.317563762886858,YouTube,4,Entertainment,24.73794345317628,0,6.808214009512941,Medium,42.28413426068415
24,Female,India,1.757134657435339,Twitter,4,Entertainment,27.44310373152808,1,9.397011587825856,Low,26.170607260086378
27,Male,India,5.718791656747676,TikTok,2,Education,33.08201146930262,0,4.762946349821586,High,38.660255895904406
19,Male,Australia,2.6093203194183183,Instagram,5,Socializing,17.45916199881661,0,5.47961210934528,Medium,56.26505746292154
19,Female,USA,0.977332254015904,TikTok,1,Entertainment,44.87231202229097,0,10.0,Low,80.1121264274577
27,Other,Brazil,6.532226465622198,Instagram,5,Entertainment,12.745118135289992,0,4.586820574552688,High,60.58059454839811
26,Female,India,2.7607524673629262,TikTok,3,Education,14.37331022398804,0,7.853721072569746,Medium,35.24220975371455
13,Male,Australia,0.5840998191258184,YouTube,2,Socializing,42.09190651230209,0,9.88953244774265,Low,18.922641581949264
17,Female,India,2.781496583460291,Instagram,2,Socializing,27.92345566610058,1,6.846425099691173,Medium,48.34940217977584
23,Female,UK,6.811783940049641,YouTube,5,Entertainment,36.03297875899973,1,6.103811496543731,High,37.89027156160845
21,Other,India,3.0338414189652263,Snapchat,5,Education,14.714349660542034,1,7.929705190197136,Medium,69.02118749276923
21,Male,USA,3.8725999770940382,Snapchat,4,News,32.8337527180651,0,7.509554940321141,Medium,58.34305645829195
23,Male,Australia,5.414548486614866,Instagram,5,Entertainment,15.57751860944903,0,4.063292476951984,High,33.41518614427215
22,Male,Australia,5.21656216149659,Twitter,4,Education,28.459720454494533,1,3.943244078509578,High,31.504293496516127
18,Male,UK,5.498422124354827,Instagram,4,Socializing,27.917269675006192,1,4.981118671641034,High,62.77626246849765
18,Female,India,3.225777336038227,Instagram,1,News,30.86618871976468,1,7.368383663034193,Medium,17.160387492823737
16,Male,India,2.5055567915979173,TikTok,1,Education,34.23675718583221,0,5.446454059999898,Medium,4.296759279791743
23,Female,India,4.566057485340301,Instagram,2,Socializing,13.453107530839512,0,7.651571059704687,Medium,2.247064094254476
20,Other,Germany,5.555612948049837,Instagram,1,Entertainment,35.95537698561412,1,3.449838908689265,High,26.87256433792706
26,Female,India,5.278586721142839,Instagram,3,Entertainment,25.66650288144344,0,6.638200782502793,High,29.184781299154675
23,Female,UK,3.3569417756196334,TikTok,3,Socializing,22.725891943574688,0,5.4750810056814885,Medium,46.34753257467432
16,Female,India,0.5,Instagram,5,Education,31.736791003214524,0,9.93830547670498,Low,45.670034983689526
17,Male,USA,2.7308969995309025,YouTube,1,Socializing,46.36954518268515,1,7.207236202079633,Medium,51.20312900121192
19,Male,Brazil,4.107250678717526,YouTube,5,Socializing,42.52906409841899,1,6.311322639315276,Medium,20.14167991184356
23,Female,Brazil,3.254340511420918,YouTube,4,News,33.073645626101545,1,8.775947725670854,Medium,55.39848123850256
21,Female,USA,2.7041091308811254,Instagram,2,Entertainment,24.413141681887303,0,8.234220243788048,Medium,55.753228362523615
20,Female,Brazil,4.68506532238494,Instagram,2,Education,18.737228775071905,1,7.287138200532905,Medium,60.70421444238288
25,Male,Canada,3.665494020004615,Twitter,2,Education,37.91014720370189,1,5.560013517910754,Medium,53.31596738373237
27,Female,Australia,3.8403805689576416,Instagram,2,Entertainment,15.862509261605322,1,7.514617985471583,Medium,75.19242192366534
15,Female,Germany,4.579451775726334,TikTok,4,Entertainment,19.88904140690044,0,5.59735115117072,Medium,69.0980547311482
27,Male,USA,6.375260469852227,Instagram,4,Socializing,20.18307522580142,0,6.102154165421785,High,45.80591895345379
21,Male,Australia,5.999377762282119,YouTube,5,Socializing,20.84810408617657,0,7.641065111508715,High,30.84620100199769
25,Male,Germany,0.5,TikTok,1,Entertainment,14.014385410504437,1,10.0,Low,46.57874250453576
13,Female,India,2.929735228235444,Instagram,4,Socializing,20.057652716621945,0,5.712585872965587,Medium,27.31348549781481
27,Male,Australia,5.55971821653946,TikTok,2,Education,37.456910266177466,0,6.560130654422154,High,63.81377041140091
13,Female,UK,2.662910079472742,YouTube,2,Entertainment,21.4217239152222,0,8.52782622327097,Medium,37.47221997595754
19,Male,India,2.2445285221637685,Instagram,5,Entertainment,21.48518977529712,1,9.262210138808616,Low,47.41573015953432
16,Female,Brazil,2.4145162388615256,YouTube,3,Entertainment,25.41314343832313,1,8.87828360895713,Low,52.21773894212862
24,Female,USA,3.958843377277794,YouTube,5,Socializing,33.364093430349335,1,6.35638019616013,Medium,18.10065271515223
23,Male,India,4.054500637275128,TikTok,2,Entertainment,31.65579478438343,1,7.359960346229942,Medium,36.72111552046739
21,Male,India,3.837577229388103,Instagram,3,Entertainment,8.508126060494938,1,8.154702559003773,Medium,56.72764979769397
26,Female,India,1.4305950048585654,Twitter,2,Entertainment,33.76202909480301,0,9.25057748283653,Low,54.23994423612679
15,Female,Germany,6.141378176545674,Instagram,3,Socializing,34.98565047698308,1,4.558736802093543,High,28.5384816046341
25,Female,India,1.6169256258071072,Instagram,3,Entertainment,23.60886575201723,0,10.0,Low,41.73652535594808
26,Female,USA,6.243464898349764,YouTube,3,News,36.39488671130975,1,7.196405391392854,High,0.0
20,Female,Brazil,3.7409236848428034,YouTube,4,Entertainment,36.16038037334104,0,7.758644314679048,Medium,74.3858095142073
16,Male,India,2.8071160311370926,Instagram,1,News,5.8884603462208815,0,8.241204715428228,Medium,48.11232129525708
16,Male,USA,3.00869790027545,TikTok,1,Education,17.139024559645996,1,7.663135410059026,Medium,53.61103339613008
23,Female,India,3.895400916998045,Instagram,5,Entertainment,17.48130233285944,1,6.604421206691064,Medium,45.98179383446818
13,Male,Canada,2.3854970573675645,Instagram,3,Entertainment,14.565155267799549,0,8.369944033232457,Low,37.62223877982989
13,Male,Australia,3.623700337809108,Snapchat,1,Education,5.0,1,7.134238547716644,Medium,48.28605224206422
14,Female,India,3.812879485418156,TikTok,1,Education,14.263381028668638,1,6.039946899131471,Medium,49.562624577796
19,Male,Canada,2.356067015338244,YouTube,4,Education,27.931964394534816,0,9.187486023826027,Low,65.40153804520104
27,Male,USA,3.3909371348328925,Instagram,2,Socializing,16.729168391252465,0,6.905759216448937,Medium,27.59738222241694
24,Female,USA,4.870489490702807,Instagram,3,News,15.870286156325378,1,6.5369236636140045,Medium,34.235075894278985
19,Male,India,3.391633732741727,Instagram,3,Entertainment,6.432122113658352,0,7.273892176641287,Medium,51.052894327529245
26,Male,India,3.260993966268876,TikTok,4,Socializing,28.806145472783324,0,6.779779857582205,Medium,53.12366732192604
27,Female,India,4.380360927332471,YouTube,4,News,5.0,1,5.60837771433554,Medium,29.26752825475036
19,Male,Australia,2.227863674552104,Instagram,2,Socializing,21.32665196375655,0,9.062986735964804,Low,52.34266794439418
13,Male,USA,3.4722386947312787,YouTube,1,Socializing,11.684486750384307,1,7.50308502050053,Medium,22.92314361743298
24,Female,India,5.068033525409187,Instagram,2,Entertainment,41.466418084247735,1,5.838798881841384,High,29.456462377300795
13,Female,Brazil,5.138168509868705,TikTok,1,Socializing,19.60935314739828,1,5.791918887281998,High,37.7787223401177
16,Female,Germany,3.626189582795509,Twitter,3,Entertainment,34.88004245621252,1,7.744972184106899,Medium,30.566373826889887
25,Female,USA,2.4700316156566005,TikTok,2,Education,25.381723326423103,1,7.741399517316906,Low,56.31836036911817
27,Female,UK,5.871959256503343,YouTube,4,Education,22.80340702511458,0,4.442194128392549,High,62.66803220536901
27,Female,UK,2.1561401002168794,Instagram,5,Education,37.27057812693937,1,8.019203406307824,Low,26.528340359314782
14,Other,India,4.630042391003922,Instagram,5,Entertainment,5.0,1,5.480990487245781,Medium,29.390292788775525
19,Male,India,5.269485593024743,Twitter,2,News,13.122357860815466,1,4.840722384027437,High,23.96005303834071
19,Male,Canada,4.33652383396324,Instagram,4,Socializing,30.699279878054547,1,6.725763315643763,Medium,26.23577108633813
13,Male,UK,3.389316921266317,TikTok,3,Socializing,15.259664870483231,0,6.531360893114468,Medium,33.14667822772074
20,Male,India,3.026932321621706,Snapchat,3,News,24.04540318141085,0,5.318506243342291,Medium,55.586070669861456
13,Male,UK,5.417453315551358,Snapchat,3,Entertainment,8.665349903359687,1,6.97213535158279,High,28.266802889833823
25,Other,UK,2.6625568054267497,TikTok,5,Entertainment,23.71750242106795,0,8.586249384913966,Medium,62.90054238522778
14,Female,India,3.887983456864978,TikTok,3,News,15.159172856497149,0,6.904257135162401,Medium,12.196112266589658
14,Male,Australia,1.279377933825232,Snapchat,1,Socializing,27.149823058477978,0,9.70642580220416,Low,14.048593375244842
24,Female,USA,3.6318206211365593,YouTube,2,Entertainment,33.59541024867288,1,6.623828623806573,Medium,93.9734992779722
25,Male,India,6.128563076183622,Instagram,3,Socializing,36.71692340117465,1,5.303437606090019,High,31.07983536805568
20,Male,Brazil,2.820362093487445,YouTube,2,Socializing,9.446234630970237,1,9.040160513536485,Medium,29.46417191407214
14,Male,India,3.7230323477806473,YouTube,2,Socializing,10.954436210711403,1,7.297282213884318,Medium,3.573637767083227
13,Other,Canada,2.7396177940470685,TikTok,2,Socializing,34.847856807857625,1,7.07466186580873,Medium,64.78680440523502
19,Female,India,7.300052586182132,YouTube,5,Socializing,22.19651157908727,1,5.386531474469609,High,43.185004139481634
21,Male,Australia,2.4644150340783626,Instagram,1,Entertainment,25.213133168598823,0,7.668706580533189,Low,55.026631776822605
20,Male,UK,4.6525475930663145,TikTok,1,Education,24.22126642653753,1,6.934207812897598,Medium,38.96175171556053
15,Female,India,3.308721987689405,Snapchat,4,Entertainment,29.96919074821,0,8.259961458382474,Medium,66.04100920787906
18,Female,USA,2.2989261057381127,Instagram,5,Education,19.24847660117581,1,7.710585504793022,Low,29.147909938491768
26,Female,India,3.2820565577114804,TikTok,3,Entertainment,21.131250974127276,0,7.04967515534186,Medium,29.48362631970418
13,Male,USA,2.7624081163686185,TikTok,1,Education,27.469904721534416,1,8.758683119500411,Medium,33.719435474693576
24,Male,Germany,3.83137790155024,YouTube,3,Entertainment,43.29681999466948,1,7.408162978269951,Medium,48.699139828921794
23,Female,UK,4.51182472058231,Instagram,2,Entertainment,30.898039002428312,0,4.079217855497225,Medium,33.024149901015214
19,Male,Germany,2.2009177184577338,Instagram,5,Entertainment,16.483538436946517,1,9.82017762710589,Low,13.033270966074756
19,Female,India,2.672951237329464,YouTube,1,Education,5.0,1,8.360823712395389,Medium,27.20658203083741
20,Female,Brazil,3.392184642312495,YouTube,1,Socializing,6.604015478318676,0,6.616132479762575,Medium,25.44054683488283
16,Male,Canada,1.3917729772805836,TikTok,5,Education,18.66886074151804,0,9.69273738256505,Low,62.38549364044186
15,Male,Australia,2.4346409877067723,Instagram,5,News,28.90903254936136,0,6.977413348682369,Low,52.962258595549386
17,Female,India,1.6903785263872142,TikTok,5,Socializing,30.832840609362023,0,8.97823715045932,Low,28.98172519819387
16,Female,Brazil,2.4149107110686567,TikTok,4,Education,33.6796865550849,1,7.149082694576336,Low,40.29678746609645
13,Male,Brazil,4.315527313842295,Twitter,2,Education,12.4159324860171,1,7.769416579718123,Medium,5.226671820603052
27,Other,India,3.9505976138333967,Instagram,4,Entertainment,11.188107905780852,1,6.777484154480623,Medium,36.97947573660784
26,Female,USA,1.726412311583715,TikTok,3,Content Creation,10.579426736966663,1,8.035218301632439,Low,11.152404720132054
25,Other,India,5.116102554980236,Snapchat,5,Socializing,27.677994677194032,1,5.94271360575547,High,40.83837379286136
16,Female,USA,0.5,TikTok,3,Entertainment,35.79302334108995,0,9.785855860983936,Low,38.0432684378275
26,Male,India,1.83162312205523,Snapchat,3,Entertainment,46.12533142888101,0,9.366196511992914,Low,29.441508869556564
17,Female,USA,2.0829487974353618,TikTok,2,Education,32.122142786254734,1,8.156937132302229,Low,23.263253599445683
24,Female,Brazil,4.54388178933962,TikTok,5,Education,34.3939174076893,1,5.987249405835692,Medium,70.63482038021232
14,Male,Germany,3.664672099168463,Snapchat,1,Entertainment,23.668496513483177,0,6.965944992318615,Medium,45.168799264548426
25,Male,USA,1.034215835797705,YouTube,3,Socializing,32.075829951066,1,9.79419592016094,Low,54.72864415235021
27,Female,UK,2.14876336533244,Instagram,2,Education,29.81812079217456,0,5.983364411214343,Low,15.4539768059173
22,Female,Germany,4.10047907705419,TikTok,5,Socializing,5.0,1,6.588902261781139,Medium,57.56762729091082
19,Male,India,5.010498858307871,TikTok,2,Education,28.29092604666268,0,6.669592678206264,High,39.48713263940004
20,Male,UK,2.3779064039165805,Instagram,1,Education,34.4530143458757,0,8.517303519800766,Low,69.55763430889587
15,Female,Canada,2.473171313726266,Snapchat,2,Content Creation,31.02197090787306,0,7.566894819654468,Low,28.462907081374
18,Male,UK,1.5539163373554783,YouTube,2,Entertainment,26.9657744166735,1,9.650010649075668,Low,49.69019249438787
23,Male,Canada,1.907425993355972,TikTok,1,Education,30.282833127781693,1,7.492897273532814,Low,19.209814411528228
24,Male,UK,6.097779274738207,Instagram,4,Education,7.420505128786893,1,5.646896427780829,High,13.550847583535578
19,Female,USA,0.5,YouTube,4,Education,32.56836896090528,0,10.0,Low,35.14749762991754
22,Other,USA,5.06935539344766,YouTube,4,Entertainment,29.91028329718296,0,4.956711252942277,High,45.83011159743696
25,Female,India,2.7075168580351274,Twitter,4,Education,27.757966089511047,0,8.36431149664191,Medium,46.35710666974318
22,Female,India,2.162512847057416,YouTube,2,Education,22.9526364443117,1,9.807293064853058,Low,34.83701209136534
26,Male,Germany,2.9440971974064207,Instagram,5,Entertainment,22.7423025922037,0,8.765109405008422,Medium,29.221142026390154
27,Male,USA,3.741357725328125,Instagram,5,Education,7.241283009914838,1,8.132086898440203,Medium,28.518767225630064
23,Male,USA,3.144166308539163,Twitter,4,News,22.0255596513177,1,6.732506795277698,Medium,28.6025123146305
24,Female,USA,1.936323149091688,YouTube,5,Entertainment,38.05645801700243,0,8.228449911043475,Low,27.276821676994796
23,Female,UK,4.906714432403214,YouTube,5,Entertainment,43.42083972527787,1,6.23376380557795,Medium,66.20668157870844
22,Female,Canada,3.131536270562286,YouTube,5,Entertainment,31.502917934650867,1,5.853550333481056,Medium,68.05823584975114
15,Male,India,4.578646192747886,Instagram,3,Education,28.47748088119944,0,7.036480319564102,Medium,52.18626937105009
18,Female,Brazil,2.7606455386907003,Instagram,4,News,17.748868633427882,1,10.0,Medium,13.842379560644524
23,Other,Canada,5.152324042368234,YouTube,5,Entertainment,35.33619991905333,1,5.427954797360898,High,28.995961079582703
19,Female,Brazil,4.48953705696848,TikTok,2,Entertainment,34.56531683824788,1,6.95699700389118,Medium,55.92125349391529
21,Female,Germany,2.8269129710887104,YouTube,4,News,38.44790966905171,1,8.20498600705885,Medium,17.371729887536667
25,Male,Australia,2.7162491077836206,Instagram,3,Entertainment,19.86367699250345,0,7.270729422835217,Medium,33.53486876328275
20,Male,USA,4.762764122581812,TikTok,1,Content Creation,30.45114963862233,0,5.686425405428435,Medium,31.32536821209984
22,Female,India,1.3909952501489542,TikTok,4,Education,5.0,1,8.507309666295104,Low,36.32788802166241
24,Male,India,4.639558798492223,Twitter,3,News,29.98528934922124,1,5.698695385933632,Medium,45.11032685188195
27,Male,USA,3.664078838353928,Instagram,4,Education,34.90257451761778,0,7.55636526931557,Medium,38.42687740715196
14,Male,USA,3.4905029526671165,TikTok,1,Entertainment,26.44457946169144,0,7.215942602437175,Medium,14.50625462325888
14,Female,USA,1.2312888081279834,Instagram,5,Socializing,21.678643031409475,0,9.571192514890834,Low,29.9049629012066
16,Female,Germany,3.3548918164828585,Instagram,1,Socializing,37.47508451989687,0,7.54228468598404,Medium,22.14695612591025
16,Female,Brazil,3.777437680572928,Instagram,2,Entertainment,25.00673794304685,0,8.257485966080159,Medium,29.76085392117956
17,Male,Brazil,3.353584893304064,Instagram,3,Entertainment,21.55438975104743,0,7.462786849629261,Medium,56.01761269715398
18,Female,India,2.9461379681155644,TikTok,3,Education,32.04111338688025,0,7.887978823991491,Medium,65.43548907711254
15,Female,India,3.3012658214494666,Snapchat,2,Content Creation,16.925393079223397,1,9.159926258816377,Medium,45.724713491022094
25,Male,Canada,1.203538471633431,Snapchat,2,Entertainment,24.16733521569798,0,8.389763697623284,Low,58.12695647105612
26,Female,UK,2.4592954777988574,Instagram,2,News,26.589358824830715,1,7.105231883833874,Low,45.02433899660879
23,Male,UK,2.954160536922754,YouTube,1,Entertainment,18.35015775893049,1,6.286827964853353,Medium,41.87270575413034
25,Female,Brazil,3.7635318796938098,Instagram,4,Entertainment,35.924077579297816,0,9.42421777671406,Medium,72.25765085148635
27,Male,India,3.0801242405168106,Instagram,4,Education,25.561829138890687,0,7.775778233282766,Medium,0.0
18,Female,India,3.0907413857270223,Instagram,4,Entertainment,32.67063575222697,0,6.612800129928786,Medium,72.37327977543555
27,Female,India,1.9748054869775824,YouTube,3,News,37.65041423170072,1,9.244227018270816,Low,21.68212004525649
26,Female,India,2.076739436630477,TikTok,5,Socializing,43.04473331071479,0,8.116157294665099,Low,45.085145886199086
15,Other,India,5.231301917906413,TikTok,3,Content Creation,21.062667755834184,1,5.402975912732543,High,63.34514574310544
25,Male,Brazil,2.941231829257977,Instagram,5,Socializing,31.496474827402643,1,8.330604586342512,Medium,38.6318882558373
16,Female,India,3.103860216775548,TikTok,5,Entertainment,33.27096920137206,0,7.261575639540436,Medium,72.73088355594065
14,Male,India,5.070931382096728,TikTok,2,Entertainment,12.995177145881922,1,6.070680985219414,High,22.33545518934951
24,Male,Germany,3.336758110909888,Snapchat,5,News,16.001043368334834,1,7.789766490359278,Medium,40.21735119239811
16,Male,Germany,1.455986931038573,Instagram,1,Content Creation,16.601315183563514,0,7.811037076562372,Low,22.44125148434708
19,Male,USA,1.4563700789941976,TikTok,5,Entertainment,46.32030377796495,1,9.0973357542318,Low,75.96069990115994
13,Male,India,0.5,Snapchat,1,Entertainment,41.99346598671811,1,10.0,Low,57.59493084600837
14,Female,USA,5.477602531309676,Snapchat,3,Education,5.8567966017023565,1,6.533168734731882,High,74.96713354758438
14,Male,UK,6.588019789908089,YouTube,3,Education,40.57758667040229,1,3.753492970201867,High,34.30151520387293
23,Male,India,1.3631139272346768,TikTok,2,Entertainment,14.743104681190449,0,7.070595396660276,Low,4.941241729809761
16,Male,Germany,3.420530724594472,Instagram,3,Entertainment,11.99467719876517,1,5.443346176616981,Medium,52.37007841231673
17,Male,India,5.012791523966022,TikTok,3,Content Creation,5.0,1,3.6222976826420665,High,8.956673655560834
24,Male,India,2.887783183314212,Instagram,2,News,9.270214673803563,0,7.28659145852085,Medium,44.65218000701144
19,Male,India,2.933228577213582,YouTube,5,Socializing,14.298980686438345,1,7.270987428691154,Medium,42.85343317344394
13,Male,Canada,4.730807607691998,TikTok,5,Socializing,28.78176500763546,0,6.327804539748,Medium,49.09328321163181
13,Female,India,2.191318190379619,Instagram,3,Content Creation,22.47117262200556,1,6.774785011363825,Low,32.025775702931014
20,Female,UK,4.431118032795917,TikTok,5,Entertainment,30.37898648726165,0,6.940883786994958,Medium,41.90242487487704
26,Female,Australia,3.427457453567944,Snapchat,3,Entertainment,22.299988697404277,1,6.340291110054284,Medium,20.070394362430243
26,Female,USA,5.745884004246843,YouTube,4,Entertainment,14.13008257619226,1,4.910242861693925,High,56.58417293513825
18,Female,USA,7.354584202681846,YouTube,5,Entertainment,18.23147599252488,1,3.836763487789882,High,24.56447822965183
21,Male,Brazil,4.34458914760423,Snapchat,5,Entertainment,25.308860474013745,0,5.900867909153777,Medium,59.75048551147043
19,Male,USA,3.059303568973004,Instagram,5,Socializing,20.096357902876225,1,7.410862614253867,Medium,20.948344818442692
25,Female,India,5.280594428296558,Snapchat,3,Entertainment,17.017999354968595,0,6.720203204374212,High,56.33823706692171
20,Male,Germany,1.8385393607230636,TikTok,1,Entertainment,37.512906238995626,1,9.59061993179883,Low,38.05323553674837
19,Female,UK,5.86783799650795,Instagram,4,News,38.11734220703261,1,4.527062034706214,High,10.730333369796348
27,Male,Australia,3.0858026741334905,Twitter,2,Entertainment,14.780411527093325,0,9.374784586520237,Medium,39.14778323393042
18,Male,India,6.297993481237501,TikTok,5,Entertainment,46.06673269283916,0,3.288658959337473,High,21.970968837085355
22,Female,Germany,0.6998217769393835,TikTok,2,Education,15.289667914874148,1,9.275443266441563,Low,46.40419105819355
14,Female,India,2.231217076660059,Instagram,4,Entertainment,42.47529688706234,0,8.648423835694356,Low,32.55716322147499
19,Male,Brazil,4.611617491294567,Instagram,4,Entertainment,35.64869298660778,0,4.4541067300912776,Medium,79.26762767911075
23,Female,Germany,6.761750429117151,Instagram,1,Socializing,20.758770619506528,0,3.252156987118405,High,29.870928249403736
20,Female,Brazil,4.357983153309251,YouTube,5,Socializing,25.79303524980739,1,6.673022527500501,Medium,45.1982692845283
16,Female,USA,2.6171667801602605,TikTok,5,Education,35.497991743973905,1,8.659690266239528,Medium,37.73375347896817
25,Female,Germany,1.9074281668899096,Snapchat,4,Education,28.716817601987028,1,7.454444305474315,Low,40.68159484328997
22,Female,India,2.7506315655247007,Instagram,4,Socializing,11.054851537358914,1,8.21739332589614,Medium,48.48957008955685
19,Male,India,0.5,TikTok,3,News,61.19529270196278,1,9.457565083627708,Low,44.48660008372514
22,Male,India,6.151038499077826,YouTube,2,Entertainment,22.665091934464872,0,4.518293670159347,High,43.80067540999475
16,Male,India,1.4864778963783791,YouTube,1,Entertainment,18.03383713942188,1,9.666554459264416,Low,56.28509972674462
21,Female,Germany,3.6295276770787335,Snapchat,2,Entertainment,13.61615471714533,1,5.761860388354716,Medium,71.20830611392734
16,Female,India,1.6361888111330452,Instagram,5,Education,32.80304020529064,1,10.0,Low,66.03262869017477
21,Male,India,2.957071586022148,YouTube,5,Entertainment,25.166946582976607,1,7.557326590785293,Medium,69.35465075453614
19,Male,USA,3.5848150795411007,YouTube,2,Socializing,29.961563223647687,1,8.927323790038027,Medium,66.642979654767
22,Female,Australia,4.790812910522812,Twitter,5,Socializing,6.603440023707275,0,5.193487738548959,Medium,70.08050275915336
27,Female,UK,2.9731691828735256,Twitter,2,Socializing,28.23381076906644,1,7.507561496829433,Medium,47.413304325260725
20,Male,Brazil,3.45472127944876,Instagram,1,Socializing,25.857283104197457,0,7.425990754530519,Medium,33.3815325738137
21,Male,India,3.2258101528092205,Instagram,3,Education,17.64493106230583,1,8.41284478634978,Medium,11.904903575175368
15,Female,Brazil,4.121954332679328,Twitter,1,Education,27.059114593489408,0,7.965364282494368,Medium,41.34068438700813
14,Other,USA,4.954782135973968,Snapchat,3,Entertainment,19.436049401692465,1,7.088455897183405,Medium,41.12051639056031
25,Female,Canada,1.1467269363588666,TikTok,4,Entertainment,35.850920739979806,1,9.57117749627395,Low,71.37799333768677
25,Male,Australia,1.013642910063144,YouTube,3,Socializing,14.843140412849111,0,9.36291090944071,Low,46.95918813531959
15,Male,USA,2.668710742455803,Instagram,1,Entertainment,6.933734774161998,0,7.104664798979711,Medium,29.164803166282283
27,Female,India,2.7119435684122144,Snapchat,1,Education,25.153683984611707,1,8.266587422077848,Medium,49.972403208781984
24,Female,India,2.6055582477261345,TikTok,2,News,21.081999032212327,0,9.217181318234582,Medium,17.454128146220803
23,Female,UK,1.8883724901177956,Instagram,4,Entertainment,13.648798449818669,0,9.441864298605685,Low,3.918673477673956
21,Female,India,2.9743691724030543,TikTok,3,Socializing,5.0,1,7.161391266392455,Medium,40.62259901913935
17,Male,Brazil,5.588785479107372,Instagram,3,Education,24.835525652563742,1,4.510067177726367,High,16.08362702192775
21,Male,USA,1.6034137746540988,YouTube,3,Socializing,16.72804730399463,1,8.245515011999808,Low,0.0
19,Male,UK,3.154804739338049,Instagram,1,Entertainment,32.98317290750555,1,8.64343106246841,Medium,55.69662678093184
18,Other,India,3.668713950933365,YouTube,3,Socializing,26.054932471916644,0,9.184500048328085,Medium,48.03481626178529
26,Female,India,5.151863557240006,YouTube,5,Entertainment,31.355987991445225,1,6.026117521947801,High,58.06754865812705
16,Female,UK,6.086320693244597,YouTube,4,Education,26.474289503446897,1,6.445248517754208,High,30.986297198926625
27,Female,Germany,1.5789293569485117,TikTok,4,News,24.193493550163925,1,10.0,Low,34.98881159031499
18,Female,USA,2.960904344613354,Instagram,5,Entertainment,22.54189071627377,0,8.002969468872351,Medium,22.03082383018851
26,Male,India,1.241664892863266,Instagram,3,News,5.0,1,8.602088460408256,Low,42.44674416095616
16,Female,USA,5.319229449416199,Instagram,3,News,29.092207352681143,0,4.55559414248453,High,23.6385262059606
27,Male,Germany,2.7937942150930257,Instagram,2,Entertainment,13.780671675060214,1,9.473038915564365,Medium,74.98360995639524
26,Male,Canada,5.619468898720295,Twitter,3,Socializing,13.157403509862204,0,6.924421478608235,High,53.49952827995664
23,Female,India,3.4617267097131963,YouTube,2,Education,23.37311262910416,1,7.376858108547556,Medium,36.111135182551365
15,Male,India,5.8391490557586,Snapchat,2,Socializing,26.242944558558705,1,4.581947460583539,High,36.196510786449984
13,Female,India,5.299055267951891,YouTube,1,Entertainment,40.92459611935993,1,6.29658344734654,High,43.88772749667957
18,Male,UK,2.904940894892569,TikTok,3,Entertainment,11.445833942511385,1,7.155880336910298,Medium,4.417510412575929
23,Male,Brazil,2.2531582188032946,TikTok,2,Education,15.86057999737683,0,9.40021917184126,Low,41.42406965684377
27,Female,India,3.788728573406052,Twitter,3,Education,30.562239902354104,1,5.99397790414608,Medium,39.856108957430806
22,Male,USA,2.904390870175302,YouTube,3,News,51.11538495565358,1,8.508511598238842,Medium,29.476368206452072
17,Male,UK,3.068557680307922,YouTube,3,Entertainment,32.018582642301666,1,7.986389319930867,Medium,47.57277824490316
13,Female,Canada,2.9982309638188864,TikTok,1,Entertainment,19.9051282102304,1,8.184238157352269,Medium,8.366371679530147
20,Male,Canada,4.291195235489865,YouTube,2,Entertainment,28.325134869329418,0,6.606807626950361,Medium,44.267982690984105
25,Female,Canada,1.6008980099564964,TikTok,5,Entertainment,10.984978835762869,1,8.3348523811386,Low,54.58622867550798
13,Male,India,4.998685288555789,Twitter,4,Socializing,14.647034428360753,0,6.24497896028859,Medium,61.62408576004104
23,Male,UK,1.110677771631269,YouTube,3,Entertainment,17.407775047357845,1,7.956869673376151,Low,26.554099087409767
15,Female,USA,1.6393963875676032,Instagram,4,Entertainment,8.678895563313702,0,9.04079245912072,Low,52.162836736811386
23,Male,India,6.967205924038188,Instagram,5,Entertainment,24.03513720805736,1,3.994505421262738,High,58.15482425856294
23,Male,India,2.2603467020311845,YouTube,4,Socializing,22.62408698991809,1,9.083532138857077,Low,37.679936455361656
19,Female,Brazil,2.1242175519906312,TikTok,1,Entertainment,23.028750941023464,0,6.591710788436584,Low,16.066449006931315
17,Female,Australia,2.6326417424221926,YouTube,2,Entertainment,24.045363746816,1,10.0,Medium,85.428801354873
18,Female,India,4.361807761945348,YouTube,5,Entertainment,42.70273836243493,0,6.651200096060794,Medium,67.39872758087517
18,Female,Germany,3.725887647396815,YouTube,3,News,29.91048661495588,0,8.655425557721301,Medium,54.47820421499421
16,Female,India,4.293829574832891,YouTube,1,Entertainment,28.651256043671523,0,3.606034401686675,Medium,50.052808305767925
21,Female,Australia,3.1998899013819098,Instagram,2,Entertainment,10.217165502854847,0,7.938164458932245,Medium,0.0
16,Female,Canada,1.6652829795336364,YouTube,5,News,27.36930239362238,1,8.293804608980738,Low,90.42033102478754
21,Male,India,3.1211666118440027,Snapchat,3,Education,38.5916074091753,1,8.323569373221094,Medium,23.260177707125617
23,Female,Brazil,4.646427559799537,Twitter,2,Content Creation,29.895684747878292,1,6.88026703598369,Medium,64.68240246489276
25,Female,UK,0.862386333954392,Twitter,3,Education,31.49310167434837,1,10.0,Low,28.880735795597968
27,Female,USA,2.552691911984556,YouTube,1,Entertainment,18.499833071774887,0,8.43988061700603,Medium,49.01824010239017
22,Male,India,0.5936397511887814,TikTok,1,Content Creation,37.11330721615669,0,10.0,Low,38.11190811873094
18,Male,India,7.688563383259733,Instagram,5,Entertainment,19.04742797043682,1,3.201450773595722,High,65.38868109492603
16,Female,India,1.1176972992774743,Snapchat,4,Education,18.15319957287444,0,10.0,Low,60.25737916346474
23,Male,Germany,4.084348092076465,Instagram,5,Education,18.80027506537585,1,7.530453300929879,Medium,64.66476660452997
19,Other,UK,1.972709180688505,Twitter,1,Entertainment,33.72926393401524,0,7.487990754803034,Low,63.43758677816741
13,Male,USA,4.2788770932079165,Instagram,3,Entertainment,23.09081721395067,1,7.65968175801938,Medium,51.59378635272968
15,Male,India,1.5550974635312125,Instagram,4,Entertainment,23.370907320323205,0,10.0,Low,86.86032751945496
21,Male,Australia,3.604284944006323,Twitter,5,Entertainment,21.07100105324321,0,7.163446920788624,Medium,21.7824881964829
23,Male,USA,3.5561271592815555,Instagram,3,News,13.473355051250024,0,6.3636258217475445,Medium,65.04195561186273
27,Male,India,4.051738195615321,TikTok,5,Entertainment,12.24359946386634,1,7.533308894877649,Medium,40.01232855655606
14,Male,USA,5.4082480791964045,Instagram,1,Socializing,14.782538321024024,0,5.192756868808725,High,16.96538244539459
22,Female,Germany,1.8406727627638149,Snapchat,4,News,18.775217296914825,1,6.443997230864307,Low,24.558093071981503
16,Female,UK,3.4659822258474287,YouTube,4,News,5.919999602762271,1,7.994488304329942,Medium,47.95565644553656
17,Female,USA,3.705968045497404,Snapchat,4,Entertainment,15.936189649033926,1,5.714768622338839,Medium,47.6165650208591
19,Male,UK,1.2616745518370425,Snapchat,5,Socializing,44.9003881886869,0,10.0,Low,75.99982865227344
26,Male,India,1.46299139436372,Instagram,5,Socializing,11.205404054811012,1,8.257014977951666,Low,53.369751436346
24,Female,India,1.558378869514859,TikTok,4,Content Creation,35.55723252601874,1,9.576698997202955,Low,40.50841775599861
23,Female,Brazil,3.9105664596255214,YouTube,5,Socializing,33.26927956469291,1,5.528469532393011,Medium,64.56820486501684
26,Male,Germany,2.703920185019457,Twitter,1,Entertainment,24.65775797518108,0,10.0,Medium,21.025386344344668
23,Female,India,3.240902312813497,Instagram,2,News,40.47994833819867,1,7.707730309612068,Medium,55.66709303053774
23,Female,India,4.494284380338966,Instagram,4,Socializing,8.866934886599555,1,6.066776527094565,Medium,9.460310394596917
22,Male,UK,2.761382397823413,Instagram,1,Education,16.7044935036131,1,6.726233677998359,Medium,27.54207987191939
18,Female,Germany,4.193739861701394,Instagram,2,Entertainment,29.004605722989965,1,6.408591639739866,Medium,54.40014215154852
22,Female,India,2.335515042908181,Twitter,3,Socializing,27.689592856341537,1,7.883608314737139,Low,37.07652114844751
13,Female,India,3.3124920215480955,YouTube,1,Entertainment,35.92282585454096,1,7.571305616995351,Medium,49.82744241051634
26,Male,USA,1.9201439544702867,Snapchat,3,Entertainment,32.79349865512898,1,7.304292965382485,Low,15.267012717249491
26,Female,India,3.750272292944265,Snapchat,1,Entertainment,18.114878180540146,1,5.111532629342265,Medium,9.113319377442473
25,Female,India,2.684397696244951,Twitter,4,Content Creation,23.014798259252707,1,6.734812226024814,Medium,56.31685529804305
15,Male,Canada,3.7946350793578434,YouTube,5,Socializing,23.728933013516016,1,6.13323223069812,Medium,44.916303465630094
26,Female,India,2.078318484103564,Instagram,4,News,18.601993573779133,1,7.409039111396942,Low,40.80365719640456
23,Male,India,1.4052958534697368,Snapchat,4,Socializing,26.939888093567767,1,8.40447935759928,Low,44.50805648609225
16,Female,Australia,4.925216370215586,Instagram,1,Socializing,12.814167654172344,1,6.825985812166264,Medium,80.83121536519553
25,Male,Germany,0.6146293433124708,TikTok,3,News,20.51795040395212,0,9.84687054631786,Low,24.909051170974987
15,Female,India,0.5,YouTube,4,Entertainment,30.52748191507193,1,9.871132000935308,Low,58.89794788018697
25,Female,USA,3.2228877233888333,YouTube,5,Socializing,16.328343383313317,0,7.290110897614713,Medium,41.81241900749878
21,Male,UK,3.861851136015382,Instagram,1,Entertainment,5.0,1,5.784834923456408,Medium,32.291098722615345
26,Male,USA,1.8004330330373337,YouTube,4,Education,36.33582067354901,0,7.283939589799313,Low,53.05136553401279
23,Male,Australia,2.6371826897563824,YouTube,2,Entertainment,20.099261648537457,1,8.0716353875299,Medium,43.64489695202151
22,Female,India,2.77707292938366,Twitter,2,Socializing,17.996356821155373,0,6.481507180423747,Medium,4.037969602902429
16,Female,USA,2.5882214881675982,Instagram,5,Socializing,31.678999537386314,1,7.758397536227704,Medium,44.64775733723905
25,Male,Brazil,3.307732037240409,Instagram,2,News,30.807391437723087,0,5.34650456722785,Medium,23.08923540322517
16,Male,USA,2.993115774946353,Snapchat,1,News,34.23902610513848,0,8.48679511307793,Medium,36.543840245238
14,Male,Germany,6.938129681341504,YouTube,2,Entertainment,22.79861475591155,0,4.778988947731193,High,55.165337492145056
20,Female,India,5.060696010747357,TikTok,3,Entertainment,30.255024614939398,1,4.44763764234731,High,46.66805835201615
22,Male,Germany,2.671784412155966,Instagram,4,Socializing,27.101196684090763,0,8.141333587957929,Medium,47.21947786796503
20,Female,Australia,2.614101058375028,Twitter,1,Socializing,31.181053537559908,1,7.411112306755738,Medium,17.907882847051653
20,Male,Canada,3.835714026098621,Instagram,1,Socializing,22.95628627884176,0,7.662332462358033,Medium,50.48216066295425
24,Male,India,3.4969998296824563,Snapchat,5,Education,18.207707813035093,0,6.975440660982911,Medium,15.358114459179165
18,Female,Germany,1.5335478864262604,Twitter,3,Entertainment,26.747985699164797,1,8.76156056022483,Low,18.174505744120047
24,Female,India,4.665530520663095,TikTok,1,Entertainment,22.51123450398456,1,7.620160744499954,Medium,44.05451232542768
26,Female,India,2.11885925920998,YouTube,3,Education,41.26388174318564,1,8.908235530354972,Low,16.384046228553526
20,Male,India,2.74999050221455,TikTok,1,Socializing,38.96834795289051,0,6.022721936848635,Medium,35.19166565554127
17,Female,India,2.183525752412125,TikTok,4,Entertainment,22.177516363167637,0,10.0,Low,83.10151012321724
14,Male,India,3.159684115627681,YouTube,4,Socializing,26.129361893621383,1,6.224698761157287,Medium,51.0573880565064
14,Female,USA,2.446759387787516,YouTube,3,Socializing,31.31371146751458,1,9.6664880001871,Low,29.28289455539766
16,Male,India,2.472363904226083,TikTok,1,Socializing,28.900665491240478,0,9.937982418914336,Low,48.75938971398323
25,Male,Germany,4.3748460003395415,YouTube,3,Education,25.205542016431924,1,6.39775674868872,Medium,47.73754977163447
23,Female,UK,2.2694051346129385,Instagram,3,Entertainment,25.3823040826985,0,8.06315625231731,Low,43.528635075335416
18,Male,UK,1.5460236700846317,YouTube,2,Socializing,27.12669584519593,0,10.0,Low,12.64885538260917
20,Male,India,2.9365218348826287,TikTok,3,Education,17.631090490426935,0,7.527932758594554,Medium,38.04372339152347
16,Female,Germany,4.188712211276644,Instagram,2,Entertainment,32.8152022565132,1,4.560064115400552,Medium,31.248452928550563
20,Male,India,5.610006525558947,Snapchat,2,Entertainment,23.537329694941988,0,4.5228588767268025,High,80.18761690704099
24,Female,India,2.3852064312599888,Instagram,4,Socializing,24.7552783773332,1,9.73976439031074,Low,34.39492668266706
26,Male,Brazil,3.1529267477636056,Snapchat,2,Education,17.470136008681134,0,8.750195627338007,Medium,37.589250109299805
27,Male,UK,5.987732163302226,Snapchat,3,Education,30.206623426239968,1,3.9507188266714497,High,26.857421266720728
25,Female,India,3.8521437220309513,Instagram,2,Education,17.16592239703651,0,8.644174663322776,Medium,53.13448735146185
22,Male,USA,3.2965202100282864,YouTube,2,Entertainment,18.511942484451705,0,8.01864514203049,Medium,48.99967324739896
27,Female,India,3.7620847564782585,YouTube,3,News,40.17820402695556,1,6.692586612286488,Medium,77.51828236687962
15,Male,UK,3.4848911897221684,Instagram,3,Socializing,35.260826938373185,0,7.653186060245793,Medium,42.40261377446771
27,Female,USA,6.454020699277413,YouTube,1,Socializing,33.85842730581871,0,5.766562608833143,High,58.38677048411927
26,Male,Australia,3.116042842370913,Instagram,5,Entertainment,45.38789213798016,0,7.859758446077862,Medium,41.37826050880442
22,Female,Germany,2.934221328242496,YouTube,3,Entertainment,9.186189379065038,0,7.087023055022673,Medium,25.363750349852964
18,Female,Germany,2.4713775524727755,Instagram,4,Entertainment,10.7444522381058,1,7.640441320330858,Low,0.0
16,Male,India,0.7100682707938084,YouTube,4,Entertainment,16.474358090679214,0,10.0,Low,74.7494135383674
14,Male,India,5.334859407454534,TikTok,2,Education,24.6262082963666,1,5.609760472796472,High,50.83808813981494
23,Male,Brazil,1.953126980672384,YouTube,3,Entertainment,9.250922876546923,0,8.394038463187313,Low,10.007912508742464
19,Female,Canada,6.747331496455882,Instagram,3,Education,12.071625345712718,0,5.451853004594516,High,45.03817375354583
21,Female,India,4.621080613546875,TikTok,2,Entertainment,25.803677903279706,1,6.731416372602728,Medium,45.95611370772008
22,Female,Germany,4.639176620964019,Instagram,2,Socializing,27.03080698589549,1,7.751756459919161,Medium,62.12736759297153
22,Female,Australia,4.179995451737081,TikTok,5,Entertainment,18.1137893386179,1,6.812251877768099,Medium,30.76719802257334
18,Female,Germany,4.146687156258807,YouTube,2,Socializing,17.98709263429668,0,8.631975530910621,Medium,39.20892920706449
19,Male,India,4.539664158669498,TikTok,4,Socializing,21.8518772656592,1,5.011859929410115,Medium,2.800048345345715
16,Female,Germany,2.955043539399269,Snapchat,4,News,35.07426819536249,1,6.993622344397401,Medium,39.47282789141527
16,Male,Australia,1.5527567618622278,TikTok,4,Entertainment,19.521518083904084,1,9.601376905105404,Low,31.544197788658785
16,Male,UK,1.56159266516444,Instagram,2,Socializing,14.522851509244504,0,7.251405829895113,Low,60.5221254397602
21,Male,Canada,5.53556394619477,Instagram,1,Socializing,5.8599568253623175,1,5.71302039876854,High,26.992269747230928
15,Male,India,1.522876627266055,Instagram,2,Content Creation,30.48397973868233,1,7.357858732875984,Low,10.847573965197444
23,Male,Brazil,0.5866145334612254,TikTok,5,Entertainment,21.54021657831109,1,9.329208623639811,Low,43.59009891833488
16,Male,USA,4.824102739650706,Snapchat,3,Entertainment,24.841777340294456,0,5.899140063419295,Medium,48.6221147168876
25,Female,India,1.4010846132287598,Instagram,5,Socializing,23.36546431954269,1,8.550015746501373,Low,66.13897336701257
23,Female,Germany,3.427256332690209,Snapchat,3,Socializing,41.71892443774517,1,6.530785149299306,Medium,0.0
15,Female,India,4.189415971320415,Instagram,1,Education,47.77660807391335,0,6.071592524873539,Medium,23.479445196588347
25,Female,India,6.456747303686102,YouTube,1,Content Creation,28.98979080572132,0,4.503810525324112,High,9.776886924512546
14,Male,India,2.2615656853024744,Instagram,4,Entertainment,19.324150611820585,0,8.43399364707367,Low,53.073780244206034
26,Male,USA,0.5514159717821121,YouTube,3,Entertainment,24.324924145726268,0,9.757159900305163,Low,34.70659169260123
18,Male,Canada,3.3161397537188586,YouTube,1,Education,25.840162896654537,1,7.787765275824388,Medium,23.702373291725973
21,Female,India,4.466934373670264,Instagram,1,Education,17.934559025268946,0,5.552323531109912,Medium,8.836950805239937
23,Male,UK,0.5998896280531989,TikTok,2,Entertainment,16.825756790344997,1,10.0,Low,74.89304110975114
22,Other,India,4.338377923514586,Twitter,1,Education,18.91987041018007,1,6.834453143417391,Medium,47.23608359938589
20,Male,India,4.582077031289535,TikTok,5,Education,27.22314296720012,1,5.72347975759798,Medium,33.877132264629374
24,Male,Germany,5.113526056523458,TikTok,5,Education,6.505503281805684,1,6.275870643831096,High,28.20351009076005
19,Female,Brazil,5.788256139836679,TikTok,4,Entertainment,19.945306142295777,0,6.34433664938725,High,46.79808886642999
27,Female,Germany,4.902403871269439,TikTok,4,Entertainment,21.42463589039044,0,5.342142176808444,Medium,40.73021004549263
13,Male,USA,4.023442274483184,TikTok,1,Entertainment,9.71365262284791,0,6.573378975241742,Medium,38.36921682699224
25,Female,India,3.43275135210299,Instagram,3,Education,27.770107146393617,1,6.882481606136564,Medium,55.72477973935945
14,Female,Australia,4.908037346517356,Instagram,3,News,22.970099742226,0,6.148236687196191,Medium,27.60630371891031
25,Female,USA,4.991669987223013,Instagram,2,Entertainment,27.26876104742724,1,7.670007832059706,Medium,0.0
25,Male,Australia,3.668088661228041,Twitter,1,Content Creation,17.15317364644994,1,7.882253652363769,Medium,68.67921387588386
20,Male,India,2.8951124972919,Instagram,5,Education,5.0,0,9.502526409983917,Medium,57.29249052698292
17,Male,USA,5.604138957294886,YouTube,5,Socializing,24.439501087286487,0,5.397377055672079,High,10.340722696574993
17,Female,India,7.133594972653079,Instagram,2,News,27.416743258072906,1,4.999115350871394,High,48.32189994817459
15,Male,Germany,4.917171664809998,TikTok,2,News,27.18222699684208,1,8.116690387769566,Medium,25.35545963156717
20,Female,Australia,4.329491568939361,Instagram,3,Education,27.2098929307162,0,7.360720189513993,Medium,47.12777063618702
24,Male,India,3.221728234055796,TikTok,2,Entertainment,36.36346889245375,1,7.856997523133666,Medium,53.61228676307593
19,Female,Canada,3.107931930729003,TikTok,1,Socializing,14.860952294777777,1,8.150582335331075,Medium,51.72799168333729
15,Male,India,3.185586689176006,YouTube,2,Education,46.2458662698478,1,7.213734114833876,Medium,59.13333801039312
13,Male,India,2.555883876518113,Instagram,5,Education,13.6823763748176,1,7.651115150997919,Medium,22.066965831570243
26,Female,USA,5.814196352949003,Snapchat,3,Education,25.96764103944696,1,5.736566922204702,High,16.96049139004949
26,Female,USA,3.942071771167896,YouTube,3,Socializing,18.25757558291704,0,5.898804033503455,Medium,21.62233086774239
16,Female,India,1.7550442205690462,Instagram,1,Socializing,28.608141112377904,0,9.11465897899106,Low,8.347263542654638
13,Male,USA,3.989307977248247,Instagram,1,News,16.006697881753297,1,8.241759403556708,Medium,33.55280885953161
13,Female,USA,2.9913309411093767,YouTube,5,Socializing,26.904740513814712,0,7.856261257509768,Medium,44.02098818024241
18,Female,Germany,2.1010978608631,Instagram,1,Entertainment,28.22768124551638,1,7.449755140638585,Low,4.062794791223951
19,Male,India,4.166707503304927,YouTube,2,Education,39.30681648598782,1,7.344765860496986,Medium,32.80107629848063
22,Female,Canada,1.524362065740465,Snapchat,5,Entertainment,27.884283591062847,1,8.654440481457021,Low,30.45900459141046
18,Female,India,0.7502774252754714,YouTube,5,Entertainment,33.93161687687551,0,9.931485279505573,Low,38.59227424088603
26,Male,India,3.418850229644029,TikTok,1,Entertainment,26.586537366882396,1,6.31191521703823,Medium,0.0
15,Male,Canada,4.585656307564791,YouTube,5,Entertainment,14.748257595625937,1,7.413886681360349,Medium,42.40995526665063
23,Male,Germany,4.354194242936222,Snapchat,5,Socializing,36.65783190360765,0,7.821840045115469,Medium,39.74458755834649
18,Male,Brazil,5.178994819863405,TikTok,4,Socializing,38.932675466090224,1,6.075870544055809,High,86.67388035590989
26,Male,Germany,7.08161444195816,Snapchat,4,Education,26.271603605674283,1,5.291920543708559,High,50.93865781359175
18,Male,India,2.77560292586624,Twitter,5,Entertainment,31.811454282382325,1,7.496992079436477,Medium,39.53359457122897
20,Female,India,5.055896066710256,Instagram,2,Socializing,16.799727294055828,0,7.540922956630275,High,49.53888105107622
23,Female,India,3.0905301198883697,TikTok,4,Education,36.39339627647597,1,6.85712357461802,Medium,74.87835426973481
23,Female,Germany,1.6000720376252884,Snapchat,2,Education,18.746890154254277,1,8.33449184108245,Low,65.40166872403186
27,Other,India,1.5429696914854785,Instagram,3,Entertainment,26.328178885094047,0,9.221345605358602,Low,32.23756655654953
18,Other,Germany,4.115284647879914,YouTube,5,Content Creation,35.397096908647534,1,6.914274043861191,Medium,53.99290395601561
27,Female,Germany,2.292748731715121,YouTube,5,Education,42.65856160268962,1,9.504046773272089,Low,17.345558491645875
22,Female,India,2.170478996832436,Instagram,4,News,20.365385316878083,1,9.96869817916663,Low,40.36936859270519
26,Female,India,2.0289431291604045,Instagram,3,Education,17.24315463530119,1,7.073110378897111,Low,39.84835059667386
15,Male,USA,5.417224263525187,Snapchat,1,News,18.645180282141386,0,5.392282409257374,High,64.37486767488662
22,Female,Canada,6.252819290948185,YouTube,5,Socializing,24.00142567853976,1,6.728807762292028,High,64.4287246042633
13,Female,India,3.180871659098086,Twitter,2,Entertainment,5.0,0,7.942002632224137,Medium,16.16491608469412
19,Male,India,1.1484307118009998,TikTok,4,Socializing,21.127352060717023,1,7.967954592043709,Low,18.465342211633825
16,Male,India,4.969599320737567,YouTube,1,Socializing,20.63940817311381,0,5.357392355926127,Medium,24.169571270027568
16,Female,India,5.143224062257554,YouTube,3,Socializing,15.526198051089017,0,6.332160868853208,High,48.43560429187348
27,Male,USA,3.842869421303448,YouTube,4,News,26.26444403199594,0,7.470645467795957,Medium,32.81166782408585
21,Female,India,4.015074417948708,Instagram,5,Socializing,35.863246621923295,1,6.127009031243214,Medium,42.97185971073086
23,Female,Canada,5.627077773035497,Instagram,5,Entertainment,21.35955138889496,0,6.040290873699013,High,47.4682245761381
16,Male,Brazil,1.2743043884594307,YouTube,2,Entertainment,28.929719672007987,1,7.019265877770017,Low,22.100046257296626
18,Male,USA,5.385406633798313,Instagram,2,Education,29.319221904370163,1,5.858681323048633,High,38.188434551394366
16,Male,India,2.7809801290147167,TikTok,3,News,14.749468254162425,1,7.39434322303531,Medium,60.80416633520608
26,Male,USA,4.951682255421014,Instagram,4,Education,32.60479356469564,0,7.115727369612407,Medium,56.50844057273831
13,Other,Germany,2.305421637276704,TikTok,4,Socializing,7.831286005057837,0,10.0,Low,11.133093820509856
17,Male,Brazil,1.5504231826075412,Instagram,4,Content Creation,26.27934778246145,1,9.874601277415778,Low,54.92026939764482
22,Female,India,4.160643321298488,TikTok,1,Socializing,29.22392691397457,1,6.41409504435769,Medium,52.31981200667884
23,Female,India,2.823721153930184,Instagram,5,News,25.538779062524835,1,7.897447299758864,Medium,70.96394939783629
17,Male,Australia,2.9455996160205427,YouTube,3,Education,18.206452905546303,0,7.912773256414671,Medium,21.23739634592361
25,Female,USA,5.014099013381877,Instagram,1,Entertainment,34.19167628436037,0,6.173504012421772,High,64.05859483887185
21,Male,Germany,2.2311650381342023,YouTube,5,Entertainment,34.661755484060315,1,9.323240920642434,Low,33.25365902714253
15,Male,India,2.638164344824414,Instagram,1,Socializing,18.68906476245842,0,6.45061212173539,Medium,54.97690020228251
18,Female,India,2.706628909401367,Snapchat,4,Socializing,33.757597755146456,0,7.1651642178603865,Medium,48.03087977247483
21,Female,India,4.501196318477728,TikTok,5,Socializing,25.697586736917287,1,6.4382152585487065,Medium,71.67977047320245
21,Male,India,4.873297167431913,Snapchat,4,Socializing,19.704635595808355,0,6.364436127919002,Medium,23.12641385935783
23,Male,Canada,3.3505946400729045,TikTok,5,News,19.981233334973503,1,8.237258267272791,Medium,38.95554365687413
18,Male,India,4.844046419665456,TikTok,4,News,51.243555484833486,0,5.469557794313911,Medium,50.7607393448242
22,Female,Germany,3.606696186929829,YouTube,1,Entertainment,20.30503483401459,0,7.193576681805603,Medium,0.1512616173311514
18,Male,Canada,2.09097918428661,Instagram,3,Entertainment,36.30165030148736,1,7.04066528622116,Low,42.09646680275459
19,Female,Germany,2.708111129339013,TikTok,1,Education,37.53678072371655,0,7.81418950155722,Medium,44.827648387705295
21,Male,India,1.5094247395459788,Instagram,1,Content Creation,38.57284190237106,1,8.657396304130321,Low,28.47815462672005
17,Male,USA,3.354625428103849,TikTok,2,Education,28.310273332939445,1,6.5650561950452495,Medium,26.349667612442005
21,Female,Germany,2.991653546422945,Instagram,2,Socializing,17.36445559150345,0,8.083504746988686,Medium,26.038206962496844
21,Female,Canada,3.121950597369424,Twitter,4,Entertainment,29.04268973889933,1,8.522715238657188,Medium,59.73822896227301
22,Female,UK,3.834680819111974,Twitter,2,News,24.839618750564856,1,7.685278945031988,Medium,25.532459845270555
18,Male,India,6.917870998284103,YouTube,3,Entertainment,41.304614721736655,0,4.371293068088243,High,82.52087415465394
15,Male,India,1.9148220841132548,YouTube,2,Education,39.662529567187065,1,7.778292291960749,Low,73.12483124718344
23,Male,India,2.555987635172896,TikTok,4,Education,32.651869903132585,0,7.90532474815628,Medium,32.42740875617602
18,Female,India,3.32429198989265,Snapchat,3,News,22.156870298834864,0,6.7725029512933865,Medium,55.95900201618253
21,Male,Germany,5.336398201836574,Twitter,2,Education,29.239687891244056,1,6.149312767953535,High,39.06692778962811
15,Female,Brazil,4.497407502934768,YouTube,1,Education,16.0878290281497,1,5.31832192003015,Medium,63.22859916755641
26,Female,Germany,1.2423261761858195,Instagram,3,Socializing,28.94026253302951,1,9.051118967026436,Low,62.32724553882631
22,Male,Canada,4.31397363089908,Twitter,4,Socializing,20.162145888836065,0,6.935297445483052,Medium,28.37793534629361
27,Female,Germany,1.5629489887954844,TikTok,1,Socializing,34.45303508200796,1,7.490152755233607,Low,59.50197495042988
18,Male,Canada,4.456110145598597,TikTok,4,Entertainment,26.95876158808581,1,5.063892696703787,Medium,42.8095650557853
24,Male,India,4.958371363859379,Snapchat,2,Entertainment,28.254835345811568,0,6.631487852326544,Medium,59.20282205697383
15,Male,India,1.6920692826676695,Instagram,1,Entertainment,26.50989143184096,0,7.524589285729108,Low,40.21971490941903
24,Female,Germany,2.050876804317992,Snapchat,2,Entertainment,26.52208386500792,1,7.061205748431849,Low,41.58101146284415
23,Female,USA,2.616182214990485,YouTube,3,Entertainment,9.57720748127661,1,7.897291952797671,Medium,38.61338007479227
14,Female,UK,3.768709338031983,Snapchat,3,Socializing,22.530028478279537,0,8.188721711112517,Medium,41.12804092425549
21,Female,UK,2.8575567871911485,Twitter,3,Education,13.990931456809752,0,6.699809415346998,Medium,38.15183042587908
22,Female,Canada,5.019466399225951,YouTube,2,Entertainment,14.58823382952231,1,5.736029857580401,High,8.819384149502717
20,Female,UK,2.125990406711507,Snapchat,5,Socializing,23.15910178038133,0,7.740175977348583,Low,57.08168236141921
14,Female,USA,2.4355577762474034,Instagram,1,Content Creation,27.926094882020816,0,8.587286350034253,Low,36.29550830289185
23,Male,USA,4.18160869231325,Instagram,3,Socializing,24.632745312037382,0,6.161921134684495,Medium,97.71426585500566
17,Male,Germany,2.507777183949352,Instagram,3,Content Creation,19.18980207171424,0,8.322586987370103,Medium,52.23009137436487
15,Male,USA,5.533543003232129,TikTok,5,Entertainment,18.90053033100604,0,6.235204739221372,High,25.343055172129688
26,Female,Canada,2.5183528110760243,Instagram,1,Education,17.781845230208454,0,7.668745535603331,Medium,24.9571184687145
25,Female,Canada,3.502675642083709,Snapchat,2,Socializing,21.6629203333591,1,8.527832815604704,Medium,16.39498103796234
24,Male,Germany,2.773058281843414,Snapchat,1,Entertainment,30.321761117454937,0,8.118856115551143,Medium,49.10045840375677
24,Male,Germany,5.899571853091983,YouTube,3,Entertainment,7.307529449415448,1,4.77509996623118,High,31.49308831010764
15,Other,Canada,2.549998422259032,Instagram,4,Education,21.51227756061616,1,7.632890765757538,Medium,25.537968908250747
19,Female,Brazil,4.024204557894036,Instagram,2,News,36.27145532888192,0,7.378842909098883,Medium,0.0
21,Female,India,5.139497762334193,Snapchat,4,Entertainment,18.195546029128437,1,6.928314062002983,High,39.46424694860838
13,Female,USA,1.9037596260878935,Instagram,3,Socializing,20.50169116116963,0,7.891113640261319,Low,60.66238714026892
21,Male,UK,2.6809246199021954,TikTok,2,Education,11.96902418333021,0,8.090764588702063,Medium,49.69700530161396
21,Male,UK,0.8022054542959851,Snapchat,4,Entertainment,23.03225890935802,0,9.885067158860505,Low,42.075927643613845
23,Female,India,2.369056574487819,Snapchat,5,Socializing,28.674124657936357,0,9.03876907060885,Low,29.86707674284076
16,Female,India,4.915214561959334,YouTube,1,Entertainment,9.405429174356524,1,6.280206028721101,Medium,35.61201029258327
25,Male,USA,2.3412449848475294,Twitter,5,Entertainment,29.92516123700585,0,7.578331889291067,Low,65.54058598205579
14,Male,Germany,1.4999226799389156,Instagram,5,Education,24.97876752937021,1,7.42166124321114,Low,45.7149111235471
18,Female,India,2.8089347679950176,YouTube,3,Education,23.43754403728717,1,9.281650130028837,Medium,31.852552181186176
18,Female,Germany,5.787287551930491,TikTok,3,Education,17.543578235420252,1,5.73109000706237,High,21.71931320382636
27,Male,USA,1.914115606954228,Instagram,4,Education,25.94318907056096,1,8.734064582701338,Low,25.271820012937003
13,Male,Germany,3.328334335421683,YouTube,5,Entertainment,26.90624055663704,1,6.929289815261025,Medium,31.7746842409302
18,Female,Germany,5.428834624750973,TikTok,1,Socializing,7.2807732253649,1,7.313671681198909,High,17.251036602637917
24,Male,UK,4.158399065257938,YouTube,2,Socializing,20.528867009572487,1,6.108916176693045,Medium,49.40727870847778
15,Female,India,3.296759811285518,TikTok,2,News,34.979608771424424,0,8.785455624426001,Medium,73.43137349364486
16,Male,India,3.5115878368987925,YouTube,4,Entertainment,14.590760198173978,0,7.017705640653213,Medium,26.56316419065451
25,Male,India,3.565807958898211,TikTok,2,Entertainment,25.420741467099365,1,6.649443811380772,Medium,77.84913711210316
19,Female,India,4.3360985398879,TikTok,2,Education,18.620774535158965,0,6.777213456341613,Medium,33.66569059506233
18,Female,Germany,4.501838972952915,TikTok,2,Education,32.535013151366684,1,7.390535288261303,Medium,44.18018296822362
22,Other,Canada,3.719886831350372,Twitter,1,Entertainment,31.26985978256572,0,8.883474958635697,Medium,44.16272700445977
17,Female,India,3.642259234314488,Snapchat,1,Education,26.811164004437916,1,7.225953922041018,Medium,31.51373080955254
16,Female,Canada,4.423661889700996,Snapchat,1,Entertainment,19.392973726260205,0,6.0050127656226335,Medium,48.181569299834536
27,Female,Germany,3.8692780094812047,YouTube,3,Content Creation,28.79181218983433,1,4.966152205355408,Medium,45.30725909092723
14,Male,Germany,5.400998849221526,Instagram,2,Socializing,15.887188094906366,0,6.659201813104779,High,50.64901414193382
15,Male,Brazil,5.22915727562348,Instagram,2,Socializing,17.8334874197385,1,7.67932374565461,High,40.92093844437527
23,Female,India,5.092989815577322,YouTube,2,Education,30.37119502223105,0,4.8030319112578255,High,43.47841291766847
19,Male,Australia,1.7508675003530034,Twitter,5,Entertainment,33.382179396515184,1,6.982216163451184,Low,56.55404814477863
14,Female,India,6.098638726345174,YouTube,3,Socializing,18.719154869468667,0,5.233992076454356,High,58.25952742324993
18,Male,Brazil,4.312269894930074,Twitter,3,Entertainment,15.316954280185929,1,7.983453568563807,Medium,34.958973696781904
16,Female,UK,5.637205033604562,YouTube,5,Entertainment,42.40388526101192,0,6.084005093202001,High,55.00992224523474
15,Male,India,4.496859742345756,Snapchat,3,Education,13.212604127523637,0,5.773499815106609,Medium,25.117971993597205
23,Other,Canada,5.283826402867534,YouTube,1,Education,31.31920480492063,0,6.079536561948357,High,21.943262418634284
19,Female,Germany,4.526611246975354,Instagram,3,Entertainment,21.86406225943741,0,7.262923403350158,Medium,28.65397852986644
23,Female,USA,1.7420747680813662,TikTok,2,Content Creation,18.425944916913146,1,9.961267033911607,Low,26.20369553168145
15,Female,India,4.630536417102599,Twitter,3,Education,19.87035969978524,1,6.292963323233749,Medium,31.09485494643127
20,Male,USA,1.9527081131514967,TikTok,3,Entertainment,31.219104920704755,1,7.284552406359692,Low,55.95436673221624
20,Female,USA,3.286036546540572,YouTube,4,Socializing,27.11452368214554,1,7.156422031247879,Medium,35.927553177348955
19,Male,India,1.6221231463944088,Snapchat,2,Entertainment,33.112255392124894,1,9.357771640108966,Low,58.63116394801428
18,Male,USA,0.9188201316450032,TikTok,3,Education,36.21779886852201,1,10.0,Low,30.49613552628544
17,Male,USA,2.1842554324322245,TikTok,2,Entertainment,35.89054548354422,1,8.344441075400253,Low,15.579592012426776
15,Male,Germany,4.767436754996338,YouTube,5,Entertainment,17.540576388137552,1,6.2573881300645,Medium,37.47789444096228
26,Female,Australia,3.6503834199065968,TikTok,2,Education,26.91717004492205,0,4.796750376533822,Medium,48.128810156301824
15,Male,Brazil,2.299074296226048,Instagram,5,Entertainment,14.19328232803118,1,6.982935285620792,Low,51.45676756888662
24,Female,Canada,3.5284760296388464,YouTube,5,Socializing,16.622090532209192,0,4.889609912764422,Medium,32.48236678546874
18,Male,Brazil,5.006903905209575,Snapchat,5,Content Creation,20.12264050058308,1,5.699460602647437,High,28.0063973187298
14,Female,India,2.4541269942262174,Instagram,2,Socializing,30.874974340781524,0,7.964373549409019,Low,37.19207226595715
26,Male,India,5.408404939162568,Twitter,2,News,18.853389593561968,0,5.566239470676566,High,39.51615691159064
18,Male,UK,3.1714282117634065,Instagram,5,News,28.79518968793443,1,6.070289428149847,Medium,39.15261111158172
13,Male,USA,3.0738845891877844,TikTok,2,Content Creation,38.588772529159314,0,9.283214750795894,Medium,45.30837881993211
19,Female,India,2.9028666803782817,Instagram,5,Entertainment,36.01585100286118,1,7.5288095321116,Medium,0.0
26,Female,India,2.756896526844478,TikTok,1,Socializing,14.370786772566014,1,6.861324464935187,Medium,49.04537840294672
27,Female,USA,4.226715165482665,Instagram,5,Socializing,43.21923889167471,1,5.424773309559873,Medium,15.034633869931916
15,Male,India,4.404793911069884,YouTube,1,News,23.983641461893797,0,7.077466569401367,Medium,60.93258176918265
13,Male,India,3.7335050006442367,Snapchat,5,Socializing,27.20819713098439,1,5.364817835427991,Medium,39.58512397228462
21,Female,India,3.449802371356012,YouTube,4,News,47.736446894406086,0,8.277492636327882,Medium,73.25257850677112
15,Male,Germany,3.6144024843596583,Instagram,4,Education,34.95301591895009,0,6.2482890785242615,Medium,49.79677655883829
26,Male,Germany,2.83789841335666,Twitter,2,Content Creation,29.847087371946905,0,10.0,Medium,26.77016895709388
24,Male,India,4.138366007862059,Instagram,2,Education,34.799629654293895,1,6.049533454404724,Medium,70.1172577089097
26,Male,Germany,2.917593895257718,YouTube,5,Entertainment,20.10981736197956,0,5.78813165323206,Medium,32.16210013903911
17,Male,India,5.50988082846183,TikTok,2,Entertainment,19.028342247075862,1,6.104083888788267,High,54.78227555113487
15,Female,USA,4.505499058186471,Instagram,2,News,37.99591435837839,1,6.124013994307709,Medium,24.930939655017184
14,Male,India,5.194650575616086,Snapchat,1,Entertainment,27.711859760515864,1,6.251521714965295,High,51.05307651656592
25,Female,India,5.138142655815343,YouTube,2,Education,26.49065605119053,1,5.492341799851427,High,61.871868227241904
18,Male,UK,4.082720661759265,Twitter,2,Education,14.71183274948124,1,5.998076604782707,Medium,0.0
23,Female,Germany,3.512577015633664,TikTok,2,Content Creation,16.06132410951204,1,6.92459214554837,Medium,45.1554911065178
23,Female,USA,6.280929111234725,TikTok,1,Socializing,21.47817485684301,1,4.832220847540021,High,55.35063625450711
24,Female,USA,4.89429950355362,Instagram,2,Entertainment,18.042201229779607,1,6.132261424738673,Medium,33.14261783684444
20,Female,Brazil,4.510052208309349,Instagram,1,Entertainment,38.46064862646504,0,6.345477706228688,Medium,42.27716724137707
26,Male,India,3.79191185017064,Instagram,2,Content Creation,16.30551445916099,0,7.886674124655792,Medium,64.45810809152142
17,Female,UK,3.313411973767248,TikTok,2,News,24.258634164149456,0,5.913414608667725,Medium,37.50098924356691
18,Male,India,4.688212759327756,Instagram,1,Socializing,26.77622602823564,0,6.149266226867496,Medium,36.89683270845677
25,Female,India,3.674022727837543,Instagram,1,Socializing,43.20311685935576,1,7.126465644931973,Medium,4.875434204096713
15,Female,Germany,3.0150397695921467,YouTube,5,Education,30.48551013648512,0,8.310378620667707,Medium,26.388169137560684
27,Male,Germany,6.211363494937348,YouTube,5,Content Creation,18.439681720086885,1,6.350412865722767,High,26.66496789730765
21,Female,India,6.08802583149709,Twitter,4,Socializing,41.29153036704495,1,4.715128690987533,High,54.52701873601812
20,Female,UK,4.365401332507811,Instagram,3,Entertainment,19.70733108371164,1,6.192287618718932,Medium,41.85252436116392
17,Male,Brazil,1.881604356113749,Snapchat,2,Entertainment,31.04369906260981,1,9.243920330554658,Low,54.72154232919459
15,Male,India,0.5651142070066357,Twitter,1,News,28.957355815118248,0,9.411256255428995,Low,34.29782412967296
25,Male,India,3.790991608168102,Instagram,3,News,39.43272530946206,1,6.580613403231624,Medium,58.73277836490339
15,Female,USA,5.94974508561855,TikTok,3,Entertainment,23.596176239326883,1,5.297238119947909,High,26.87839290351242
13,Other,India,4.236221599596661,Instagram,1,Education,26.489623045974547,1,7.274626237794378,Medium,9.140596658573102
16,Male,Canada,5.449795202068683,Instagram,5,Entertainment,38.01916944972536,1,6.025562741826649,High,44.85284168702533
23,Male,India,3.448216910610875,YouTube,2,News,33.29743939499123,1,7.737123320583734,Medium,37.165885223591005
26,Male,Brazil,4.055854731421731,YouTube,1,Entertainment,27.13568664678928,0,7.328157401355066,Medium,74.16974515982412
19,Female,India,2.4581780090343965,Snapchat,5,Education,28.69526426815689,0,7.1167631245959,Low,29.65129851311948
17,Female,Australia,1.7163623331700268,YouTube,3,News,5.0,1,8.984766903677706,Low,27.315937906847477
23,Other,Germany,3.852604855085943,TikTok,2,Entertainment,18.234254699697363,1,7.605119902627571,Medium,44.87590183425242
14,Female,India,3.76102810300198,Instagram,5,Content Creation,21.650892269044917,1,6.816683818242291,Medium,78.34107652704064
17,Female,Germany,3.37478526865064,Instagram,1,Socializing,17.707827462572077,1,5.526233185989799,Medium,33.76036052375566
17,Male,Australia,5.26190765220624,Snapchat,1,Socializing,23.21126506272845,1,5.367920254092272,High,42.311789846265526
17,Male,Canada,5.163617778799475,Twitter,2,Entertainment,17.68095554356644,1,5.214621416458574,High,63.92704213796999
19,Female,UK,3.371287445248732,Snapchat,4,Entertainment,33.88451505794988,1,7.994638380061742,Medium,40.08487358444832
14,Female,Australia,3.394550796671633,YouTube,5,Entertainment,20.5229628867326,0,7.912963714294063,Medium,52.18692573357562
21,Male,USA,3.8640050269682,Instagram,5,News,21.62182812374333,1,6.0902958964513125,Medium,34.6721539855105
21,Male,USA,1.273564000079665,Twitter,3,Entertainment,19.54037670355971,1,9.173510854262476,Low,31.88001797463385
24,Male,USA,0.5,YouTube,5,Entertainment,5.0,0,8.113786493385325,Low,55.15390629811129
13,Male,India,3.2260037548700407,TikTok,3,Entertainment,13.392038730626313,0,8.885373079694903,Medium,18.77107982846691
23,Male,UK,2.8176625195564484,TikTok,3,Socializing,42.2090347325176,0,6.644497475369211,Medium,22.33901878310395
20,Male,Brazil,2.280546962597532,YouTube,4,Content Creation,20.401689457003123,1,7.523680055217263,Low,7.717770431448514
17,Female,India,4.406134672091845,Instagram,3,Entertainment,30.371931215947747,0,5.917635274235309,Medium,21.61644410008545
23,Female,USA,1.0113894076207068,TikTok,5,Education,26.260608864602823,0,8.881852731786665,Low,28.689331130117004
21,Female,Canada,5.209512921501768,TikTok,1,Education,5.757593680841772,0,6.36850022168696,High,80.38782959405368
22,Male,Canada,2.536719456665849,Twitter,5,Entertainment,39.48345364616267,1,9.263773782029904,Medium,49.75957408210456
22,Male,India,3.858944990589329,Twitter,5,Education,24.228353188666983,0,7.216605575679667,Medium,48.53052930925246
25,Female,India,6.620607099790329,Instagram,5,Education,32.35854658340463,0,3.772564891868772,High,28.236114572822025
13,Male,India,2.290868513773684,Instagram,2,Socializing,19.148276018637382,1,8.472033667963812,Low,48.148408327328085
15,Female,UK,2.322700351540516,TikTok,2,Socializing,20.04358045907437,1,8.397201423585727,Low,48.28402692928253
20,Female,UK,3.520717789863142,YouTube,1,Socializing,29.588514774645176,1,6.206704106591484,Medium,45.17451958862773
21,Female,India,4.443650859459217,Instagram,1,Entertainment,37.02228154939604,1,6.621649585227505,Medium,39.21266294136006
17,Male,Australia,0.5,TikTok,3,Education,48.630643811943685,0,10.0,Low,24.838949573024863
21,Female,USA,5.763520631609202,YouTube,1,Entertainment,38.808485718720206,1,5.903464579914358,High,45.70840666122163
19,Other,Brazil,5.619857262695234,Instagram,5,Education,33.807640867561084,1,6.014785443499391,High,0.0
16,Female,Germany,5.2943253542682855,YouTube,2,Education,31.670806716461417,0,7.783394664434155,High,38.756030072646006
24,Male,USA,2.633470437873497,Instagram,2,Socializing,18.695951992280968,1,7.217804633508194,Medium,79.35667628303997
14,Female,UK,3.2563930742034586,YouTube,1,Socializing,30.035524134078894,1,6.33240004339703,Medium,16.866542899686618
14,Male,Australia,3.523286456168734,TikTok,3,Entertainment,43.92172328768531,1,6.693500729947224,Medium,22.45785612272526
13,Female,India,2.39540709398266,TikTok,1,News,31.65630517220206,1,8.042948295403093,Low,27.617259036548475
17,Female,India,2.505066945720075,TikTok,4,Education,36.71475852272256,0,8.552541702985096,Medium,57.78578546914412
22,Female,Canada,4.793954075354721,TikTok,1,Entertainment,20.88392676581752,1,6.948881660175575,Medium,19.2484068310762
22,Male,USA,3.782190378287716,Instagram,1,Socializing,28.825122443844894,1,5.691895936438083,Medium,44.537856915127136
16,Female,India,6.296545648716743,Instagram,4,Entertainment,33.06632263665369,0,4.390449409605997,High,48.52317694526218
19,Male,India,3.75810664258813,TikTok,3,News,28.324354516059365,1,5.824657324998261,Medium,22.002143179106422
22,Male,USA,2.5809635545501024,Snapchat,1,Socializing,36.75002454148165,1,8.14781596078859,Medium,52.09558617252196
17,Female,India,5.888853194609657,Instagram,1,Entertainment,40.12572817088792,1,5.079972282507533,High,43.97036303519144
25,Female,India,2.130986737813677,Snapchat,2,Entertainment,28.803958685441778,1,8.70608155424502,Low,21.35040572784548
25,Male,India,3.7877294411932274,TikTok,3,Entertainment,25.73256847771758,1,5.548421273597041,Medium,34.15840731247061
20,Female,India,6.685128057613666,Instagram,2,Entertainment,25.574014265736995,0,4.896760360937337,High,58.666970919597816
22,Female,USA,4.681929459329261,TikTok,2,Entertainment,15.010573441174111,1,5.981150416028411,Medium,41.38817268878596
22,Male,UK,3.056754230887819,Instagram,4,Socializing,21.220768913331707,0,7.317409300921335,Medium,62.87635251506496
19,Male,Canada,5.125448843250641,Snapchat,5,Content Creation,23.27057649228632,1,5.0345384511630105,High,55.75917221542809
18,Male,Australia,2.4803961737746123,Instagram,4,Entertainment,15.79992354553012,1,8.177595610787906,Low,53.38645741990969
23,Female,Brazil,3.4877604901736685,Instagram,2,News,10.533773274009956,0,6.217667461782659,Medium,15.46816116717774
22,Male,USA,3.003412965101037,Twitter,2,News,27.167650417550007,0,10.0,Medium,48.29265302353177
18,Female,UK,2.522361567000903,Instagram,5,Socializing,31.14634503356137,1,7.70997376511178,Medium,13.280721121862715
19,Female,USA,1.984609343592735,Instagram,2,News,32.43627450722093,0,8.210809095389534,Low,11.022128964397414
13,Female,UK,3.6864688226389934,Instagram,4,Socializing,9.699053331688932,0,8.397525911830087,Medium,16.507030556583892
26,Female,Australia,2.706587923336177,Instagram,5,Entertainment,9.336209106868548,1,9.446895677088662,Medium,57.98942633072544
26,Female,USA,4.400658004774406,Instagram,5,Socializing,35.43706634761978,1,6.971272957433717,Medium,24.336421891311296
21,Female,USA,4.425478456411418,TikTok,3,Entertainment,24.672791914039877,1,4.687204890368707,Medium,49.076058233137005
21,Male,India,4.197692836904242,TikTok,5,Content Creation,25.97149155018312,1,4.920053379640198,Medium,99.3130879579841
26,Female,India,2.866279078524377,YouTube,5,Entertainment,21.20049750169732,1,8.044969260396478,Medium,38.75565945338232
23,Male,India,2.0398912931292323,TikTok,5,Entertainment,25.92733241230647,0,8.429197085977203,Low,63.25142732831012
25,Male,Brazil,3.195793510819713,TikTok,1,Socializing,39.48119516239692,1,8.02868488033586,Medium,68.5708448950418
14,Female,USA,1.1996823337362086,TikTok,1,Socializing,5.0,0,8.007307201389626,Low,19.69461408961514
15,Male,India,1.1456067523207554,Instagram,5,Socializing,32.0835475643014,1,8.510143390638662,Low,43.66350338576444
26,Male,USA,1.52898114181985,TikTok,2,Entertainment,37.24990720205115,0,8.424386210851457,Low,32.12017920331232
15,Female,Germany,3.4874910442602918,YouTube,3,Entertainment,19.819880691207608,1,7.601443564093457,Medium,0.0
26,Male,UK,4.115286122570588,Snapchat,1,Socializing,19.031250876181502,1,7.995684727977306,Medium,39.945705187784746
19,Male,India,3.049619946239074,Twitter,2,Entertainment,17.796721365441712,1,8.06531279738788,Medium,63.45050022061231
26,Male,USA,4.1662300454225285,Instagram,3,Entertainment,17.0200189345,0,6.758851910225309,Medium,37.88677647721281
23,Female,USA,4.001290973227628,YouTube,5,Socializing,25.797654866005317,1,5.834432871278121,Medium,32.14639896842766
21,Male,UK,2.1095788761376477,YouTube,5,Education,13.642710869192223,1,7.624706346854566,Low,58.83542375815249
27,Male,India,3.7706901583558734,TikTok,2,News,20.617485908110663,1,6.281247729782669,Medium,18.81931802378364
21,Male,UK,4.25275497542078,TikTok,4,News,30.61062067289444,1,5.748576270329451,Medium,83.60114198850702
22,Male,India,4.640055872231691,TikTok,5,News,25.56787350314673,1,6.317924253625129,Medium,30.625317202481263
26,Female,India,5.558926622796417,Snapchat,5,Socializing,34.55540964246643,0,4.278519731982413,High,2.41492371853991
21,Male,USA,0.5,YouTube,5,Socializing,32.56854605466547,1,9.248880652170191,Low,10.64332848940549
26,Male,India,2.447744066811021,Instagram,5,Entertainment,32.88013376597647,0,8.822268234655132,Low,21.073314234279263
23,Female,Canada,2.2233800345383576,Snapchat,4,Education,20.876760003615345,1,9.106719756435645,Low,79.72994991101709
24,Male,USA,2.9130765176525406,Snapchat,3,Entertainment,29.418775745679547,1,6.597630016033933,Medium,99.70615342351608
25,Male,Canada,5.542832620246985,Instagram,2,Education,23.900847294065287,1,4.0811254257687954,High,22.68173853011735
21,Male,India,4.843847855876048,Instagram,4,Education,26.91226096428664,0,5.7232694733646055,Medium,56.02687747104683
15,Female,USA,3.568155766543321,YouTube,3,Entertainment,18.17747757621698,1,6.254002592273624,Medium,28.386706112407037
26,Male,Canada,4.1416716197847245,YouTube,3,Education,32.01958721621508,1,5.864475562019919,Medium,40.34517443177044
15,Female,USA,3.784244027386449,YouTube,4,Entertainment,18.77298023324262,1,7.861984238712021,Medium,23.768154986686117
13,Female,Brazil,4.348026961982933,Twitter,4,Socializing,31.14137779310551,0,7.321125324580127,Medium,15.17505282965477
24,Male,India,2.085192307940205,Instagram,2,Entertainment,36.824397444844784,1,7.094760119208278,Low,54.10447837680998
16,Male,Germany,0.5,YouTube,3,Entertainment,24.34672126582093,1,8.171851229908839,Low,26.230902294224265
22,Male,Germany,2.739083478205768,Instagram,5,Entertainment,22.119289328795087,1,8.094972860756194,Medium,52.9730157687622
25,Female,India,4.60783983750796,Twitter,5,Entertainment,8.943256772128084,1,6.229816828691864,Medium,2.523850454493811
18,Male,USA,3.2781759627549776,Instagram,3,Entertainment,9.759445197237662,1,7.467651034542452,Medium,42.58872699952013
24,Female,Germany,2.677711921620209,Instagram,3,Entertainment,22.058604262014317,1,8.344412184435436,Medium,54.67785282293013
19,Female,India,4.096378081446649,TikTok,1,Socializing,24.01393332247632,1,6.794794532673652,Medium,33.57330577938562
14,Female,Brazil,2.273437579194269,TikTok,5,Education,37.16682468771799,0,8.045214283481924,Low,46.881644361188776
25,Female,India,4.668666105077604,TikTok,1,Entertainment,19.208131745364224,0,4.804317259282474,Medium,53.45626093405647
22,Female,Australia,3.9421333773813303,YouTube,5,Entertainment,8.795636456382592,0,7.1023664477984685,Medium,56.24770181006009
23,Male,Canada,3.5267527162389194,TikTok,2,Entertainment,38.6638110669964,1,7.368531864420757,Medium,50.72235386770015
16,Male,USA,3.618519921644298,YouTube,3,Entertainment,28.69473104265649,1,8.405093620682637,Medium,32.260331419161126
15,Male,India,0.548967154858012,Instagram,1,Entertainment,16.364664013408873,0,10.0,Low,86.79897791049821
21,Male,UK,4.603760595279796,TikTok,5,News,31.34440232565453,1,6.418601153505826,Medium,33.68108278468492
16,Female,India,2.337204957610313,Snapchat,4,Socializing,35.586223203959165,1,8.637466806875153,Low,8.92757708102235
14,Male,Germany,3.787112859641844,TikTok,1,News,14.913009915261757,1,7.956323742268697,Medium,21.18927698368957
25,Male,USA,0.5,Snapchat,4,Education,22.32666540812168,0,10.0,Low,19.03273388243213
17,Male,Canada,2.646186373450407,Instagram,2,Education,20.3057653384774,1,8.59231979401036,Medium,63.87469479310111
21,Female,India,4.961826448471813,TikTok,1,News,39.86947055520544,0,6.385577743384847,Medium,34.74481339720067
15,Female,USA,2.854430847625416,YouTube,2,Education,32.69161788100493,1,6.668657299446716,Medium,26.16550869115875
24,Male,India,4.78323582026531,YouTube,1,Socializing,15.946351490508183,0,6.003632155416621,Medium,29.524484277304964
25,Male,India,0.8216575863213786,YouTube,3,Entertainment,18.52603507291691,1,10.0,Low,45.87385962632464
25,Male,USA,5.502505735405044,TikTok,5,Socializing,22.32358001998849,0,4.580646357010848,High,14.584501403257336
27,Other,Canada,4.605196754034935,Instagram,2,Education,25.245248180920505,0,6.284064839636854,Medium,53.446994983440725
26,Female,Germany,1.823466295405696,Instagram,5,Entertainment,22.83800809963595,1,7.726134013510673,Low,29.62432571709648
27,Male,India,5.620492739208819,Instagram,5,Entertainment,19.75402595953339,1,7.692456519754579,High,17.386904650453012
14,Female,UK,3.11656929478446,TikTok,5,Entertainment,10.770422157460146,0,8.246031093122035,Medium,22.66918142048138
22,Female,USA,4.778747844404633,Instagram,5,Socializing,21.30259718377055,1,5.937066778089123,Medium,43.68744215152292
22,Female,Brazil,5.596382161256698,YouTube,5,Content Creation,27.36248945381492,1,6.173563842158054,High,23.33886527546596
